customerID,gender,PhoneService,InternetService,StreamingTV,Contract,PaperlessBilling,PaymentMethod,MonthlyCharges,TotalCharges,Churn
7590-VHVEG,Female,No,DSL,No,Month-to-month,Yes,Electronic check,29.85,29.85,No
5575-GNVDE,Male,Yes,DSL,No,One year,No,Mailed check,56.95,1889.5,No
3668-QPYBK,Male,Yes,DSL,No,Month-to-month,Yes,Mailed check,53.85,108.15,Yes
7795-CFOCW,Male,No,DSL,No,One year,No,Bank transfer (automatic),42.3,1840.75,No
9237-HQITU,Female,Yes,Fiber optic,No,Month-to-month,Yes,Electronic check,70.7,151.65,Yes
9305-CDSKC,Female,Yes,Fiber optic,Yes,Month-to-month,Yes,Electronic check,99.65,820.5,Yes
1452-KIOVK,Male,Yes,Fiber optic,Yes,Month-to-month,Yes,Credit card (automatic),89.1,1949.4,No
6713-OKOMC,Female,No,DSL,No,Month-to-month,No,Mailed check,29.75,301.9,No
7892-POOKP,Female,Yes,Fiber optic,,Month-to-month,Yes,Electronic check,,3046.05,Yes
6388-TABGU,Male,Yes,DSL,No,One year,No,Bank transfer (automatic),56.15,3487.95,No
9763-GRSKD,Male,Yes,DSL,No,Month-to-month,Yes,Mailed check,49.95,587.45,No
7469-LKBCI,Male,Yes,No,No internet service,Two year,No,Credit card (automatic),18.95,326.8,No
8091-TTVAX,Male,Yes,Fiber optic,Yes,One year,No,Credit card (automatic),100.35,5681.1,No
0280-XJGEX,Male,Yes,Fiber optic,Yes,Month-to-month,Yes,Bank transfer (automatic),103.7,5036.3,Yes
5129-JLPIS,Male,Yes,Fiber optic,,Month-to-month,Yes,Electronic check,,2686.05,No
3655-SNQYZ,Female,Yes,Fiber optic,,Two year,No,Credit card (automatic),,7895.15,No
8191-XWSZG,Female,Yes,No,No internet service,One year,No,Mailed check,20.65,1022.95,No
9959-WOFKT,,Yes,,,Two year,No,Bank transfer (automatic),,7382.25,No
4190-MFLUW,Female,Yes,DSL,No,Month-to-month,No,Credit card (automatic),55.2,528.35,Yes
4183-MYFRB,,Yes,,,Month-to-month,Yes,Electronic check,,1862.9,No
8779-QRDMV,Male,No,DSL,No,Month-to-month,Yes,Electronic check,39.65,39.65,Yes
1680-VDCWW,Male,Yes,No,No internet service,One year,No,Bank transfer (automatic),19.8,202.25,No
1066-JKSGK,Male,Yes,No,No internet service,Month-to-month,No,Mailed check,20.15,20.15,Yes
3638-WEABW,,Yes,,,Two year,Yes,Credit card (automatic),,3505.1,No
6322-HRPFA,Male,Yes,DSL,No,Month-to-month,No,Credit card (automatic),59.6,2970.3,No
6865-JZNKO,Female,Yes,DSL,No,Month-to-month,Yes,Bank transfer (automatic),55.3,1530.6,No
6467-CHFZW,Male,Yes,Fiber optic,,Month-to-month,Yes,Electronic check,,4749.15,Yes
8665-UTDHZ,Male,No,DSL,No,Month-to-month,No,Electronic check,30.2,30.2,Yes
5248-YGIJN,Male,Yes,DSL,Yes,Two year,Yes,Credit card (automatic),90.25,6369.45,No
8773-HHUOZ,Female,Yes,DSL,Yes,Month-to-month,Yes,Mailed check,64.7,1093.1,Yes
3841-NFECX,Female,Yes,Fiber optic,No,Two year,Yes,Credit card (automatic),96.35,6766.95,No
4929-XIHVW,,Yes,,,Month-to-month,Yes,Credit card (automatic),,181.65,No
6827-IEAUQ,Female,Yes,DSL,No,One year,No,Mailed check,66.15,1874.45,No
7310-EGVHZ,Male,Yes,No,,Month-to-month,No,Bank transfer (automatic),,20.2,No
3413-BMNZE,Male,Yes,DSL,No,Month-to-month,No,Bank transfer (automatic),45.25,45.25,No
6234-RAAPL,Female,Yes,Fiber optic,Yes,Two year,No,Bank transfer (automatic),99.9,7251.7,No
6047-YHPVI,Male,Yes,Fiber optic,No,Month-to-month,Yes,Electronic check,69.7,316.9,Yes
6572-ADKRS,,Yes,,,Month-to-month,Yes,Credit card (automatic),,3548.3,No
5380-WJKOV,Male,Yes,Fiber optic,Yes,Month-to-month,Yes,Electronic check,106.35,3549.25,Yes
8168-UQWWF,Female,Yes,Fiber optic,Yes,Month-to-month,Yes,Bank transfer (automatic),97.85,1105.4,Yes
8865-TNMNX,Male,Yes,DSL,No,One year,No,Mailed check,49.55,475.7,No
9489-DEDVP,Female,Yes,,,Two year,Yes,Credit card (automatic),,4872.35,No
9867-JCZSP,Female,Yes,No,No internet service,One year,No,Mailed check,20.75,418.25,No
4671-VJLCL,Female,Yes,DSL,Yes,Two year,Yes,Credit card (automatic),79.85,4861.45,No
4080-IIARD,Female,Yes,DSL,,Month-to-month,Yes,Electronic check,,981.45,No
3714-NTNFO,Female,Yes,Fiber optic,,Month-to-month,Yes,Electronic check,,3906.7,No
5948-UJZLF,Male,Yes,DSL,No,Month-to-month,No,Mailed check,49.25,97,No
7760-OYPDY,Female,Yes,Fiber optic,Yes,Month-to-month,Yes,Electronic check,80.65,144.15,Yes
7639-LIAYI,Male,Yes,DSL,Yes,Two year,Yes,Credit card (automatic),79.75,4217.8,No
2954-PIBKO,Female,Yes,DSL,No,Two year,Yes,Credit card (automatic),64.15,4254.1,No
8012-SOUDQ,,Yes,,,Month-to-month,Yes,Electronic check,,3838.75,No
9420-LOJKX,Female,Yes,Fiber optic,,Month-to-month,Yes,Credit card (automatic),,1426.4,Yes
6575-SUVOI,Female,Yes,DSL,Yes,Month-to-month,Yes,Credit card (automatic),69.5,1752.65,No
7495-OOKFY,Female,Yes,Fiber optic,No,Month-to-month,Yes,Credit card (automatic),80.65,633.3,Yes
4667-QONEA,Female,Yes,DSL,No,One year,Yes,Credit card (automatic),74.85,4456.35,No
1658-BYGOY,Male,Yes,Fiber optic,Yes,Month-to-month,Yes,Electronic check,95.45,1752.55,Yes
8769-KKTPH,Female,Yes,Fiber optic,Yes,One year,Yes,Credit card (automatic),99.65,6311.2,No
5067-XJQFU,Male,Yes,Fiber optic,Yes,One year,Yes,Electronic check,108.45,7076.35,No
3957-SQXML,Female,Yes,No,No internet service,Two year,No,Credit card (automatic),24.95,894.3,No
5954-BDFSG,Female,Yes,Fiber optic,,Two year,Yes,Credit card (automatic),,7853.7,No
0434-CSFON,Female,Yes,Fiber optic,Yes,Month-to-month,Yes,Electronic check,100.5,4707.1,No
1215-FIGMP,,Yes,,,Month-to-month,Yes,Bank transfer (automatic),,5450.7,No
0526-SXDJP,Male,No,DSL,No,Two year,No,Bank transfer (automatic),42.1,2962,No
0557-ASKVU,Female,Yes,DSL,,One year,Yes,Credit card (automatic),,957.1,No
5698-BQJOH,Female,Yes,Fiber optic,Yes,Month-to-month,No,Electronic check,94.4,857.25,Yes
5122-CYFXA,Female,Yes,,,Month-to-month,Yes,Electronic check,,244.1,No
8627-ZYGSZ,Male,Yes,Fiber optic,No,One year,Yes,Electronic check,78.9,3650.35,No
3410-YOQBQ,Female,Yes,DSL,Yes,Two year,No,Mailed check,79.2,2497.2,No
3170-NMYVV,Female,Yes,No,No internet service,Two year,No,Bank transfer (automatic),20.15,930.9,No
7410-OIEDU,Male,Yes,Fiber optic,No,Month-to-month,Yes,Mailed check,79.85,887.35,No
2273-QCKXA,Male,Yes,DSL,No,Month-to-month,No,Mailed check,49.05,49.05,No
0731-EBJQB,Female,Yes,No,No internet service,One year,Yes,Electronic check,20.4,1090.65,No
1891-QRQSA,Male,Yes,Fiber optic,Yes,Two year,Yes,Bank transfer (automatic),111.6,7099,No
8028-PNXHQ,,Yes,,,Two year,Yes,Bank transfer (automatic),,1424.6,No
5630-AHZIL,Female,Yes,DSL,No,Month-to-month,Yes,Bank transfer (automatic),64.5,177.4,No
2673-CXQEU,Female,Yes,Fiber optic,Yes,One year,No,Electronic check,110.5,6139.5,No
6416-JNVRK,Female,Yes,DSL,No,One year,No,Credit card (automatic),55.65,2688.85,No
5590-ZSKRV,Female,Yes,DSL,No,Month-to-month,No,Mailed check,54.65,482.25,No
0191-ZHSKZ,Male,Yes,DSL,Yes,Month-to-month,Yes,Electronic check,74.75,2111.3,No
3887-PBQAO,,Yes,,,One year,Yes,Credit card (automatic),,1216.6,No
5919-TMRGD,,Yes,,,Month-to-month,Yes,Electronic check,,79.35,Yes
8108-UXRQN,Female,No,DSL,Yes,Month-to-month,No,Electronic check,50.55,565.35,No
9191-MYQKX,Female,Yes,Fiber optic,No,Month-to-month,Yes,Bank transfer (automatic),75.15,496.9,Yes
9919-YLNNG,Female,Yes,Fiber optic,Yes,Month-to-month,Yes,Bank transfer (automatic),103.8,4327.5,No
0318-ZOPWS,Female,Yes,,,Two year,Yes,Bank transfer (automatic),,973.35,No
4445-ZJNMU,Male,Yes,Fiber optic,Yes,Month-to-month,Yes,Credit card (automatic),99.3,918.75,No
4808-YNLEU,Female,Yes,DSL,Yes,One year,Yes,Bank transfer (automatic),62.15,2215.45,No
1862-QRWPE,Female,Yes,,,Two year,No,Bank transfer (automatic),,1057,No
2796-NNUFI,,Yes,,,Two year,Yes,Mailed check,,927.1,No
3016-KSVCP,Male,No,DSL,Yes,Month-to-month,No,Mailed check,33.75,1009.25,No
4767-HZZHQ,Male,Yes,Fiber optic,No,Month-to-month,No,Bank transfer (automatic),82.05,2570.2,No
2424-WVHPL,Male,Yes,,,Month-to-month,No,Electronic check,,74.7,No
7233-PAHHL,Male,Yes,DSL,Yes,Two year,Yes,Mailed check,84,5714.25,No
6067-NGCEU,,Yes,,,Month-to-month,Yes,Credit card (automatic),,7107,No
9848-JQJTX,Male,Yes,Fiber optic,Yes,Two year,Yes,Bank transfer (automatic),100.9,7459.05,No
8637-XJIVR,,Yes,,,Month-to-month,Yes,Electronic check,,927.35,Yes
9803-FTJCG,,Yes,,,One year,Yes,Credit card (automatic),,4748.7,No
0278-YXOOG,Male,Yes,No,No internet service,Month-to-month,No,Mailed check,21.05,113.85,Yes
3212-KXOCR,Male,Yes,No,No internet service,Two year,No,Bank transfer (automatic),21,1107.2,No
4598-XLKNJ,Female,Yes,Fiber optic,Yes,Month-to-month,Yes,Electronic check,98.5,2514.5,Yes
6380-ARCEH,Male,Yes,,,Month-to-month,No,Mailed check,,20.2,No
3679-XASPY,,Yes,,,Month-to-month,No,Electronic check,,19.45,No
7123-WQUHX,Male,Yes,Fiber optic,Yes,One year,No,Bank transfer (automatic),95,3605.6,No
5386-THSLQ,Female,No,DSL,Yes,One year,No,Bank transfer (automatic),45.55,3027.25,No
3192-NQECA,Male,Yes,Fiber optic,Yes,Two year,Yes,Bank transfer (automatic),110,7611.85,Yes
6180-YBIQI,Male,No,DSL,No,Month-to-month,No,Mailed check,24.3,100.2,No
6728-DKUCO,Female,Yes,Fiber optic,Yes,One year,Yes,Electronic check,104.15,7303.05,No
9750-BOOHV,Female,No,DSL,No,One year,No,Mailed check,30.15,927.65,No
8597-CWYHH,Male,Yes,Fiber optic,Yes,One year,No,Mailed check,94.35,3921.3,No
2848-YXSMW,Male,Yes,No,No internet service,Two year,No,Credit card (automatic),19.4,1363.25,No
0486-HECZI,Male,Yes,Fiber optic,Yes,Month-to-month,Yes,Electronic check,96.75,5238.9,Yes
4549-ZDQYY,Female,Yes,DSL,No,One year,No,Credit card (automatic),57.95,3042.25,No
5712-AHQNN,Female,Yes,Fiber optic,Yes,Month-to-month,Yes,Electronic check,91.65,3954.1,No
4846-WHAFZ,Female,Yes,Fiber optic,No,Month-to-month,Yes,Electronic check,76.5,2868.15,Yes
5256-SKJGO,Female,No,DSL,Yes,Two year,Yes,Electronic check,54.6,3423.5,No
3071-VBYPO,Male,Yes,Fiber optic,Yes,Month-to-month,No,Electronic check,89.85,248.4,No
9560-BBZXK,Female,No,DSL,No,Two year,No,Bank transfer (automatic),31.05,1126.35,No
5299-RULOA,Female,Yes,Fiber optic,Yes,Month-to-month,Yes,Electronic check,100.25,1064.65,Yes
8402-OOOHJ,Female,Yes,No,No internet service,Two year,No,Mailed check,20.65,835.15,No
9445-ZUEQE,Male,Yes,Fiber optic,No,Month-to-month,Yes,Credit card (automatic),85.2,2151.6,No
1091-SOZGA,Female,Yes,Fiber optic,Yes,One year,Yes,Credit card (automatic),99.8,5515.45,No
2928-HLDBA,Female,Yes,No,No internet service,Month-to-month,No,Mailed check,20.7,112.75,No
0404-SWRVG,Male,Yes,Fiber optic,,Month-to-month,Yes,Electronic check,,229.55,Yes
6497-TILVL,Female,Yes,DSL,No,Month-to-month,No,Mailed check,50.7,350.35,No
7219-TLZHO,Female,Yes,No,No internet service,Month-to-month,No,Mailed check,20.85,62.9,No
4622-YNKIJ,Male,Yes,Fiber optic,Yes,Two year,Yes,Electronic check,88.95,3027.65,No
4412-YLTKF,Female,Yes,Fiber optic,No,Month-to-month,Yes,Electronic check,78.05,2135.5,Yes
6734-PSBAW,Male,Yes,No,No internet service,Two year,Yes,Bank transfer (automatic),23.55,1723.95,No
3930-ZGWVE,Male,Yes,No,No internet service,Month-to-month,No,Mailed check,19.75,19.75,No
2639-UGMAZ,Male,No,DSL,Yes,One year,Yes,Electronic check,56.45,3985.35,No
2876-GZYZC,Female,Yes,Fiber optic,No,Month-to-month,Yes,Electronic check,85.95,1215.65,No
6207-WIOLX,Female,No,DSL,Yes,Month-to-month,Yes,Credit card (automatic),58.6,1502.65,Yes
8587-XYZSF,,Yes,,,Two year,No,Bank transfer (automatic),,3260.1,No
3091-FYHKI,Male,No,DSL,No,Month-to-month,Yes,Electronic check,35.45,35.45,Yes
2372-HWUHI,Male,Yes,DSL,No,Month-to-month,No,Electronic check,44.35,81.25,Yes
7799-LGRDP,Female,Yes,No,No internet service,Two year,Yes,Credit card (automatic),25.7,1188.2,No
7850-VWJUU,Female,Yes,Fiber optic,No,Month-to-month,Yes,Bank transfer (automatic),75,1778.5,No
3774-VBNXY,Female,Yes,No,No internet service,Two year,No,Mailed check,20.2,1277.75,No
6217-KDYWC,Male,Yes,No,No internet service,Two year,Yes,Mailed check,19.6,1170.55,No
0390-DCFDQ,Female,Yes,Fiber optic,No,Month-to-month,Yes,Mailed check,70.45,70.45,Yes
3146-MSEGF,Female,Yes,DSL,Yes,Two year,Yes,Credit card (automatic),88.05,6425.65,No
4080-OGPJL,Female,Yes,DSL,No,Month-to-month,No,Electronic check,71.15,563.65,Yes
1095-WGNGG,Female,Yes,Fiber optic,Yes,Two year,Yes,Bank transfer (automatic),101.05,5971.25,No
2636-SJDOU,Male,Yes,Fiber optic,No,One year,Yes,Credit card (automatic),84.3,5289.05,No
1131-QQZEB,Male,Yes,No,No internet service,Two year,No,Bank transfer (automatic),23.95,1756.2,No
5716-EZXZN,Female,Yes,Fiber optic,Yes,Two year,Yes,Credit card (automatic),99.05,6416.7,No
6837-BJYDQ,Male,Yes,No,No internet service,One year,No,Mailed check,19.6,61.35,No
2135-RXIHG,Male,Yes,DSL,No,Month-to-month,Yes,Electronic check,45.65,45.65,Yes
6440-DKQGE,Male,Yes,DSL,Yes,One year,No,Credit card (automatic),64.5,1929.95,No
3466-BYAVD,Male,Yes,DSL,No,Month-to-month,Yes,Mailed check,69.5,1071.4,No
3780-YVMFA,Female,Yes,DSL,Yes,Month-to-month,Yes,Electronic check,68.55,564.35,No
3874-EQOEP,Male,Yes,Fiber optic,Yes,Month-to-month,No,Mailed check,95,655.5,Yes
1679-JRFBR,Female,Yes,Fiber optic,Yes,One year,Yes,Credit card (automatic),108.15,7930.55,No
9073-ZZIAY,Male,Yes,DSL,Yes,Two year,No,Electronic check,86.1,5215.25,No
3077-RSNTJ,Female,Yes,No,No internet service,Month-to-month,No,Mailed check,19.7,113.5,No
6551-GNYDG,Female,Yes,Fiber optic,No,Month-to-month,Yes,Bank transfer (automatic),80.9,1152.8,No
9167-APMXZ,,Yes,,,Month-to-month,Yes,Bank transfer (automatic),,1821.95,No
2749-CTKAJ,Male,Yes,,,One year,No,Mailed check,,419.9,No
6371-NZYEG,Male,Yes,DSL,Yes,Two year,No,Mailed check,64.25,1024,No
7554-NEWDD,Male,Yes,No,No internet service,Two year,No,Bank transfer (automatic),25.7,251.6,No
8992-VONJD,Female,Yes,DSL,No,Month-to-month,Yes,Electronic check,56,764.55,No
0867-MKZVY,Female,Yes,Fiber optic,No,Month-to-month,No,Electronic check,82.4,1592.35,Yes
4482-EWFMI,Female,Yes,Fiber optic,No,Month-to-month,Yes,Electronic check,69.7,135.2,No
4648-YPBTM,Male,Yes,DSL,No,Two year,Yes,Bank transfer (automatic),73.9,3958.25,No
2907-ILJBN,Female,Yes,No,No internet service,One year,No,Mailed check,20.6,233.9,No
6345-FZOQH,Male,Yes,No,No internet service,Two year,No,Mailed check,19.9,1363.45,No
3376-BMGFE,Female,Yes,Fiber optic,No,Month-to-month,Yes,Bank transfer (automatic),70.9,273,Yes
5997-OPVFA,Male,Yes,,,Two year,Yes,Bank transfer (automatic),,6254.45,No
3445-HXXGF,,No,,,Month-to-month,Yes,Electronic check,,2651.2,Yes
1159-WFSGR,,Yes,,,Month-to-month,No,Electronic check,,321.4,No
7654-YWJUF,Male,Yes,Fiber optic,No,One year,Yes,Bank transfer (automatic),84.25,3539.25,No
1875-QIVME,Female,Yes,Fiber optic,Yes,Month-to-month,Yes,Electronic check,104.4,242.8,Yes
6727-IOTLZ,Male,Yes,DSL,Yes,Two year,No,Mailed check,81.95,1181.75,No
0691-JVSYA,Female,Yes,Fiber optic,Yes,One year,Yes,Bank transfer (automatic),94.85,5000.2,Yes
5918-VUKWP,Female,Yes,No,No internet service,One year,No,Bank transfer (automatic),20.55,654.55,No
1744-JHKYS,Female,Yes,No,No internet service,Month-to-month,No,Electronic check,24.7,780.2,No
2656-FMOKZ,Female,Yes,Fiber optic,No,Month-to-month,Yes,Mailed check,74.45,1145.7,Yes
2070-FNEXE,,Yes,,,Month-to-month,No,Bank transfer (automatic),,503.6,Yes
5947-SGKCL,Female,Yes,Fiber optic,Yes,Month-to-month,Yes,Bank transfer (automatic),105.35,1559.25,No
3712-PKXZA,,Yes,,,One year,Yes,Credit card (automatic),,1252,No
6317-YPKDH,Female,No,DSL,No,Month-to-month,No,Bank transfer (automatic),29.95,29.95,Yes
6582-OIVSP,Female,Yes,DSL,,Month-to-month,No,Mailed check,,45.3,No
9367-WXLCH,Male,Yes,Fiber optic,No,Month-to-month,No,Bank transfer (automatic),84.5,662.65,Yes
5524-KHNJP,Male,Yes,DSL,Yes,One year,No,Credit card (automatic),74.75,2453.3,No
1918-ZBFQJ,Female,Yes,Fiber optic,,Month-to-month,Yes,Electronic check,,1111.65,Yes
1024-GUALD,,No,,,Month-to-month,Yes,Electronic check,,24.8,Yes
4827-USJHP,Male,Yes,DSL,No,Month-to-month,Yes,Mailed check,51.8,1023.85,No
8167-GJLRN,Male,No,DSL,No,Month-to-month,No,Electronic check,30.4,82.15,No
0956-SYCWG,Female,Yes,No,,One year,No,Electronic check,,244.8,No
8017-UVSZU,Female,Yes,DSL,No,Month-to-month,No,Credit card (automatic),56.6,2379.1,No
7100-FQPRV,Male,Yes,DSL,No,One year,Yes,Credit card (automatic),71.9,3173.35,No
2472-OVKUP,Male,Yes,Fiber optic,No,Month-to-month,Yes,Electronic check,91,531,Yes
2984-RGEYA,Female,Yes,No,No internet service,Two year,No,Bank transfer (automatic),19.75,1375.4,No
9680-NIAUV,Female,Yes,Fiber optic,Yes,Two year,No,Credit card (automatic),109.7,8129.3,No
2146-EGVDT,Male,Yes,No,No internet service,Two year,No,Credit card (automatic),19.3,1192.7,No
2604-IJPDU,Female,Yes,Fiber optic,Yes,Month-to-month,Yes,Electronic check,96.55,1901.65,No
9178-JHUVJ,Male,Yes,No,,Two year,Yes,Bank transfer (automatic),,587.4,No
6168-YBYNP,Male,Yes,Fiber optic,Yes,Month-to-month,Yes,Electronic check,111.35,6519.75,No
7255-SSFBC,,Yes,,,Two year,Yes,Bank transfer (automatic),,8041.65,No
3645-DEYGF,,Yes,,,Month-to-month,No,Mailed check,,20.75,No
9323-HGFWY,Female,Yes,Fiber optic,Yes,One year,Yes,Credit card (automatic),101.9,2681.15,No
8544-GOQSH,Female,Yes,Fiber optic,No,Month-to-month,Yes,Credit card (automatic),80.05,1112.3,No
3363-DTIVD,Male,Yes,Fiber optic,Yes,Two year,No,Electronic check,105.55,7405.5,No
7018-WBJNK,Male,Yes,Fiber optic,Yes,Month-to-month,Yes,Credit card (automatic),78.3,1033.95,No
9142-KZXOP,Male,Yes,Fiber optic,No,Month-to-month,No,Credit card (automatic),68.85,2958.95,No
7674-YTAFD,Female,Yes,Fiber optic,No,One year,Yes,Bank transfer (automatic),79.95,2684.85,No
6348-SNFUS,Male,No,DSL,No,Two year,Yes,Credit card (automatic),55.45,4179.2,No
1285-OKIPP,Male,Yes,Fiber optic,No,Month-to-month,No,Electronic check,79.9,79.9,Yes
7825-ECJRF,Female,Yes,,,Month-to-month,Yes,Electronic check,,1934.45,Yes
1347-KTTTA,Male,Yes,Fiber optic,Yes,One year,Yes,Credit card (automatic),102.45,6654.1,No
7841-TZDMQ,Male,Yes,DSL,,Month-to-month,Yes,Credit card (automatic),,84.5,Yes
4195-NZGTA,Female,No,DSL,No,Month-to-month,No,Electronic check,25.25,25.25,No
7157-SMCFK,Male,Yes,No,No internet service,Two year,No,Mailed check,19.75,1124.2,No
4709-LKHYG,Female,Yes,No,No internet service,One year,No,Electronic check,20,540.05,No
2504-DSHIH,Male,Yes,Fiber optic,No,Month-to-month,No,Electronic check,86.8,1975.85,No
0699-NDKJM,Female,No,DSL,Yes,Month-to-month,Yes,Bank transfer (automatic),58.75,3437.45,No
9286-BHDQG,Male,No,DSL,,Two year,No,Credit card (automatic),,3139.8,No
0230-WEQUW,,No,,,Two year,Yes,Bank transfer (automatic),,3789.2,No
2040-LDIWQ,Male,Yes,DSL,Yes,Two year,Yes,Bank transfer (automatic),84.2,5324.5,No
6496-JDSSB,Female,Yes,Fiber optic,Yes,Month-to-month,Yes,Bank transfer (automatic),80,624.6,No
9408-SSNVZ,Female,Yes,Fiber optic,No,Month-to-month,Yes,Electronic check,70.15,268.35,Yes
4443-EMBNA,Female,Yes,No,,Two year,No,Bank transfer (automatic),,1836.9,No
6469-MRVET,Male,Yes,No,No internet service,One year,Yes,Electronic check,20.2,20.2,No
0742-MOABM,Male,Yes,DSL,No,Month-to-month,No,Mailed check,50.05,179.35,Yes
5961-VUSRV,Female,Yes,No,No internet service,One year,Yes,Bank transfer (automatic),19.35,219.35,No
6778-JFCMK,Male,No,DSL,Yes,One year,Yes,Mailed check,50.6,1288.75,No
6341-JVQGF,Female,Yes,DSL,Yes,One year,Yes,Mailed check,81.15,2545.75,No
2232-DMLXU,Female,Yes,DSL,,Month-to-month,No,Mailed check,,55.2,Yes
4811-JBUVU,,Yes,,,Month-to-month,Yes,Credit card (automatic),,2723.15,No
0945-TSONX,Female,Yes,DSL,Yes,Two year,Yes,Credit card (automatic),85.3,4107.25,No
2651-ZCBXV,,Yes,,,Two year,Yes,Credit card (automatic),,5760.65,No
3316-UWXUY,Male,Yes,,,Month-to-month,Yes,Credit card (automatic),,4747.5,No
8937-RDTHP,Male,Yes,Fiber optic,No,Month-to-month,Yes,Mailed check,84.6,84.6,Yes
7083-MIOPC,,Yes,,,Two year,No,Credit card (automatic),,1566.9,No
1984-GPTEH,Female,Yes,No,No internet service,Month-to-month,No,Electronic check,25.15,702,No
1251-KRREG,Male,Yes,DSL,No,Month-to-month,Yes,Mailed check,54.4,114.1,Yes
0621-JFHOL,Female,No,DSL,No,Two year,Yes,Mailed check,29.6,299.05,No
9903-LYSAB,Male,Yes,Fiber optic,No,Month-to-month,Yes,Electronic check,73.15,1305.95,No
0094-OIFMO,Female,Yes,Fiber optic,Yes,Month-to-month,Yes,Electronic check,95,1120.3,Yes
9227-UAQFT,,Yes,,,Two year,No,Mailed check,,284.35,No
7301-ABVAD,Female,Yes,DSL,Yes,Two year,No,Bank transfer (automatic),86.6,6350.5,No
6614-FHDBO,Male,Yes,Fiber optic,Yes,Two year,No,Bank transfer (automatic),109.2,7878.3,No
7576-ASEJU,Female,Yes,DSL,Yes,One year,Yes,Credit card (automatic),74.7,3187.65,No
9058-HRZSV,Female,Yes,Fiber optic,No,Month-to-month,No,Electronic check,94.4,6126.15,No
4522-AKYLR,Female,Yes,DSL,No,Month-to-month,Yes,Electronic check,54.8,731.3,No
0221-WMXNQ,,Yes,,,Month-to-month,No,Electronic check,,273.4,No
0303-UNCIP,Male,Yes,DSL,No,One year,No,Mailed check,65,2531.8,No
9947-OTFQU,,Yes,,,Month-to-month,Yes,Electronic check,,1074.3,Yes
0322-YINQP,Male,Yes,,,Month-to-month,Yes,Mailed check,,48.55,Yes
0959-WHOKV,Male,Yes,Fiber optic,No,One year,Yes,Electronic check,99,4298.45,No
4075-JFPGR,Female,Yes,Fiber optic,Yes,One year,Yes,Electronic check,93.5,4619.55,No
4629-NRXKX,Female,Yes,Fiber optic,No,Month-to-month,No,Electronic check,70.4,147.15,Yes
9514-JDSKI,Male,No,DSL,,Month-to-month,No,Electronic check,,40.2,Yes
3282-ZISZV,Male,Yes,DSL,Yes,One year,No,Credit card (automatic),83.7,2633.3,No
3675-YDUPJ,Male,Yes,No,,Month-to-month,Yes,Mailed check,,193.05,No
4111-BNXIF,Female,No,DSL,Yes,Two year,Yes,Electronic check,59.55,4103.9,No
7017-VFHAY,Female,Yes,Fiber optic,Yes,Two year,No,Credit card (automatic),115.1,7008.15,No
6655-LHBYW,Male,Yes,Fiber optic,Yes,One year,No,Credit card (automatic),114.35,5791.1,No
4959-JOSRX,Female,Yes,DSL,No,Month-to-month,Yes,Credit card (automatic),44.6,80.55,Yes
5046-NUHWD,Female,No,DSL,,Month-to-month,Yes,Electronic check,,1228.65,No
7273-TEFQD,Male,No,DSL,No,Month-to-month,Yes,Electronic check,41.15,132.2,Yes
3606-TWKGI,Male,Yes,Fiber optic,Yes,Month-to-month,Yes,Electronic check,106.9,1364.3,Yes
7529-ZDFXI,Male,Yes,Fiber optic,No,Month-to-month,Yes,Electronic check,89.85,4925.35,No
7605-BDWDC,,No,,,Two year,Yes,Bank transfer (automatic),,1520.1,No
1950-KSVVJ,Female,Yes,Fiber optic,Yes,One year,No,Mailed check,113.3,5032.25,No
0123-CRBRT,Female,Yes,DSL,,Two year,No,Mailed check,,5526.75,No
6292-TOSSS,Male,Yes,No,No internet service,Two year,No,Bank transfer (automatic),24.9,1195.25,No
3197-ARFOY,Female,Yes,Fiber optic,Yes,Month-to-month,Yes,Mailed check,105,2007.25,No
6323-AYBRX,Male,Yes,No,No internet service,Two year,No,Mailed check,19.35,1099.6,Yes
7014-ZZXAW,Female,Yes,No,No internet service,Two year,Yes,Credit card (automatic),24.25,1732.95,No
4385-GZQXV,Female,Yes,Fiber optic,Yes,Month-to-month,Yes,Electronic check,94.45,1511.2,Yes
7633-MVPUY,Male,Yes,DSL,No,Two year,Yes,Electronic check,59.75,3450.15,No
6366-ZGQGL,Male,No,DSL,No,Month-to-month,No,Bank transfer (automatic),24.8,24.8,Yes
4716-HHKQH,Male,Yes,Fiber optic,Yes,Month-to-month,No,Electronic check,107.05,2172.05,No
5940-AHUHD,Male,Yes,Fiber optic,No,Month-to-month,No,Mailed check,70.6,70.6,Yes
6432-TWQLB,Male,Yes,Fiber optic,No,Month-to-month,Yes,Electronic check,85.4,401.1,Yes
4484-GLZOU,Female,Yes,Fiber optic,Yes,Month-to-month,Yes,Electronic check,105.05,5624.85,Yes
3179-GBRWV,Male,Yes,DSL,No,Month-to-month,Yes,Bank transfer (automatic),64.95,1339.8,No
8645-KWHJO,Male,No,DSL,Yes,Month-to-month,Yes,Electronic check,55,771.95,No
4130-MZLCC,Female,Yes,DSL,,Month-to-month,No,Bank transfer (automatic),,244.75,No
0314-TKOSI,Female,Yes,DSL,No,Month-to-month,No,Mailed check,55.15,322.9,No
8229-MYEJZ,Female,Yes,DSL,No,Month-to-month,No,Electronic check,51.2,498.25,No
2080-SRCDE,Female,Yes,No,No internet service,Month-to-month,No,Mailed check,25.4,25.4,No
9577-WJVCQ,Female,Yes,DSL,No,Month-to-month,No,Mailed check,54.45,3687.75,No
9512-UIBFX,Male,Yes,Fiber optic,Yes,Month-to-month,No,Mailed check,95.15,1779.95,Yes
6202-DYYFX,Female,Yes,Fiber optic,No,One year,Yes,Credit card (automatic),76,1783.6,No
3808-HFKDE,Female,Yes,,,Month-to-month,Yes,Electronic check,,927.15,No
5583-SXDAG,Male,Yes,Fiber optic,No,Month-to-month,No,Electronic check,70,70,Yes
3488-PGMQJ,Male,Yes,Fiber optic,No,Month-to-month,Yes,Electronic check,74.5,606.55,Yes
3580-REOAC,Male,Yes,DSL,No,Month-to-month,Yes,Credit card (automatic),44.85,435.4,Yes
7534-BFESC,Male,Yes,Fiber optic,,Month-to-month,Yes,Electronic check,,1712.7,Yes
3727-OWVYD,Male,Yes,DSL,,One year,No,Mailed check,,2021.2,No
2294-SALNE,Male,Yes,Fiber optic,No,One year,No,Mailed check,86.8,1940.8,No
4847-TAJYI,Female,Yes,Fiber optic,Yes,Month-to-month,Yes,Electronic check,89.35,567.8,No
1563-IWQEX,Female,Yes,No,No internet service,Month-to-month,No,Mailed check,19.7,220.35,No
8203-XJZRC,Male,Yes,No,No internet service,Month-to-month,No,Mailed check,20.25,20.25,No
6556-DBKZF,Female,Yes,,,Two year,No,Electronic check,,5436.45,No
6851-WEFYX,Male,Yes,Fiber optic,Yes,Month-to-month,Yes,Electronic check,100.8,3437.5,No
2985-JUUBZ,Male,Yes,DSL,Yes,Month-to-month,Yes,Electronic check,74.55,3015.75,No
6390-DSAZX,Female,Yes,Fiber optic,No,Month-to-month,Yes,Mailed check,73.6,73.6,Yes
0895-LMRSF,Male,Yes,DSL,Yes,One year,Yes,Bank transfer (automatic),64.9,1509.8,No
8098-LLAZX,Female,Yes,Fiber optic,Yes,Month-to-month,Yes,Electronic check,95.45,396.1,Yes
8266-VBFQL,Male,Yes,Fiber optic,No,Month-to-month,Yes,Electronic check,90.4,356.65,No
8181-YHCMF,Female,No,DSL,Yes,Two year,No,Credit card (automatic),60.3,4109,No
2240-HSJQD,Male,Yes,Fiber optic,No,Month-to-month,Yes,Mailed check,81.85,3141.7,No
1248-DYXUB,Male,Yes,No,No internet service,Two year,No,Mailed check,24.8,1229.1,No
0265-EDXBD,Male,Yes,Fiber optic,No,Month-to-month,Yes,Electronic check,74.9,2303.35,Yes
4115-BNPJY,Male,Yes,DSL,Yes,Two year,No,Mailed check,75.55,2054.4,No
3167-SNQPL,Male,Yes,,,Month-to-month,No,Electronic check,,3741.85,No
4091-TVOCN,Male,Yes,DSL,Yes,One year,Yes,Credit card (automatic),78.75,3682.45,No
1098-TDVUQ,Female,Yes,No,No internet service,Month-to-month,Yes,Bank transfer (automatic),19.25,19.25,No
7277-OZCGZ,Female,Yes,Fiber optic,No,Month-to-month,Yes,Electronic check,89.05,1886.25,No
1557-EMYVT,Female,Yes,Fiber optic,Yes,Two year,No,Credit card (automatic),115.05,4895.1,No
2799-ARNLO,Female,Yes,Fiber optic,No,Month-to-month,Yes,Electronic check,69.35,341.6,No
7563-BIUPC,Male,Yes,Fiber optic,Yes,Month-to-month,Yes,Electronic check,80.6,415.55,Yes
5027-YOCXN,Male,Yes,Fiber optic,,One year,No,Credit card (automatic),,5686.4,No
3973-SKMLN,Male,Yes,No,No internet service,Two year,Yes,Credit card (automatic),19.9,1355.1,No
2321-OMBXY,Female,Yes,DSL,Yes,One year,No,Credit card (automatic),80.3,3058.65,Yes
2840-XANRC,Male,Yes,,,Month-to-month,Yes,Electronic check,,2231.05,Yes
6745-JEFZB,,Yes,,,Month-to-month,Yes,Credit card (automatic),,3236.35,No
5020-ZSTTY,Female,Yes,DSL,Yes,One year,No,Bank transfer (automatic),82.45,4350.1,Yes
9880-TDQAC,,No,,,Two year,Yes,Electronic check,,4264,No
8705-WZCYL,Male,Yes,,,Month-to-month,Yes,Electronic check,,44.8,No
7102-JJVTX,,Yes,,,One year,No,Mailed check,,422.3,No
8626-PTQGE,,No,,,Two year,Yes,Bank transfer (automatic),,4176.7,No
4983-CLMLV,Female,Yes,Fiber optic,,Month-to-month,Yes,Credit card (automatic),,5138.1,No
5701-YVSVF,Female,Yes,Fiber optic,Yes,Month-to-month,Yes,Electronic check,82.9,880.05,No
5804-LEPIM,Female,Yes,Fiber optic,No,Month-to-month,Yes,Electronic check,70.35,139.05,Yes
5697-GOMBF,Female,No,DSL,Yes,Month-to-month,Yes,Electronic check,35.9,973.65,No
2739-CACDQ,Female,Yes,Fiber optic,No,Month-to-month,Yes,Credit card (automatic),82.65,1470.05,No
9385-EHGDO,Female,Yes,No,No internet service,Two year,Yes,Mailed check,19.85,739.35,No
9498-FIMXL,Female,Yes,No,No internet service,One year,Yes,Mailed check,19.2,161.95,No
2379-GYFLQ,,Yes,,,One year,Yes,Credit card (automatic),,4422.95,No
0122-OAHPZ,Female,Yes,Fiber optic,,Month-to-month,Yes,Electronic check,,511.25,Yes
2868-SNELZ,,Yes,,,Month-to-month,No,Mailed check,,155.8,Yes
4322-RCYMT,Male,Yes,DSL,No,One year,Yes,Bank transfer (automatic),75.8,5293.95,Yes
6680-NENYN,Female,Yes,Fiber optic,Yes,Two year,Yes,Electronic check,104.6,4759.85,Yes
2088-IEBAU,Female,Yes,DSL,Yes,Two year,Yes,Electronic check,88.15,6148.45,No
7982-VCELR,Female,Yes,Fiber optic,Yes,Month-to-month,Yes,Credit card (automatic),94.8,3565.65,No
1343-EHPYB,Male,Yes,Fiber optic,,Month-to-month,Yes,Electronic check,,6603,Yes
6035-BXTTY,Female,Yes,DSL,No,Month-to-month,No,Bank transfer (automatic),54.65,1830.1,No
6885-PKOAM,Female,Yes,DSL,Yes,Two year,No,Credit card (automatic),85.75,6223.8,No
7520-HQWJU,Female,Yes,DSL,No,Month-to-month,Yes,Bank transfer (automatic),67.45,4508.65,No
9639-BUJXT,Male,Yes,No,No internet service,One year,No,Mailed check,20.5,1328.15,No
5924-SNGKP,Female,Yes,No,No internet service,One year,Yes,Credit card (automatic),20.25,865,No
0021-IKXGC,Female,Yes,Fiber optic,No,Month-to-month,Yes,Electronic check,72.1,72.1,No
2034-GDRCN,Female,Yes,,,Month-to-month,Yes,Electronic check,,168.2,Yes
8966-SNIZF,Female,Yes,No,,Two year,No,Bank transfer (automatic),,1303.5,No
6243-OZGFH,Female,No,DSL,Yes,Month-to-month,Yes,Electronic check,44.95,996.85,No
4654-DLAMQ,Female,Yes,Fiber optic,No,One year,No,Bank transfer (automatic),97,6430.9,No
0513-RBGPE,Male,Yes,DSL,No,Two year,Yes,Credit card (automatic),62.8,2278.75,No
5160-UXJED,Male,Yes,,,One year,No,Mailed check,,681.4,No
4115-NZRKS,Female,Yes,Fiber optic,Yes,Month-to-month,Yes,Electronic check,89.15,574.35,No
0219-YTZUE,Male,Yes,Fiber optic,No,Month-to-month,Yes,Bank transfer (automatic),84.8,371.9,Yes
0623-IIHUG,Female,No,DSL,Yes,Month-to-month,Yes,Electronic check,41.9,840.1,Yes
4572-DVCGN,Female,Yes,Fiber optic,No,Month-to-month,Yes,Bank transfer (automatic),80.25,846,Yes
3351-NGXYI,Female,Yes,DSL,No,Month-to-month,Yes,Electronic check,54.1,889,No
8984-EYLLL,Male,Yes,Fiber optic,Yes,Two year,Yes,Electronic check,105.25,6823.4,No
9057-MSWCO,Male,No,DSL,No,Month-to-month,No,Credit card (automatic),30.75,805.1,Yes
9833-TGFHX,Male,Yes,Fiber optic,Yes,One year,No,Electronic check,97.1,4016.75,No
9294-TDIPC,Male,Yes,No,No internet service,Month-to-month,No,Mailed check,20.2,83.75,No
5229-DTFYB,Female,Yes,Fiber optic,Yes,Two year,Yes,Bank transfer (automatic),98.8,3959.15,No
0104-PPXDV,Male,Yes,DSL,No,One year,No,Credit card (automatic),50.3,2878.55,No
5176-LMJXE,Female,Yes,No,No internet service,Two year,Yes,Mailed check,20.55,945.7,No
3583-KRKMD,Male,Yes,Fiber optic,No,Month-to-month,Yes,Bank transfer (automatic),75.9,1373.05,No
1010-DIAUQ,Male,Yes,Fiber optic,Yes,Month-to-month,No,Bank transfer (automatic),96.5,492.55,Yes
9069-LGEUL,Male,Yes,DSL,No,Month-to-month,Yes,Bank transfer (automatic),59.95,1406,No
7302-ZHMHP,Female,Yes,No,No internet service,Month-to-month,No,Mailed check,19.15,19.15,No
9571-EDEBV,Male,Yes,Fiber optic,Yes,One year,Yes,Credit card (automatic),98.65,6962.85,No
3520-FJGCV,Male,Yes,Fiber optic,Yes,Two year,Yes,Credit card (automatic),112.6,8126.65,No
6563-VRERX,Male,Yes,No,No internet service,One year,No,Mailed check,20.6,690.25,No
0259-GBZSH,Male,Yes,Fiber optic,,Month-to-month,Yes,Electronic check,,181.5,Yes
6122-EFVKN,Male,No,DSL,No,Two year,No,Mailed check,35.75,830.8,No
2805-EDJPQ,Female,Yes,,,One year,Yes,Credit card (automatic),,5608.4,No
6862-CQUMB,Male,Yes,Fiber optic,Yes,Month-to-month,Yes,Credit card (automatic),96.1,3646.8,No
7156-MXBJE,Female,Yes,DSL,Yes,One year,No,Credit card (automatic),85.1,3662.25,No
6158-HDPXZ,Male,No,DSL,,Month-to-month,No,Mailed check,,25.35,No
9601-BRXPO,Female,Yes,Fiber optic,Yes,Month-to-month,Yes,Bank transfer (automatic),104.95,2566.5,Yes
2863-IMQDR,,Yes,,,Two year,No,Electronic check,,5308.7,No
5686-CMAWK,Male,Yes,Fiber optic,No,One year,No,Electronic check,86.75,1410.25,No
5651-CRHKQ,Female,Yes,Fiber optic,No,One year,Yes,Bank transfer (automatic),86.2,3339.05,No
6905-NIQIN,,Yes,,,Month-to-month,No,Mailed check,,50.65,Yes
8204-YJCLA,Male,No,DSL,Yes,Two year,Yes,Bank transfer (automatic),64.8,4732.35,No
5167-ZFFMM,Male,Yes,Fiber optic,No,Month-to-month,Yes,Credit card (automatic),90.85,90.85,Yes
6583-SZVGP,Male,Yes,Fiber optic,Yes,Two year,Yes,Bank transfer (automatic),108.1,5067.45,No
4895-TMWIR,Male,Yes,No,No internet service,Month-to-month,No,Mailed check,19.95,214.75,Yes
0533-BNWKF,Female,Yes,Fiber optic,No,Month-to-month,Yes,Electronic check,85.45,4874.7,Yes
1708-PBBOA,Female,No,DSL,,One year,Yes,Electronic check,,2348.45,No
8782-LKFPK,Male,Yes,Fiber optic,No,Month-to-month,Yes,Mailed check,90.4,4063,No
5522-JBWMO,Male,Yes,DSL,No,Month-to-month,No,Electronic check,44,44,No
3597-MVHJT,Female,Yes,Fiber optic,Yes,Month-to-month,Yes,Bank transfer (automatic),95.6,2595.25,No
9774-NRNAU,Male,Yes,DSL,Yes,Month-to-month,Yes,Bank transfer (automatic),84.8,2309.55,No
0224-RLWWD,Female,Yes,DSL,No,Month-to-month,Yes,Electronic check,44.3,89.3,No
9967-ATRFS,,Yes,,,Month-to-month,No,Mailed check,,367.55,No
3951-NJCVI,Female,Yes,Fiber optic,Yes,Month-to-month,Yes,Electronic check,95.05,3944.5,No
2977-CEBSX,Female,Yes,DSL,Yes,Two year,Yes,Credit card (automatic),90.05,5965.95,No
0177-PXBAT,Male,Yes,Fiber optic,Yes,Month-to-month,Yes,Bank transfer (automatic),109.9,3694.7,No
6599-CEBNN,Female,Yes,Fiber optic,No,Month-to-month,Yes,Credit card (automatic),73.95,2524.45,Yes
2519-ERQOJ,Male,No,DSL,Yes,Month-to-month,Yes,Electronic check,54.6,1803.7,No
5876-QMYLD,Female,Yes,No,No internet service,One year,No,Mailed check,20.05,415.1,No
2277-AXSDC,Female,Yes,No,No internet service,One year,No,Bank transfer (automatic),19.75,624.15,No
9442-JTWDL,Female,Yes,,,One year,No,Credit card (automatic),,237.7,No
0979-PHULV,Male,Yes,Fiber optic,Yes,Month-to-month,Yes,Credit card (automatic),99.45,7007.6,Yes
3067-SVMTC,Female,Yes,DSL,No,One year,No,Bank transfer (automatic),55.9,3848.8,No
5495-GPSRW,Male,Yes,No,No internet service,Two year,Yes,Mailed check,19.7,419.4,No
7606-BPHHN,Male,Yes,No,No internet service,Two year,Yes,Credit card (automatic),19.8,1468.75,No
4742-DRORA,Male,Yes,Fiber optic,Yes,One year,Yes,Bank transfer (automatic),95.4,5812,No
0111-KLBQG,Male,Yes,Fiber optic,Yes,Month-to-month,Yes,Mailed check,93.95,2861.45,No
4800-VHZKI,,Yes,,,Month-to-month,Yes,Mailed check,,19.9,Yes
7989-CHGTL,Male,Yes,No,No internet service,Month-to-month,Yes,Mailed check,19.6,19.6,Yes
0334-GDDSO,Male,Yes,Fiber optic,,Month-to-month,Yes,Electronic check,,233.7,Yes
4163-NCJAK,Female,Yes,No,No internet service,One year,Yes,Bank transfer (automatic),24.45,1066.15,No
5233-AOZUF,Female,Yes,Fiber optic,No,Month-to-month,Yes,Electronic check,74.95,2149.05,No
5973-EJGDP,Male,Yes,Fiber optic,No,Month-to-month,Yes,Electronic check,87.35,4473,No
1996-DBMUS,Female,Yes,Fiber optic,No,Month-to-month,Yes,Bank transfer (automatic),70.65,3545.05,No
7916-VCCPB,Female,Yes,Fiber optic,No,Month-to-month,No,Bank transfer (automatic),73.25,1195.75,No
4686-GEFRM,Male,Yes,Fiber optic,No,Two year,Yes,Bank transfer (automatic),98.7,6858.9,No
5249-QYHEX,Female,Yes,No,No internet service,Two year,Yes,Mailed check,24.8,1024.7,No
0578-SKVMF,Female,Yes,Fiber optic,No,Month-to-month,No,Electronic check,83.3,1845.9,Yes
5564-NEMQO,Female,Yes,Fiber optic,No,Month-to-month,Yes,Bank transfer (automatic),75.3,75.3,Yes
2233-FAGXV,Female,Yes,No,,Month-to-month,Yes,Mailed check,,132.25,No
5605-IYGFG,Female,Yes,Fiber optic,,Month-to-month,Yes,Bank transfer (automatic),,515.45,No
7663-ZTEGJ,Male,Yes,Fiber optic,No,One year,No,Credit card (automatic),100.55,2830.45,No
3935-TBRZZ,Male,Yes,No,No internet service,One year,No,Mailed check,25.7,1110.5,No
8111-BKVDS,Female,No,DSL,No,Month-to-month,No,Bank transfer (automatic),40.7,449.3,No
2055-SIFSS,,Yes,,,Month-to-month,No,Bank transfer (automatic),,2838.55,No
2806-MLNTI,Male,Yes,Fiber optic,,One year,Yes,Bank transfer (automatic),,5376.4,No
8734-DKSTZ,Female,Yes,Fiber optic,No,Month-to-month,No,Electronic check,85.95,858.6,No
4360-PNRQB,Male,Yes,Fiber optic,No,Month-to-month,Yes,Bank transfer (automatic),75.6,1395.05,No
6152-ONASV,,Yes,,,One year,No,Bank transfer (automatic),,3975.7,No
9063-ZGTUY,Female,Yes,No,No internet service,Month-to-month,Yes,Mailed check,19.4,1182.55,Yes
7781-HVGMK,Female,No,DSL,Yes,Two year,Yes,Credit card (automatic),65.2,4784.45,No
2181-UAESM,Male,Yes,DSL,,Month-to-month,No,Electronic check,,119.5,No
2957-LOLHO,Male,Yes,DSL,No,Month-to-month,Yes,Bank transfer (automatic),45.4,518.9,Yes
6048-NJXHX,Male,Yes,No,,Two year,Yes,Electronic check,,899.45,No
2320-SLKMB,,No,,,Month-to-month,Yes,Credit card (automatic),,1183.8,No
4980-URKXC,Male,Yes,No,No internet service,One year,No,Bank transfer (automatic),20.85,720.05,No
4376-KFVRS,,Yes,,,Two year,Yes,Credit card (automatic),,8468.2,No
5886-VLQVU,Male,Yes,Fiber optic,,Month-to-month,Yes,Bank transfer (automatic),,3161.2,No
3577-AMVUX,Male,Yes,DSL,,Month-to-month,No,Mailed check,,55.05,No
0771-WLCLA,Female,Yes,Fiber optic,Yes,Month-to-month,Yes,Electronic check,112.95,1882.55,No
5628-RKIFK,Female,Yes,Fiber optic,Yes,Month-to-month,No,Credit card (automatic),101.55,5070.4,No
0206-TBWLC,Female,Yes,Fiber optic,Yes,One year,Yes,Mailed check,114.65,6049.5,No
2937-FTHUR,Female,Yes,DSL,,Month-to-month,No,Electronic check,,1166.7,No
1910-FMXJM,Female,Yes,Fiber optic,No,Month-to-month,No,Electronic check,80.4,2937.65,No
7752-XUSCI,Female,Yes,Fiber optic,Yes,Month-to-month,Yes,Electronic check,105.9,6396.45,Yes
4110-PFEUZ,Female,Yes,Fiber optic,No,Month-to-month,No,Mailed check,69.55,69.55,Yes
0732-OCQOC,,Yes,,,Two year,Yes,Bank transfer (automatic),,1270.25,No
5168-MSWXT,Male,Yes,Fiber optic,Yes,Month-to-month,Yes,Electronic check,94.75,759.55,No
1090-ESELR,Male,Yes,Fiber optic,Yes,Two year,No,Bank transfer (automatic),105.5,7611.55,No
8592-PLTMQ,Female,Yes,No,No internet service,One year,No,Mailed check,24.7,1642.75,No
5760-WRAHC,Female,Yes,DSL,No,Month-to-month,Yes,Mailed check,69.75,1545.4,No
8847-GEOOQ,Male,No,DSL,Yes,Month-to-month,Yes,Bank transfer (automatic),60.2,3582.4,No
0256-LTHVJ,Female,Yes,Fiber optic,No,Month-to-month,Yes,Electronic check,81.05,2227.1,Yes
4785-FCIFB,Female,Yes,No,No internet service,Two year,No,Mailed check,24.4,1417.9,No
8313-NDOIA,Female,Yes,Fiber optic,Yes,Month-to-month,Yes,Electronic check,104.15,2494.65,No
5149-CUZUJ,Male,Yes,Fiber optic,Yes,One year,No,Bank transfer (automatic),92.9,2768.35,No
0942-KOWSM,,Yes,,,Two year,No,Bank transfer (automatic),,2369.3,No
4237-CLSMM,Male,Yes,No,No internet service,Month-to-month,No,Mailed check,20,38,No
1452-VOQCH,Male,Yes,Fiber optic,No,Month-to-month,Yes,Electronic check,75.1,75.1,No
4719-UMSIY,Male,Yes,No,No internet service,Month-to-month,No,Mailed check,19.65,100.9,No
6614-VBEGU,Female,Yes,DSL,Yes,Month-to-month,Yes,Bank transfer (automatic),69.45,1614.05,No
0880-TKATG,Male,Yes,Fiber optic,Yes,Month-to-month,No,Electronic check,101.15,385.9,Yes
3811-VBYBZ,Male,Yes,Fiber optic,Yes,Month-to-month,Yes,Electronic check,99.8,673.25,Yes
1480-BKXGA,Male,Yes,Fiber optic,Yes,Two year,Yes,Bank transfer (automatic),116.05,8404.9,No
2996-XAUVF,Male,No,,,Two year,Yes,Mailed check,,2799.75,No
9076-AXYIK,Male,Yes,Fiber optic,Yes,Two year,No,Electronic check,102.1,6538.45,No
5968-XQIVE,Male,Yes,Fiber optic,Yes,One year,Yes,Electronic check,89.7,6588.95,No
8896-RAZCR,,Yes,,,Two year,No,Mailed check,,868.1,No
4640-UHDOS,,Yes,,,Month-to-month,No,Electronic check,,734.35,Yes
4933-IKULF,Female,Yes,No,No internet service,One year,No,Mailed check,20.65,330.6,No
3583-EKAPL,Male,Yes,DSL,No,Month-to-month,Yes,Electronic check,55,55,Yes
1304-BCCFO,,Yes,,,Month-to-month,Yes,Mailed check,,564.4,No
4104-PVRPS,,Yes,,,Month-to-month,No,Mailed check,,1315.35,No
9399-APLBT,Female,Yes,Fiber optic,No,Month-to-month,Yes,Electronic check,74.7,74.7,Yes
2359-KMGLI,Male,Yes,Fiber optic,No,Month-to-month,Yes,Electronic check,80.25,1861.5,Yes
3780-DDGSE,,Yes,,,Month-to-month,Yes,Electronic check,,2747.2,No
4431-EDMIQ,Female,Yes,DSL,Yes,Month-to-month,Yes,Electronic check,75.7,554.05,No
0306-JAELE,Male,Yes,,,Month-to-month,Yes,Electronic check,,453.4,Yes
6227-HWPWX,Female,Yes,Fiber optic,,Month-to-month,No,Bank transfer (automatic),,994.8,Yes
0486-LGCCH,Male,Yes,No,No internet service,Two year,No,Mailed check,19.65,225.75,No
0447-BEMNG,Female,No,DSL,No,Month-to-month,Yes,Bank transfer (automatic),45.3,2145,Yes
4612-SSVHJ,Female,Yes,Fiber optic,No,Month-to-month,Yes,Electronic check,81.45,1671.6,No
5168-MQQCA,Female,Yes,Fiber optic,Yes,One year,Yes,Bank transfer (automatic),108.5,8003.8,No
5949-XIKAE,Female,Yes,Fiber optic,Yes,Month-to-month,Yes,Electronic check,83.55,680.05,Yes
7971-HLVXI,Male,Yes,Fiber optic,No,Two year,Yes,Credit card (automatic),84.5,6130.85,No
9094-AZPHK,Female,Yes,,,Month-to-month,Yes,Electronic check,,1415,No
3649-JPUGY,,Yes,,,Two year,Yes,Bank transfer (automatic),,6201.95,No
4472-LVYGI,Female,No,DSL,Yes,Two year,Yes,Bank transfer (automatic),52.55, ,No
8372-JUXUI,Male,Yes,Fiber optic,No,Month-to-month,Yes,Electronic check,74.35,74.35,Yes
3552-CTCYF,Male,Yes,Fiber optic,Yes,Two year,Yes,Bank transfer (automatic),104.8,6597.25,No
6778-YSNIH,,Yes,,,Month-to-month,Yes,Electronic check,,114.15,No
0388-EOPEX,Female,Yes,Fiber optic,No,Month-to-month,Yes,Electronic check,74.4,139.4,Yes
5756-OZRIO,Male,Yes,DSL,No,One year,No,Bank transfer (automatic),64.05,3902.6,No
6579-JPICP,Male,Yes,No,No internet service,Month-to-month,No,Mailed check,20.4,20.4,No
8205-OTCHB,Male,No,DSL,No,One year,Yes,Bank transfer (automatic),43.75,903.6,Yes
4134-BSXLX,,Yes,,,Month-to-month,No,Mailed check,,1785.65,No
0505-SPOOW,Female,Yes,No,No internet service,Two year,No,Bank transfer (automatic),19.8,1397.65,No
6235-VDHOM,Female,No,DSL,No,Month-to-month,No,Electronic check,28.45,131.05,Yes
7783-YKGDV,Female,Yes,Fiber optic,No,Month-to-month,Yes,Bank transfer (automatic),99.7,1238.45,Yes
4374-YMUSQ,,Yes,,,One year,No,Credit card (automatic),,3899.05,No
4513-CXYIX,Female,Yes,Fiber optic,,Two year,Yes,Credit card (automatic),,5676,No
3957-HHLMR,Female,Yes,DSL,No,One year,No,Bank transfer (automatic),65.2,4543.15,No
7803-XOCCZ,,Yes,,,Month-to-month,Yes,Bank transfer (automatic),,4326.8,No
5736-YEJAX,Male,Yes,DSL,Yes,Two year,Yes,Credit card (automatic),79.45,5502.55,No
5609-CEBID,Female,Yes,Fiber optic,No,Month-to-month,Yes,Electronic check,94.1,1782.4,Yes
8981-FJGLA,Male,Yes,Fiber optic,,Month-to-month,Yes,Mailed check,,851.8,No
7218-HKQFK,Male,Yes,Fiber optic,Yes,Month-to-month,Yes,Electronic check,94.2,167.5,Yes
4636-QRJKY,Female,Yes,Fiber optic,No,Month-to-month,Yes,Electronic check,80.5,502.85,Yes
1135-LMECX,Female,Yes,No,No internet service,Month-to-month,No,Mailed check,19.85,19.85,No
4332-MUOEZ,Male,Yes,Fiber optic,No,One year,No,Credit card (automatic),94.3,1818.3,No
8535-SFUTN,,Yes,,,Month-to-month,Yes,Electronic check,,6300.15,No
5956-VKDTT,Female,Yes,Fiber optic,No,Month-to-month,Yes,Electronic check,74.35,334.8,Yes
8677-HDZEE,Female,Yes,Fiber optic,Yes,Month-to-month,Yes,Bank transfer (automatic),105.45,5916.95,No
2475-MROZF,Male,Yes,Fiber optic,No,Month-to-month,Yes,Credit card (automatic),95,2852.4,No
9412-GHEEC,Male,Yes,Fiber optic,Yes,Month-to-month,No,Bank transfer (automatic),104.8,4131.95,Yes
3482-ABPKK,Female,Yes,DSL,No,One year,No,Mailed check,54.3,1546.3,No
6705-LXORM,Female,Yes,Fiber optic,No,Month-to-month,No,Electronic check,70.05,302.6,No
0257-ZESQC,,Yes,,,Month-to-month,Yes,Bank transfer (automatic),,1929.35,Yes
7531-GQHME,Male,Yes,No,No internet service,Month-to-month,No,Credit card (automatic),20.05,265.45,No
5174-ITUMV,Male,Yes,Fiber optic,Yes,One year,Yes,Electronic check,105.4,6989.45,No
4109-CYRBD,Male,Yes,DSL,No,Month-to-month,Yes,Electronic check,51.6,1442,No
0913-XWSCN,Male,Yes,Fiber optic,No,Month-to-month,No,Bank transfer (automatic),85.5,4713.4,No
6825-UYPFK,Female,Yes,Fiber optic,No,Month-to-month,No,Bank transfer (automatic),75.6,1758.6,Yes
8397-MVTAZ,Male,Yes,Fiber optic,Yes,Month-to-month,Yes,Electronic check,100.05,3480,Yes
0750-EBAIU,Male,Yes,Fiber optic,Yes,One year,No,Electronic check,91.25,4738.3,No
8606-CIQUL,Male,Yes,Fiber optic,Yes,Two year,Yes,Credit card (automatic),115.75,8399.15,No
3571-DPYUH,Male,Yes,Fiber optic,,One year,Yes,Credit card (automatic),,5430.35,No
7601-GNDYK,Male,Yes,No,No internet service,Two year,No,Mailed check,19.6,686.95,No
0356-OBMAC,Female,Yes,Fiber optic,Yes,Two year,Yes,Bank transfer (automatic),99.9,5706.3,No
8067-NIOYM,Female,Yes,No,,Two year,Yes,Credit card (automatic),,490.65,No
1403-GYAFU,Male,Yes,No,No internet service,Two year,No,Credit card (automatic),20.05,1360.25,No
4234-XTNEA,Male,Yes,Fiber optic,Yes,Month-to-month,Yes,Electronic check,79.95,174.45,No
1297-VQDRP,Male,Yes,Fiber optic,,One year,Yes,Credit card (automatic),,7379.8,No
9282-IZGQK,,Yes,,,Month-to-month,Yes,Electronic check,,85,Yes
5348-CAGXB,,Yes,,,Month-to-month,Yes,Electronic check,,1021.75,No
0621-HJWXJ,Female,Yes,Fiber optic,No,Month-to-month,Yes,Bank transfer (automatic),81.55,5029.05,No
5844-QVTAT,Female,Yes,DSL,No,One year,Yes,Mailed check,58.45,1955.4,No
8905-IAZPF,,Yes,,,One year,Yes,Credit card (automatic),,6744.2,No
5394-MEITZ,Female,Yes,DSL,Yes,Two year,Yes,Bank transfer (automatic),80.6,4946.7,No
6859-QNXIQ,Female,Yes,Fiber optic,Yes,Two year,Yes,Bank transfer (automatic),113.1,8248.5,No
2782-LFZVW,Female,Yes,DSL,No,Month-to-month,Yes,Mailed check,58.95,601.6,No
2866-IKBTM,Female,Yes,No,No internet service,Month-to-month,No,Mailed check,19.55,19.55,No
1342-JPNKI,,Yes,,,Month-to-month,Yes,Bank transfer (automatic),,834.1,Yes
2817-NTQDO,,No,,,Month-to-month,Yes,Credit card (automatic),,597,Yes
7129-AZJDE,Male,Yes,Fiber optic,No,One year,Yes,Bank transfer (automatic),78.95,2647.2,No
6986-IJDHX,Male,Yes,Fiber optic,Yes,Month-to-month,Yes,Mailed check,86.3,3266,Yes
2560-PPCHE,,Yes,,,One year,Yes,Bank transfer (automatic),,6744.25,No
4676-MQUEA,Male,Yes,Fiber optic,Yes,One year,Yes,Bank transfer (automatic),101.9,5265.5,No
8138-EALND,Male,Yes,,,Month-to-month,No,Mailed check,,311.6,No
3580-HYCSP,Male,Yes,,,Two year,Yes,Bank transfer (automatic),,7966.9,No
1352-HNSAW,Female,Yes,Fiber optic,Yes,Two year,Yes,Bank transfer (automatic),115.6,8220.4,No
2075-PUEPR,Male,Yes,No,No internet service,Two year,No,Bank transfer (automatic),19.35,1153.25,No
1982-FEBTD,Female,Yes,No,,Two year,Yes,Credit card (automatic),,514.75,No
5301-GAUUY,Male,Yes,Fiber optic,No,Month-to-month,Yes,Bank transfer (automatic),80.35,2596.15,Yes
5791-KAJFD,Female,Yes,DSL,No,One year,Yes,Bank transfer (automatic),68.75,3808,No
2654-VBVPB,Female,Yes,No,No internet service,Month-to-month,No,Bank transfer (automatic),19.9,19.9,No
1154-HYWWO,Male,Yes,DSL,Yes,One year,No,Mailed check,70.6,2708.2,No
2501-XWWTZ,Male,Yes,Fiber optic,,Month-to-month,No,Electronic check,,760.05,No
3716-UVSPD,Male,Yes,DSL,No,Month-to-month,Yes,Electronic check,49.3,49.3,No
6815-ABQFQ,Male,Yes,Fiber optic,Yes,One year,Yes,Electronic check,107.25,6033.3,No
7343-EOBEU,,Yes,,,Month-to-month,Yes,Mailed check,,89.05,No
3701-SFMUH,Male,Yes,DSL,Yes,Month-to-month,No,Credit card (automatic),69.7,516.15,No
6103-LIANB,Male,Yes,Fiber optic,Yes,Two year,Yes,Credit card (automatic),99.5,5861.75,No
7319-VENRZ,Male,Yes,DSL,Yes,Month-to-month,No,Bank transfer (automatic),64.3,445.95,No
5846-NEQVZ,Male,Yes,DSL,,Two year,Yes,Credit card (automatic),,4973.4,No
6967-QIQRV,Male,Yes,Fiber optic,Yes,One year,No,Electronic check,101.9,1667.25,No
5781-RFZRP,Male,Yes,DSL,Yes,Two year,No,Credit card (automatic),73.5,5357.75,No
0939-YAPAF,Female,Yes,Fiber optic,Yes,Month-to-month,Yes,Electronic check,100.25,3527.6,Yes
0308-IVGOK,Female,No,DSL,No,One year,Yes,Credit card (automatic),40.4,422.6,No
7293-LSCDV,Female,Yes,No,No internet service,Two year,Yes,Credit card (automatic),19.25,1103.25,No
7025-WCBNE,Male,Yes,DSL,No,Two year,No,Bank transfer (automatic),59.6,2754,No
5756-JYOJT,Female,Yes,DSL,No,One year,No,Credit card (automatic),64.9,697.25,No
4710-FDUIZ,Male,Yes,Fiber optic,Yes,One year,No,Credit card (automatic),100.3,5614.45,Yes
6030-REHUX,Female,Yes,Fiber optic,Yes,Month-to-month,Yes,Electronic check,110.85,3204.4,No
9548-LIGTA,Male,Yes,DSL,Yes,Two year,Yes,Mailed check,81.05,4747.65,No
5150-LJNSR,,Yes,,,One year,No,Bank transfer (automatic),,3082.1,No
8270-RKSAP,Male,Yes,Fiber optic,,Month-to-month,Yes,Electronic check,,597.9,No
6522-YRBXD,Male,Yes,Fiber optic,No,Month-to-month,Yes,Electronic check,94.55,3365.4,No
2640-LYMOV,Male,Yes,No,No internet service,Month-to-month,Yes,Mailed check,19.65,38.8,No
1218-VKFPE,Female,Yes,No,No internet service,Month-to-month,No,Mailed check,19,233.55,Yes
3627-FHKBK,Female,Yes,Fiber optic,No,Month-to-month,No,Mailed check,75.3,75.3,Yes
2865-TCHJW,Female,Yes,Fiber optic,Yes,Month-to-month,Yes,Electronic check,89.2,346.2,Yes
1423-BMPBQ,Female,Yes,No,No internet service,Month-to-month,Yes,Mailed check,19,19,No
2393-DIVAI,Female,Yes,No,No internet service,Month-to-month,Yes,Mailed check,20,61.7,No
5192-EBGOV,,Yes,,,Month-to-month,Yes,Electronic check,,85.7,Yes
4568-KNYWR,,Yes,,,Two year,Yes,Credit card (automatic),,3342.45,No
8752-IMQOS,Male,Yes,No,No internet service,One year,No,Mailed check,20.1,85.1,No
0742-LAFQK,Male,Yes,Fiber optic,No,Two year,Yes,Electronic check,99.15,7422.1,No
0795-LAFGP,Male,Yes,DSL,Yes,Two year,No,Electronic check,90.4,6668.05,No
0619-OLYUR,Male,Yes,Fiber optic,Yes,Two year,Yes,Credit card (automatic),111.9,8071.05,No
5512-IDZEI,Male,Yes,No,No internet service,One year,No,Electronic check,24.9,1174.8,No
0459-SPZHJ,,Yes,,,Two year,No,Credit card (automatic),,5435,No
0215-BQKGS,Male,Yes,Fiber optic,No,Month-to-month,Yes,Credit card (automatic),84.3,2438.6,No
9244-ZVAPM,Male,Yes,DSL,No,Month-to-month,No,Mailed check,45.6,45.6,No
0719-SYFRB,Female,Yes,DSL,No,Month-to-month,Yes,Mailed check,61.65,713.75,Yes
8208-EUMTE,Male,No,DSL,Yes,Two year,No,Mailed check,54.85,916.15,No
5172-MIGPM,Male,Yes,DSL,No,Month-to-month,No,Mailed check,65.55,237.2,No
1710-RCXUS,Male,Yes,Fiber optic,No,One year,Yes,Credit card (automatic),90.35,4614.55,No
0374-FIUCA,Male,Yes,No,,Two year,Yes,Credit card (automatic),,1414.45,No
5839-SUYVZ,Male,Yes,Fiber optic,No,Month-to-month,Yes,Credit card (automatic),74.55,1170.5,No
5173-ZXXXL,Male,Yes,No,No internet service,One year,No,Mailed check,19.95,47.7,No
1096-ADRUX,Female,Yes,Fiber optic,No,One year,Yes,Bank transfer (automatic),74.25,4859.25,No
2001-MCUUW,Male,Yes,Fiber optic,Yes,Two year,No,Electronic check,108.65,4903.2,No
2731-GJRDG,Female,Yes,Fiber optic,,One year,Yes,Bank transfer (automatic),,3608,No
4723-BEGSG,Male,Yes,DSL,Yes,Two year,No,Credit card (automatic),86.65,6094.25,No
6516-NKQBO,Male,Yes,DSL,Yes,Two year,No,Credit card (automatic),81,3084.9,No
8672-OAUPW,Male,Yes,DSL,No,One year,No,Credit card (automatic),47.85,2356.75,No
8207-DMRVL,Male,Yes,Fiber optic,Yes,Two year,No,Bank transfer (automatic),114.55,8306.05,No
3419-SNJJD,Female,Yes,Fiber optic,Yes,Month-to-month,No,Bank transfer (automatic),105.25,6786.4,Yes
6543-CPZMK,Male,No,DSL,No,Month-to-month,Yes,Electronic check,29.95,248.95,Yes
4765-OXPPD,,Yes,,,Month-to-month,No,Mailed check,,663.05,Yes
2804-ETQDK,Male,Yes,No,No internet service,Two year,No,Mailed check,20.55,1357.1,No
6689-VRRTK,Female,Yes,Fiber optic,Yes,One year,Yes,Credit card (automatic),109.8,4860.35,No
7138-GIRSH,Male,Yes,DSL,No,Two year,No,Bank transfer (automatic),69.5,3418.2,No
9396-ZSFLL,Female,Yes,DSL,No,Month-to-month,No,Mailed check,48.85,631.4,No
6464-KEXXH,Male,No,DSL,No,Month-to-month,Yes,Credit card (automatic),25.25,186.3,No
7134-MJPDY,Female,Yes,Fiber optic,Yes,One year,Yes,Credit card (automatic),102.85,6976.75,No
5240-CAOYT,Female,Yes,Fiber optic,No,Month-to-month,Yes,Bank transfer (automatic),87.55,4884.85,No
4059-IIEBK,Female,Yes,Fiber optic,No,Month-to-month,Yes,Bank transfer (automatic),78.55,522.95,No
4881-JVQOD,Male,No,,,Month-to-month,Yes,Bank transfer (automatic),,362.6,No
0516-UXRMT,Female,Yes,Fiber optic,No,One year,Yes,Electronic check,92.05,5755.8,No
4851-BQDNX,Male,Yes,Fiber optic,,One year,Yes,Electronic check,,3355.65,No
5148-HKFIR,Female,Yes,No,No internet service,Two year,No,Mailed check,19.7,406.95,No
1009-IRMNA,Female,Yes,No,No internet service,Month-to-month,No,Bank transfer (automatic),20,137.6,Yes
3003-CMDUU,,Yes,,,Month-to-month,Yes,Electronic check,,2395.7,No
5016-IBERQ,Male,Yes,Fiber optic,,Month-to-month,No,Electronic check,,1968.1,No
6797-UCJHZ,Female,Yes,Fiber optic,Yes,One year,No,Credit card (automatic),104.6,6819.45,No
2469-DTSGX,Female,Yes,Fiber optic,Yes,Two year,No,Electronic check,111.65,7943.45,No
4554-YGZIH,Male,Yes,Fiber optic,No,Month-to-month,No,Credit card (automatic),90.05,4547.25,Yes
5099-BAILX,Male,Yes,Fiber optic,Yes,Month-to-month,Yes,Bank transfer (automatic),110.75,4687.9,Yes
9931-KGHOA,Female,Yes,DSL,No,Month-to-month,No,Bank transfer (automatic),55,2473.95,No
1775-KWJKQ,Male,Yes,DSL,Yes,Two year,No,Credit card (automatic),89.85,6562.9,No
7665-VIGUD,Male,Yes,No,No internet service,One year,No,Mailed check,20.35,176.3,No
9411-TPQQV,Female,No,DSL,Yes,One year,Yes,Bank transfer (automatic),54.55,2236.2,No
7207-RMRDB,Female,Yes,Fiber optic,Yes,Month-to-month,Yes,Electronic check,105.5,6985.65,Yes
7954-MLBUN,Male,Yes,Fiber optic,Yes,Two year,No,Bank transfer (automatic),99.45,3109.9,No
2077-DDHJK,Female,Yes,DSL,No,Two year,No,Credit card (automatic),70.9,4911.35,No
4913-EHYUI,Male,Yes,Fiber optic,Yes,One year,Yes,Bank transfer (automatic),104.55,5794.65,Yes
0195-IESCP,Male,Yes,Fiber optic,No,Month-to-month,Yes,Electronic check,85.25,855.3,Yes
9574-BOSMD,Male,Yes,No,,Two year,No,Bank transfer (automatic),,1620.2,No
4580-TMHJU,Female,Yes,DSL,Yes,Month-to-month,No,Electronic check,56.15,2499.3,Yes
0970-ETWGE,,Yes,,,Month-to-month,Yes,Electronic check,,89.55,Yes
4908-XAXAY,Female,Yes,Fiber optic,No,One year,Yes,Bank transfer (automatic),89.85,4287.2,No
8404-VLQFB,Female,Yes,No,No internet service,Month-to-month,Yes,Electronic check,25.25,394.85,No
1626-ERCMM,Male,Yes,Fiber optic,Yes,Month-to-month,Yes,Electronic check,94.55,1899.65,Yes
0887-HJGAR,Male,Yes,DSL,No,Month-to-month,Yes,Mailed check,45.7,45.7,Yes
2391-IPLOP,Male,Yes,DSL,Yes,One year,Yes,Electronic check,69.65,3442.15,No
5644-PDMZC,Female,Yes,Fiber optic,No,Month-to-month,No,Electronic check,89.5,161.5,Yes
3509-GWQGF,Male,Yes,Fiber optic,No,Month-to-month,No,Credit card (automatic),70,1732.6,No
9576-ANLXO,Female,Yes,Fiber optic,No,Month-to-month,Yes,Bank transfer (automatic),69.55,222.3,Yes
2024-BASKD,Female,Yes,Fiber optic,No,Month-to-month,Yes,Mailed check,74.6,74.6,Yes
5845-BZZIB,Male,Yes,No,,Two year,No,Mailed check,,655.3,No
1140-UKVZG,Female,Yes,No,No internet service,Month-to-month,No,Mailed check,24.8,475.25,No
4160-AMJTL,Female,Yes,No,No internet service,Month-to-month,No,Electronic check,19.65,164.3,Yes
5183-SNMJQ,Male,Yes,Fiber optic,Yes,Month-to-month,Yes,Credit card (automatic),95.1,865.1,No
8100-PNJMH,Male,Yes,DSL,Yes,Two year,Yes,Credit card (automatic),88.85,6132.7,No
7838-LAZFO,Male,Yes,DSL,Yes,One year,No,Bank transfer (automatic),78.8,3597.5,No
4464-JCOLN,Male,Yes,No,No internet service,One year,No,Mailed check,19.85,35.9,Yes
2085-JVGAD,Male,Yes,No,No internet service,Month-to-month,No,Bank transfer (automatic),20.35,697.65,No
5650-VDUDS,Female,No,DSL,No,Month-to-month,Yes,Mailed check,24.25,96.05,Yes
8095-WANWK,Female,Yes,DSL,No,Month-to-month,No,Mailed check,45.25,428.7,No
3030-ZKIWL,Male,Yes,No,No internet service,Month-to-month,No,Mailed check,20.05,20.05,No
9565-FLVCG,Male,Yes,DSL,No,Two year,Yes,Mailed check,69.55,4459.15,No
8755-OGKNA,Female,Yes,No,No internet service,Two year,No,Bank transfer (automatic),19.5,1167.6,No
2800-VEQXM,Female,Yes,Fiber optic,No,Month-to-month,Yes,Mailed check,74.75,238.1,No
7538-GWHML,Female,Yes,Fiber optic,No,Month-to-month,No,Electronic check,69.65,145.15,Yes
5533-RJFTJ,Male,No,DSL,No,Month-to-month,Yes,Bank transfer (automatic),30.2,1453.1,No
3859-CVCET,Female,Yes,DSL,No,Month-to-month,No,Mailed check,45.65,191.05,Yes
0214-JHPFW,Female,No,DSL,Yes,Two year,No,Bank transfer (automatic),57.8,4039.3,No
5642-MHDQT,Female,Yes,No,No internet service,One year,Yes,Bank transfer (automatic),19.85,1039.45,No
3088-FVYWK,Male,Yes,No,No internet service,Two year,No,Credit card (automatic),25.55,1336.1,No
3276-HDUEG,Female,Yes,Fiber optic,,Month-to-month,Yes,Mailed check,,75.05,Yes
9092-GDZKO,Male,Yes,No,No internet service,Month-to-month,Yes,Credit card (automatic),24.85,493.4,No
0823-HSCDJ,Male,No,DSL,Yes,Month-to-month,Yes,Electronic check,49.15,2550.9,Yes
3729-OWRVL,Male,Yes,Fiber optic,Yes,Two year,Yes,Electronic check,110.35,7246.15,No
2324-AALNO,,Yes,,,One year,No,Bank transfer (automatic),,1203.95,No
0822-GAVAP,Female,No,DSL,No,Month-to-month,Yes,Electronic check,34.7,62.25,Yes
5760-IFJOZ,Male,Yes,Fiber optic,Yes,Month-to-month,No,Mailed check,107.95,313.6,No
2826-UWHIS,Male,Yes,Fiber optic,No,Month-to-month,No,Bank transfer (automatic),81.4,3775.85,No
1448-PWKYE,Male,Yes,Fiber optic,No,Month-to-month,No,Electronic check,80,80,Yes
7501-IWUNG,Female,Yes,,,Two year,Yes,Bank transfer (automatic),,4616.05,No
4957-TREIR,Male,Yes,DSL,Yes,Month-to-month,Yes,Credit card (automatic),64.4,195.65,No
7251-LJBQN,,Yes,,,One year,Yes,Credit card (automatic),,4188.4,No
8040-MNRTF,Female,Yes,Fiber optic,No,Month-to-month,No,Mailed check,71.1,71.1,No
1536-HBSWP,Female,Yes,DSL,No,Month-to-month,Yes,Electronic check,49.9,49.9,No
5313-FPXWG,Male,Yes,No,No internet service,One year,Yes,Bank transfer (automatic),24.6,1266.4,No
0067-DKWBL,Male,Yes,DSL,No,Month-to-month,Yes,Electronic check,49.25,91.1,Yes
0946-FKYTX,Male,No,DSL,No,One year,No,Mailed check,30.1,1623.4,No
5076-YVXCM,Male,Yes,Fiber optic,No,Month-to-month,No,Bank transfer (automatic),83.4,4149.45,No
8262-COGGB,Male,Yes,No,No internet service,Month-to-month,Yes,Mailed check,20.45,20.45,No
6663-JOCQO,Male,Yes,DSL,,One year,Yes,Bank transfer (automatic),,2344.5,No
9620-QJREV,Male,Yes,No,No internet service,One year,No,Credit card (automatic),20.55,1013.05,No
2276-YDAVZ,Female,Yes,Fiber optic,No,Month-to-month,Yes,Credit card (automatic),75.1,270.7,Yes
2682-KEVRP,Female,Yes,No,No internet service,One year,Yes,Mailed check,20.05,417,No
2480-JZOSN,Female,Yes,No,No internet service,Month-to-month,Yes,Mailed check,20.65,20.65,No
0078-XZMHT,,Yes,,,Two year,Yes,Bank transfer (automatic),,6316.2,No
5896-NPFWW,Male,Yes,DSL,No,Month-to-month,Yes,Electronic check,50.15,168.15,Yes
9978-HYCIN,Male,Yes,Fiber optic,Yes,One year,Yes,Bank transfer (automatic),84.95,4018.05,No
8338-QIUNR,Male,Yes,DSL,No,Two year,Yes,Credit card (automatic),66.5,4811.6,No
1525-LNLOJ,Male,Yes,DSL,Yes,Two year,Yes,Bank transfer (automatic),63.3,4189.7,No
9450-TRJUU,Male,Yes,Fiber optic,Yes,Month-to-month,No,Electronic check,83.15,2848.45,No
1766-GKNMI,Male,Yes,Fiber optic,No,Month-to-month,Yes,Electronic check,84.9,2516.2,No
6942-LBFDP,Female,Yes,No,No internet service,Month-to-month,Yes,Mailed check,20.55,33.6,No
1456-TWCGB,Male,Yes,DSL,No,Month-to-month,No,Mailed check,49.25,208.45,No
7133-VBDCG,Female,Yes,Fiber optic,,Month-to-month,Yes,Bank transfer (automatic),,2015.35,Yes
7596-ZYWBB,,Yes,,,Two year,Yes,Mailed check,,3739.8,No
8329-UTMVM,Male,Yes,Fiber optic,Yes,One year,Yes,Bank transfer (automatic),104.65,2964,No
3014-WJKSM,Male,Yes,Fiber optic,No,Month-to-month,Yes,Credit card (automatic),75.3,2263.4,No
3347-YJZZE,Male,Yes,DSL,Yes,Month-to-month,No,Credit card (automatic),80.1,2211.8,No
1029-QFBEN,Male,Yes,No,,Month-to-month,No,Mailed check,,19.55,Yes
7929-DMBCV,,Yes,,,Month-to-month,Yes,Mailed check,,1683.7,No
9661-JALZV,,Yes,,,Two year,Yes,Credit card (automatic),,1519,No
5433-KYGHE,Female,Yes,Fiber optic,No,Month-to-month,Yes,Mailed check,86,1164.05,No
4312-KFRXN,Male,Yes,No,No internet service,Two year,No,Mailed check,25.4,1710.9,No
5575-TPIZQ,Male,Yes,Fiber optic,Yes,Month-to-month,Yes,Credit card (automatic),89.15,4245.55,No
0114-IGABW,Female,No,DSL,Yes,Two year,No,Bank transfer (automatic),58.25,4145.9,No
9944-AEXBM,Male,Yes,Fiber optic,No,Month-to-month,Yes,Bank transfer (automatic),85.65,2664.3,No
1853-ARAAQ,Female,No,DSL,Yes,Month-to-month,Yes,Credit card (automatic),50.35,1277.5,No
6952-OMNWB,Male,Yes,Fiber optic,No,Month-to-month,Yes,Credit card (automatic),80.35,5589.3,No
4697-LUPSU,Male,Yes,No,No internet service,One year,No,Mailed check,20.2,34.75,No
8434-VGEQQ,Male,Yes,No,No internet service,Two year,No,Credit card (automatic),20.55,1305.95,No
4952-YSOGZ,Female,Yes,Fiber optic,No,Month-to-month,Yes,Electronic check,85.95,381.3,Yes
1589-AGTLK,Male,Yes,DSL,No,Month-to-month,Yes,Electronic check,45.35,141.5,Yes
5244-IRFIH,Male,Yes,Fiber optic,Yes,Month-to-month,Yes,Electronic check,94.5,3105.55,Yes
6549-YMFAW,Male,Yes,No,No internet service,Month-to-month,Yes,Mailed check,21.25,204.55,No
4950-HKQTE,Female,Yes,No,No internet service,Two year,No,Mailed check,26.25,605.9,No
6786-OBWQR,Female,Yes,Fiber optic,Yes,Month-to-month,Yes,Electronic check,80.85,356.1,No
2684-EIWEO,Female,Yes,Fiber optic,No,Month-to-month,No,Credit card (automatic),91.7,2758.15,Yes
2753-JMMCV,Male,Yes,DSL,No,Two year,Yes,Credit card (automatic),74.2,4805.65,No
6439-GTPCA,Female,Yes,Fiber optic,,Month-to-month,Yes,Electronic check,,3941.7,Yes
6621-YOBKI,Male,Yes,No,No internet service,Month-to-month,No,Mailed check,20.35,92.75,No
1216-JWVUX,Male,Yes,Fiber optic,No,Month-to-month,Yes,Electronic check,75.5,1901.05,No
7564-GHCVB,,Yes,,,Two year,No,Bank transfer (automatic),,5730.7,No
1173-NOEYG,,Yes,,,Month-to-month,No,Bank transfer (automatic),,2423.4,No
7595-EHCDL,Male,No,DSL,Yes,Month-to-month,No,Credit card (automatic),50.6,1653.45,No
6647-ZEDXT,,Yes,,,One year,No,Credit card (automatic),,3327.05,No
2521-NPUZR,Male,Yes,,,Two year,No,Credit card (automatic),,7085.5,No
1307-TVUFB,Male,Yes,Fiber optic,No,Month-to-month,Yes,Bank transfer (automatic),79.35,3344.1,No
7503-MIOGA,Female,Yes,DSL,Yes,Two year,Yes,Bank transfer (automatic),89.85,6697.35,No
4381-MHQDC,Female,Yes,DSL,No,Two year,Yes,Mailed check,65,2879.9,No
6923-JHPMP,Female,Yes,Fiber optic,No,Month-to-month,Yes,Electronic check,80.45,137.1,No
5138-WVKYJ,,Yes,,,Month-to-month,No,Electronic check,,1008.55,Yes
4018-PPNDW,Female,Yes,,,Two year,Yes,Mailed check,,1551.6,No
1635-FJFCC,Female,Yes,DSL,No,Month-to-month,Yes,Credit card (automatic),44.05,202.15,No
2499-AJYUA,Female,Yes,Fiber optic,Yes,Two year,Yes,Credit card (automatic),110.8,7882.25,No
6919-ELBGL,Male,Yes,Fiber optic,,Two year,Yes,Bank transfer (automatic),,8196.4,No
3966-HRMZA,Female,Yes,,,Month-to-month,No,Mailed check,,202.9,No
6425-JWTDV,Male,Yes,No,No internet service,Two year,No,Mailed check,19.25,855.1,No
8405-IGQFX,Female,Yes,Fiber optic,Yes,One year,Yes,Credit card (automatic),90.05,5817,No
8224-IVVPA,Female,Yes,DSL,No,Month-to-month,Yes,Mailed check,56.7,1652.95,No
9477-LGWQI,Male,Yes,DSL,Yes,Two year,Yes,Credit card (automatic),80.15,5600.15,No
1410-RSCMR,,Yes,,,Month-to-month,Yes,Credit card (automatic),,515.75,No
3115-CZMZD,Male,Yes,No,No internet service,Two year,No,Mailed check,20.25, ,No
0139-IVFJG,Female,Yes,Fiber optic,Yes,Month-to-month,No,Electronic check,90.35,190.5,No
6683-VLCTZ,Male,Yes,Fiber optic,,Month-to-month,Yes,Electronic check,,1842.8,Yes
5730-DBDSI,,Yes,,,Two year,No,Bank transfer (automatic),,1253.8,No
0030-FNXPP,Female,Yes,No,No internet service,Month-to-month,No,Mailed check,19.85,57.2,No
2189-WWOEW,Female,Yes,Fiber optic,No,Month-to-month,Yes,Bank transfer (automatic),85.9,1269.55,Yes
5684-FJVYR,Female,Yes,Fiber optic,No,Two year,Yes,Bank transfer (automatic),90.35,6563.4,No
4013-GUXND,Male,Yes,No,No internet service,Month-to-month,No,Mailed check,20.8,20.8,No
1894-IGFSG,Female,Yes,Fiber optic,Yes,Month-to-month,No,Electronic check,89.25,1907.85,Yes
7379-POKDZ,Male,Yes,Fiber optic,No,Month-to-month,Yes,Electronic check,70.3,208.85,Yes
1266-NZYUI,,Yes,,,Two year,No,Bank transfer (automatic),,4758.8,No
7969-FFOWG,,Yes,,,Two year,No,Mailed check,,1292.6,No
4718-DHSMV,Female,No,DSL,Yes,Month-to-month,Yes,Mailed check,35.8,363.15,No
5175-WLYXL,Male,Yes,Fiber optic,No,Month-to-month,Yes,Mailed check,78.85,1600.25,No
7817-OMJNA,Male,Yes,No,No internet service,One year,No,Bank transfer (automatic),20.4,275.7,No
8728-SKJLR,Male,Yes,Fiber optic,No,Month-to-month,Yes,Electronic check,74.25,3089.1,No
3137-NYQQI,Male,Yes,DSL,No,One year,No,Mailed check,64.8,1175.6,No
7706-DZNKK,Male,Yes,No,No internet service,Month-to-month,Yes,Credit card (automatic),20.45,237.3,No
0236-HFWSV,Male,Yes,Fiber optic,Yes,Month-to-month,Yes,Electronic check,93.35,1444.65,Yes
3900-AQPHZ,Female,Yes,No,No internet service,Month-to-month,No,Mailed check,19.9,19.9,Yes
5842-POCOP,Female,Yes,Fiber optic,No,Month-to-month,Yes,Mailed check,88.9,454.15,Yes
2037-XJFUP,Male,Yes,Fiber optic,Yes,One year,Yes,Electronic check,95.8,3036.75,Yes
8823-RLPWL,Female,Yes,Fiber optic,Yes,Two year,Yes,Credit card (automatic),110.65,8065.65,No
9505-SQFSW,Female,No,DSL,No,Month-to-month,No,Mailed check,40.3,92.5,No
7314-OXENN,Male,Yes,Fiber optic,No,Month-to-month,Yes,Electronic check,82,184.65,Yes
3758-CKOQL,Female,Yes,Fiber optic,No,One year,Yes,Credit card (automatic),107,6152.3,No
0322-CHQRU,Male,Yes,DSL,No,Month-to-month,No,Electronic check,45.35,89.5,Yes
5676-CFLYY,Male,Yes,DSL,Yes,Two year,Yes,Credit card (automatic),73.35,5154.5,No
7521-AFHAB,Female,Yes,DSL,No,Month-to-month,No,Mailed check,44.8,220.45,No
0285-INHLN,Male,Yes,DSL,No,Month-to-month,Yes,Credit card (automatic),54.75,1510.3,No
4678-DVQEO,Female,Yes,DSL,No,Month-to-month,Yes,Electronic check,52.2,52.2,Yes
5125-CNDSP,Male,No,DSL,No,One year,Yes,Bank transfer (automatic),40.6,2588.95,No
0691-IFBQW,Female,Yes,Fiber optic,Yes,One year,Yes,Electronic check,110,4874.8,Yes
4992-LTJNE,Male,Yes,DSL,No,Two year,No,Bank transfer (automatic),55.3,3983.6,No
2202-OUTMO,Female,Yes,DSL,,Month-to-month,Yes,Bank transfer (automatic),,2003.6,No
0810-BDHAW,Female,Yes,DSL,Yes,One year,No,Electronic check,78.4,1832.4,No
0229-LFJAF,,Yes,,,Two year,No,Bank transfer (automatic),,4908.25,No
7131-ZQZNK,Female,No,DSL,Yes,Two year,No,Credit card (automatic),59.85,3590.2,No
3442-ZHHCC,Male,Yes,DSL,No,One year,Yes,Credit card (automatic),76.9,5023,No
5726-CVNYA,Female,Yes,No,No internet service,Two year,Yes,Mailed check,19.85,146.6,No
9871-ELEYA,Female,Yes,DSL,Yes,Two year,No,Credit card (automatic),67.65,2339.3,No
4257-GAESD,Female,No,DSL,,Month-to-month,No,Credit card (automatic),,298.7,No
5173-WXOQV,Male,Yes,DSL,No,Month-to-month,Yes,Mailed check,64.2,143.65,No
2040-OBMLJ,Male,Yes,Fiber optic,No,One year,No,Credit card (automatic),81.7,2548.65,No
6286-ZHAOK,Female,Yes,No,No internet service,Month-to-month,Yes,Bank transfer (automatic),25.55,507.4,No
3807-XHCJH,Female,Yes,,,Month-to-month,No,Electronic check,,20,No
3009-JWMPU,Male,Yes,Fiber optic,Yes,One year,Yes,Electronic check,96.75,6125.4,Yes
5671-RQRLP,,Yes,,,Two year,Yes,Credit card (automatic),,5411.4,No
1450-GALXR,Female,Yes,Fiber optic,Yes,Month-to-month,Yes,Electronic check,98.5,1058.25,Yes
8859-AXJZP,Male,Yes,No,No internet service,Two year,Yes,Mailed check,23.8,903.8,No
3174-AKMAS,Female,Yes,DSL,Yes,Two year,Yes,Credit card (automatic),64.2,3009.5,No
3138-BKYAV,Male,Yes,Fiber optic,Yes,Month-to-month,Yes,Electronic check,85.35,489.45,Yes
9926-PJHDQ,Female,Yes,DSL,,Two year,Yes,Bank transfer (automatic),,5468.45,No
7382-DFJTU,Male,Yes,DSL,No,Month-to-month,No,Credit card (automatic),55.2,1058.1,No
2798-NYLMZ,Male,Yes,Fiber optic,Yes,Two year,Yes,Credit card (automatic),108.55,7616,No
4289-DTDKW,Male,Yes,Fiber optic,Yes,Month-to-month,Yes,Electronic check,101.3,4113.1,Yes
1820-TQVEV,Male,Yes,Fiber optic,No,Month-to-month,Yes,Electronic check,69.55,69.55,Yes
2239-JALAW,Male,Yes,Fiber optic,Yes,One year,Yes,Bank transfer (automatic),103.25,6017.65,Yes
4853-RULSV,,Yes,,,Two year,Yes,Credit card (automatic),,7250.15,Yes
8098-TDCBU,Female,Yes,,,Two year,No,Electronic check,,1108.2,No
3551-GAEGL,Male,No,DSL,No,One year,No,Bank transfer (automatic),30.4,938.65,No
4785-NKHCX,Male,Yes,No,No internet service,Month-to-month,No,Bank transfer (automatic),20.05,94.15,No
3196-NVXLZ,Female,Yes,Fiber optic,Yes,Month-to-month,Yes,Mailed check,84.6,2088.05,No
6275-YDUVO,Female,Yes,Fiber optic,No,Month-to-month,Yes,Mailed check,86.2,178.7,Yes
0036-IHMOT,Female,Yes,Fiber optic,Yes,One year,Yes,Bank transfer (automatic),103.7,5656.75,No
0115-TFERT,Male,Yes,Fiber optic,Yes,Month-to-month,Yes,Electronic check,111.2,2317.1,Yes
4178-EGMON,Male,Yes,Fiber optic,No,Two year,Yes,Credit card (automatic),88,5986.45,No
4220-TINQT,Female,Yes,Fiber optic,Yes,Month-to-month,Yes,Electronic check,106.35,6751.35,No
5318-YKDPV,Male,Yes,DSL,Yes,Two year,Yes,Credit card (automatic),79.15,3566.6,No
7975-TZMLR,Male,Yes,Fiber optic,Yes,One year,Yes,Electronic check,103.1,4889.3,No
0295-QVKPB,Male,Yes,DSL,Yes,Month-to-month,Yes,Credit card (automatic),63.95,318.1,No
4335-BSMJS,Female,Yes,No,No internet service,Two year,Yes,Credit card (automatic),25.8,1563.95,No
2311-QYMUQ,Female,Yes,Fiber optic,Yes,Month-to-month,Yes,Credit card (automatic),89.45,1430.25,Yes
3643-AHCFP,Male,Yes,Fiber optic,Yes,Month-to-month,Yes,Bank transfer (automatic),95.6,644.35,Yes
9146-JRIOX,Female,Yes,No,No internet service,Month-to-month,No,Mailed check,25.55,372.45,No
3104-OWCGK,,Yes,,,One year,No,Electronic check,,5453.4,Yes
5337-IIWKZ,Male,No,DSL,Yes,Month-to-month,Yes,Electronic check,44.85,1442.6,No
9101-BWFSS,Female,Yes,Fiber optic,Yes,One year,No,Electronic check,108.55,5610.7,Yes
9650-VBUOG,Male,Yes,No,No internet service,Two year,No,Credit card (automatic),25.05,963.95,No
3487-EARAT,Female,Yes,DSL,No,One year,No,Credit card (automatic),74.1,5222.3,No
2672-TGEFF,,Yes,,,Month-to-month,Yes,Electronic check,,3340.55,No
9231-ZJYAM,Female,Yes,Fiber optic,Yes,Month-to-month,Yes,Electronic check,78.85,292.8,Yes
4250-WAROZ,Male,Yes,Fiber optic,No,Month-to-month,Yes,Electronic check,93.25,5774.55,No
8184-WMOFI,Male,Yes,DSL,No,One year,No,Credit card (automatic),71.4,4487.3,No
6982-SSHFK,Male,Yes,DSL,No,Month-to-month,No,Mailed check,44.4,44.4,Yes
6092-QZVPP,Male,Yes,DSL,,Month-to-month,Yes,Credit card (automatic),,2854.95,No
4625-LAMOB,Male,Yes,No,No internet service,Two year,No,Credit card (automatic),20.4,905.55,No
0727-BMPLR,Female,Yes,Fiber optic,Yes,One year,Yes,Electronic check,100,5509.3,Yes
0392-BZIUW,Female,Yes,Fiber optic,Yes,Two year,Yes,Credit card (automatic),105,7589.8,No
1038-ZAGBI,,Yes,,,One year,No,Bank transfer (automatic),,229.6,Yes
6549-NNDYT,Female,No,DSL,No,Month-to-month,Yes,Bank transfer (automatic),30.85,394.1,No
3027-ZTDHO,Male,Yes,Fiber optic,Yes,Month-to-month,Yes,Electronic check,89.9,89.9,Yes
0422-OHQHQ,Female,Yes,No,No internet service,One year,No,Mailed check,20.55,295.95,No
6916-HIJSE,Female,Yes,DSL,Yes,Two year,Yes,Bank transfer (automatic),84.85,5459.2,No
2316-ESMLS,Female,No,DSL,,One year,No,Credit card (automatic),,444.75,No
9778-OGKQZ,Male,Yes,DSL,Yes,Two year,Yes,Credit card (automatic),92,6782.15,No
7408-OFWXJ,Female,Yes,DSL,Yes,Two year,No,Credit card (automatic),89.8,6510.45,No
6007-TCTST,Female,Yes,Fiber optic,Yes,Two year,Yes,Bank transfer (automatic),115.8,8476.5,No
2252-NKNSI,Male,Yes,DSL,Yes,Two year,Yes,Mailed check,85.15,4461.85,No
8713-IGZSO,,Yes,,,Month-to-month,No,Mailed check,,62,No
7905-TVXTA,Female,Yes,DSL,Yes,Month-to-month,Yes,Electronic check,64.35,352.65,No
7695-PKLCZ,Female,Yes,No,No internet service,Two year,No,Credit card (automatic),20.5,1424.9,No
2382-BCKQJ,Female,Yes,Fiber optic,Yes,One year,Yes,Electronic check,100.15,6413.65,Yes
8374-UULRV,Male,Yes,DSL,Yes,Two year,No,Credit card (automatic),86.05,6309.65,No
2207-NHRJK,Male,Yes,DSL,No,Month-to-month,No,Electronic check,50.8,50.8,Yes
3224-DFQNQ,Female,Yes,Fiber optic,No,One year,No,Electronic check,89,5898.6,No
5275-PMFUT,Male,No,DSL,Yes,Two year,Yes,Credit card (automatic),64.8,4719.75,No
4795-UXVCJ,Male,Yes,No,No internet service,One year,No,Credit card (automatic),19.8,457.3,No
9777-IQHWP,Male,Yes,Fiber optic,No,Two year,No,Bank transfer (automatic),93.4,5822.3,No
0947-MUGVO,Male,Yes,Fiber optic,No,Month-to-month,Yes,Electronic check,73.65,1463.5,Yes
9944-HKVVB,Female,Yes,Fiber optic,Yes,Month-to-month,Yes,Electronic check,95.1,307.4,Yes
4124-MMETB,Male,Yes,Fiber optic,,Month-to-month,Yes,Credit card (automatic),,2104.55,Yes
3671-SHRSP,,Yes,,,Month-to-month,Yes,Mailed check,,319.15,Yes
0979-MOZQI,Male,No,DSL,Yes,Two year,Yes,Bank transfer (automatic),39,2337.45,No
2732-ISEZX,Female,Yes,No,No internet service,Month-to-month,Yes,Mailed check,20.5,104.3,No
3313-QKNKB,Male,Yes,Fiber optic,No,One year,No,Electronic check,85.55,5084.65,Yes
0323-XWWTN,Male,Yes,No,No internet service,Two year,Yes,Mailed check,26.4,121.25,No
1937-OTUKY,Female,Yes,Fiber optic,Yes,Two year,Yes,Bank transfer (automatic),98.2,7015.9,No
1573-LGXBA,Male,Yes,Fiber optic,Yes,One year,Yes,Credit card (automatic),97.55,5598,No
1764-VUUMT,Male,Yes,No,No internet service,Two year,No,Credit card (automatic),19.95,1269.1,No
5073-WXOYN,Female,No,DSL,Yes,Month-to-month,Yes,Electronic check,50.8,3027.4,Yes
4713-ZBURT,Male,Yes,Fiber optic,Yes,Two year,No,Bank transfer (automatic),99.7,4634.35,No
3050-GBUSH,Female,No,DSL,Yes,Month-to-month,Yes,Credit card (automatic),34.8,113.95,No
0207-MDKNV,Female,Yes,Fiber optic,Yes,Month-to-month,No,Electronic check,105.1,1582.75,Yes
7876-AEHIG,Female,No,DSL,Yes,One year,No,Bank transfer (automatic),60.15,3077,No
7945-HLKEA,Female,Yes,DSL,No,One year,No,Electronic check,64.75,4039.5,No
9342-VNIMQ,Male,Yes,DSL,No,Month-to-month,Yes,Bank transfer (automatic),54.65,1665.2,No
9851-KIELU,Male,Yes,Fiber optic,Yes,Month-to-month,Yes,Electronic check,110.1,1043.3,Yes
3523-BRGUW,Male,Yes,No,No internet service,One year,No,Credit card (automatic),19.3,504.2,No
3908-BLSYF,Female,Yes,Fiber optic,No,Month-to-month,No,Electronic check,83.9,497.55,Yes
3199-NPKCN,Female,Yes,Fiber optic,Yes,One year,Yes,Electronic check,111.25,7511.65,No
5170-PTRKA,Female,No,DSL,No,One year,Yes,Credit card (automatic),35.8,1782,No
4661-NJEUX,Male,Yes,No,No internet service,Month-to-month,Yes,Mailed check,20.05,20.05,No
2123-AGEEN,Female,Yes,Fiber optic,Yes,Month-to-month,Yes,Electronic check,84.35,609.65,No
1258-YMZNM,Female,Yes,Fiber optic,Yes,One year,Yes,Bank transfer (automatic),110.5,2857.6,No
0048-LUMLS,Male,Yes,Fiber optic,Yes,One year,No,Credit card (automatic),91.2,3247.55,No
7549-MYGPK,Female,Yes,Fiber optic,Yes,Month-to-month,Yes,Electronic check,100.55,6215.35,Yes
5898-IGSLP,Male,Yes,Fiber optic,No,Month-to-month,No,Electronic check,89.3,2823,No
3804-RVTGV,Male,Yes,Fiber optic,Yes,Month-to-month,Yes,Bank transfer (automatic),103.85,5017.9,Yes
6259-WJQLC,Male,Yes,Fiber optic,No,Month-to-month,Yes,Credit card (automatic),81.1,2619.25,No
9227-LUNBG,Female,No,DSL,No,Month-to-month,No,Electronic check,24.6,24.6,Yes
7997-EASSD,Female,Yes,Fiber optic,No,One year,Yes,Credit card (automatic),81.2,4965.1,No
0730-KOAVE,Male,Yes,Fiber optic,No,Month-to-month,Yes,Credit card (automatic),94.3,2679.7,No
8975-SKGRX,Male,Yes,Fiber optic,Yes,Two year,Yes,Bank transfer (automatic),116.1,8310.55,No
0678-RLHVP,Female,Yes,Fiber optic,Yes,Two year,No,Electronic check,105.55,5682.25,No
4315-MURBD,Female,Yes,Fiber optic,Yes,Month-to-month,Yes,Bank transfer (automatic),98.9,1120.95,Yes
2267-FPIMA,Male,Yes,Fiber optic,No,Month-to-month,Yes,Credit card (automatic),94.4,4914.9,No
1051-GEJLJ,Female,Yes,No,No internet service,Month-to-month,No,Mailed check,19.5,27.55,No
9734-YWGEX,Female,Yes,Fiber optic,Yes,Month-to-month,No,Credit card (automatic),98.3,923.5,Yes
2719-BDAQO,Male,Yes,Fiber optic,Yes,Month-to-month,No,Electronic check,93.85,1625.65,Yes
5285-MVEHD,Female,Yes,Fiber optic,Yes,One year,Yes,Credit card (automatic),105.6,6068.65,No
0379-DJQHR,Male,Yes,DSL,,Two year,No,Credit card (automatic),,5398.6,No
0781-LKXBR,Male,Yes,Fiber optic,Yes,Month-to-month,Yes,Electronic check,100.5,918.6,Yes
5543-QDCRY,Male,Yes,DSL,Yes,Month-to-month,Yes,Electronic check,56.4,234.85,No
0297-RBCSG,Male,Yes,DSL,,One year,Yes,Bank transfer (automatic),,1231.85,No
4694-PHWFW,Female,Yes,No,No internet service,Month-to-month,No,Mailed check,19.95,170.9,No
0835-JKADZ,Female,Yes,Fiber optic,Yes,Two year,Yes,Electronic check,111.25,7984.15,No
1907-UBQFC,Male,Yes,Fiber optic,No,Month-to-month,Yes,Electronic check,72.85,688.65,Yes
7508-SMHXL,Female,Yes,Fiber optic,Yes,Month-to-month,No,Credit card (automatic),89,1288.3,No
3865-YIOTT,Male,Yes,Fiber optic,Yes,One year,Yes,Bank transfer (automatic),106.1,7848.5,No
5993-BQHEA,Male,Yes,No,No internet service,One year,No,Credit card (automatic),20.05,267,No
6024-RUGGH,Male,Yes,No,No internet service,Two year,Yes,Bank transfer (automatic),25.2,1798.9,No
6513-EECDB,Male,Yes,Fiber optic,No,Month-to-month,Yes,Electronic check,73.55,73.55,Yes
3956-CJUST,Female,Yes,Fiber optic,No,Month-to-month,Yes,Bank transfer (automatic),75.4,1643.55,No
4079-WWQQQ,Male,No,DSL,Yes,Two year,Yes,Bank transfer (automatic),65.55,4807.45,No
6103-BOCOU,Female,Yes,Fiber optic,No,Month-to-month,Yes,Electronic check,80.7,2193,No
5149-TGWDZ,Female,Yes,Fiber optic,Yes,One year,Yes,Mailed check,104.55,2239.4,No
7471-WNSUF,Male,Yes,No,No internet service,One year,No,Bank transfer (automatic),24.15,1505.9,No
8942-DBMHZ,Male,Yes,,,Month-to-month,No,Mailed check,,255.35,No
4301-VVZKA,Male,Yes,Fiber optic,No,Month-to-month,Yes,Electronic check,75.4,1189.4,No
9199-PWQVC,Female,Yes,DSL,Yes,One year,Yes,Credit card (automatic),79.7,4786.15,No
4824-GUCBY,Female,Yes,Fiber optic,No,Month-to-month,No,Electronic check,81.7,1820.9,No
5393-HJZSM,Female,Yes,DSL,No,Month-to-month,No,Bank transfer (automatic),76.3,2404.15,No
7074-IEVOJ,Female,Yes,Fiber optic,,Month-to-month,Yes,Electronic check,,205.05,Yes
9625-QSTYE,Female,Yes,,,Month-to-month,Yes,Electronic check,,952.3,Yes
0862-PRCBS,Female,Yes,Fiber optic,Yes,Two year,Yes,Credit card (automatic),103.75,7039.45,No
8812-ZRHFP,Female,Yes,Fiber optic,No,One year,No,Electronic check,86.45,2538.05,No
5146-CBVOE,Female,Yes,Fiber optic,No,Month-to-month,No,Bank transfer (automatic),75.1,1212.85,No
0454-OKRCT,Male,Yes,Fiber optic,,Two year,No,Bank transfer (automatic),,2651.1,No
5787-KXGIY,,Yes,,,Two year,No,Credit card (automatic),,1304.8,No
4750-ZRXIU,Female,Yes,Fiber optic,No,Month-to-month,Yes,Electronic check,84.6,360.1,Yes
4198-VFOEA,Female,No,DSL,No,One year,Yes,Mailed check,33.6,435.45,No
6630-UJZMY,Female,Yes,Fiber optic,Yes,Month-to-month,Yes,Electronic check,83.25,308.05,No
5709-LVOEQ,Female,Yes,DSL,Yes,Two year,No,Mailed check,80.85, ,No
6400-BWQKW,,Yes,,,Month-to-month,Yes,Electronic check,,434.5,Yes
2692-AQCPF,Female,Yes,Fiber optic,Yes,One year,Yes,Credit card (automatic),108.05,7118.9,No
0347-UBKUZ,Female,Yes,No,No internet service,Month-to-month,No,Mailed check,19.9,320.45,No
0835-DUUIQ,Female,Yes,No,,One year,No,Bank transfer (automatic),,531.55,No
0811-GSDTP,Female,No,DSL,No,Month-to-month,No,Electronic check,30.15,382.2,No
7567-ECMCM,Male,Yes,Fiber optic,No,Month-to-month,Yes,Credit card (automatic),79.85,2001,No
6115-ZTBFQ,Female,No,DSL,Yes,Two year,No,Bank transfer (automatic),65.5,4919.7,No
6353-BRMMA,Female,Yes,Fiber optic,Yes,Month-to-month,Yes,Bank transfer (automatic),104.1,5645.8,No
6680-WKXRZ,Female,Yes,Fiber optic,No,Month-to-month,No,Bank transfer (automatic),74.4,215.8,Yes
6231-WFGFH,Male,Yes,No,No internet service,Month-to-month,Yes,Mailed check,20.5,77.6,No
9904-EHEVJ,Female,Yes,Fiber optic,Yes,Month-to-month,Yes,Mailed check,91.35,2896.55,No
7028-DVOIQ,Male,Yes,Fiber optic,Yes,Month-to-month,Yes,Electronic check,99.05,3395.8,Yes
6169-PPETC,Male,Yes,No,No internet service,Two year,No,Bank transfer (automatic),20.5,759.35,No
4208-UFFGW,Male,Yes,DSL,No,Month-to-month,No,Mailed check,44.95,85.15,Yes
8584-KMVXD,Female,Yes,Fiber optic,No,Month-to-month,No,Electronic check,75.6,535.55,No
8467-WYNSR,Male,Yes,DSL,No,Month-to-month,No,Mailed check,55.1,1253.15,No
0851-DFJKB,Female,Yes,DSL,No,Month-to-month,No,Electronic check,58.95,955.15,No
5382-SOYZL,Male,Yes,Fiber optic,Yes,Month-to-month,Yes,Electronic check,95.1,2162.6,No
9448-REEVD,Male,Yes,DSL,No,Month-to-month,No,Credit card (automatic),44.7,44.7,Yes
3261-CQXOL,Female,Yes,No,No internet service,Two year,No,Bank transfer (automatic),25.45,1813.35,No
8388-FYNPZ,,Yes,,,Month-to-month,No,Electronic check,,245.15,No
4002-BQWPQ,Male,Yes,DSL,No,Month-to-month,No,Bank transfer (automatic),81.75,2028.8,No
5651-YLPRD,Female,Yes,Fiber optic,Yes,Month-to-month,Yes,Electronic check,86.1,2723.75,No
2826-DXLQO,,No,,,Month-to-month,No,Bank transfer (automatic),,220.45,No
4378-BZYFP,Male,Yes,No,No internet service,One year,Yes,Mailed check,20.5,365.8,No
9489-UTFKA,Male,Yes,DSL,Yes,Month-to-month,No,Bank transfer (automatic),60.9,551.95,No
4849-PYRLQ,Female,Yes,DSL,No,Two year,No,Bank transfer (automatic),73.25,4054.2,No
9117-SHLZX,Male,Yes,DSL,,Month-to-month,Yes,Mailed check,,45.7,Yes
9889-TMAHG,Male,Yes,,,Month-to-month,No,Credit card (automatic),,832.35,Yes
4541-RMRLG,Male,Yes,No,No internet service,Month-to-month,No,Electronic check,19.25,112.3,Yes
7764-BDPEE,Male,Yes,No,No internet service,Month-to-month,No,Mailed check,20.85,60.65,No
3429-IFLEM,Female,Yes,DSL,Yes,Two year,No,Credit card (automatic),77.35,5550.1,No
3158-MOERK,Female,Yes,Fiber optic,,Month-to-month,Yes,Electronic check,,174.8,Yes
7294-TMAOP,,Yes,,,Month-to-month,No,Electronic check,,90.55,Yes
5002-GCQFH,Male,Yes,Fiber optic,Yes,Month-to-month,Yes,Bank transfer (automatic),93.85,4733.1,No
0556-FJEGU,Male,Yes,DSL,Yes,Two year,No,Bank transfer (automatic),70.1,4048.95,No
8919-FYFQZ,Male,No,DSL,No,Month-to-month,Yes,Electronic check,30.35,1359.7,Yes
0604-THJFP,Female,Yes,DSL,Yes,Two year,Yes,Credit card (automatic),75.95,4542.35,No
2834-JRTUA,Male,Yes,Fiber optic,Yes,Two year,Yes,Electronic check,108.05,7532.15,Yes
5875-YPQFJ,Male,Yes,Fiber optic,No,Month-to-month,Yes,Electronic check,69.9,69.9,Yes
5879-SESNB,Female,Yes,Fiber optic,No,Month-to-month,No,Electronic check,75.25,888.65,No
6646-QVXLR,Male,Yes,Fiber optic,Yes,One year,Yes,Electronic check,103.75,6383.35,Yes
6461-PPAXN,Female,Yes,DSL,No,One year,Yes,Bank transfer (automatic),54.95,1916,No
3318-ISQFQ,Female,Yes,No,No internet service,Month-to-month,Yes,Bank transfer (automatic),19.5,413,No
1106-HRLKZ,Male,Yes,No,No internet service,Two year,No,Mailed check,19.6,808.95,No
2483-XSSMZ,,Yes,,,One year,Yes,Electronic check,,1886.4,No
8603-IJWDN,Male,Yes,Fiber optic,No,Month-to-month,Yes,Electronic check,86.6,86.6,Yes
8165-ZJRNM,Female,Yes,No,No internet service,Two year,No,Bank transfer (automatic),23.75,1679.25,No
9369-XFEHK,Female,Yes,Fiber optic,No,Month-to-month,Yes,Bank transfer (automatic),80.6,2656.5,Yes
2604-XVDAM,Female,Yes,DSL,No,Month-to-month,No,Bank transfer (automatic),43.8,540.95,No
3717-OFRTN,Male,Yes,No,No internet service,Month-to-month,No,Bank transfer (automatic),19.75,19.75,No
9046-JBFWA,Male,Yes,No,No internet service,Month-to-month,No,Mailed check,19.15,537.35,No
3280-NMUVX,Male,Yes,No,No internet service,One year,No,Credit card (automatic),19.6,678.8,No
1206-EHBDD,Female,Yes,Fiber optic,No,Two year,No,Bank transfer (automatic),80.3,4513.65,No
8361-LBRDI,Female,Yes,No,No internet service,Two year,No,Credit card (automatic),24.35,1423.85,No
4883-KCPZJ,Female,Yes,No,No internet service,Two year,No,Credit card (automatic),25.25,555.4,No
9108-EQPNQ,Female,Yes,No,No internet service,Two year,No,Credit card (automatic),26.1,225.55,No
7277-KAMWT,,Yes,,,Two year,No,Credit card (automatic),,268.45,No
3842-IYKUE,Female,Yes,Fiber optic,No,Month-to-month,No,Credit card (automatic),85.3,2917.5,Yes
6641-XRPSU,,Yes,,,Month-to-month,Yes,Credit card (automatic),,2416.1,Yes
1374-DMZUI,Female,Yes,Fiber optic,Yes,Month-to-month,Yes,Electronic check,94.3,424.45,Yes
2545-LXYVJ,Male,Yes,No,No internet service,Two year,No,Bank transfer (automatic),20.7,1492.1,No
3234-VKACU,Male,Yes,DSL,Yes,Month-to-month,No,Electronic check,70.3,132.4,No
8357-EQXFO,Female,Yes,Fiber optic,Yes,Month-to-month,Yes,Electronic check,95.35,660.9,Yes
1989-PRJHP,Male,Yes,Fiber optic,No,Month-to-month,Yes,Electronic check,75.5,1893.95,Yes
8120-JDCAM,,Yes,,,Month-to-month,Yes,Mailed check,,284.9,No
8917-FAEMR,Female,Yes,No,No internet service,Two year,No,Mailed check,19.85,784.25,No
7047-YXDMZ,Male,Yes,No,No internet service,Month-to-month,No,Mailed check,20,417.7,No
2858-EIMXH,,Yes,,,One year,Yes,Credit card (automatic),,5016.25,No
9524-EGPJC,Female,Yes,Fiber optic,No,Month-to-month,Yes,Electronic check,90.1,1612.75,Yes
6993-OHLXR,Female,Yes,Fiber optic,No,Month-to-month,No,Electronic check,68.95,119.75,Yes
8818-XYFCQ,Male,Yes,Fiber optic,Yes,Month-to-month,Yes,Credit card (automatic),99.55,3204.65,Yes
6419-ZTTLE,Male,Yes,,,One year,Yes,Electronic check,,485.2,No
0929-HYQEW,Male,Yes,DSL,,Month-to-month,Yes,Mailed check,,160.85,No
6614-YOLAC,Female,No,DSL,Yes,Two year,No,Mailed check,58.65,4145.25,No
7426-RHZGU,Male,Yes,Fiber optic,Yes,Month-to-month,Yes,Bank transfer (automatic),95.9,827.45,No
4065-JJAVA,Female,Yes,DSL,No,Month-to-month,No,Electronic check,49.5,49.5,No
4695-VADHF,Male,Yes,DSL,No,Month-to-month,No,Electronic check,57.45,990.85,Yes
3863-IUBJR,Male,Yes,DSL,No,One year,No,Credit card (automatic),53.65,696.35,Yes
7649-SIJJF,Male,Yes,DSL,No,Two year,Yes,Mailed check,80.1,5585.4,No
9361-YNQWJ,Female,Yes,No,No internet service,One year,Yes,Bank transfer (automatic),24.4,1601.2,No
3748-FVMZZ,Male,No,DSL,No,Month-to-month,Yes,Electronic check,40.05,162.45,No
9391-TTOYH,Female,Yes,No,No internet service,Month-to-month,Yes,Mailed check,19.5,470.2,No
1452-XRSJV,,Yes,,,Month-to-month,No,Credit card (automatic),,2066,No
3422-WJOYD,Male,Yes,DSL,No,One year,No,Mailed check,54.35,1426.45,No
8242-SOQUO,Female,Yes,,,Month-to-month,Yes,Electronic check,,392.5,No
7460-ITWWP,Female,Yes,Fiber optic,No,Month-to-month,Yes,Electronic check,86.1,3861.45,No
7147-AYBAA,Male,Yes,Fiber optic,No,Month-to-month,Yes,Mailed check,70.35,2552.9,No
7868-TMWMZ,,Yes,,,Two year,Yes,Bank transfer (automatic),,6668.35,No
4822-RVYBB,Male,Yes,Fiber optic,Yes,Month-to-month,Yes,Electronic check,100.6,819.4,Yes
6732-FZUGP,Female,Yes,Fiber optic,Yes,One year,No,Credit card (automatic),94.9,4615.25,No
8436-BJUMM,Male,Yes,Fiber optic,Yes,Month-to-month,Yes,Electronic check,83.75,2070.6,Yes
4184-TJFAN,Female,Yes,Fiber optic,Yes,Month-to-month,Yes,Mailed check,88.3,273.75,Yes
8329-GWVPJ,Female,Yes,Fiber optic,No,Month-to-month,Yes,Bank transfer (automatic),69.75,3557.7,No
1352-VHKAJ,Male,Yes,DSL,Yes,Month-to-month,No,Bank transfer (automatic),71.6,1957.1,No
4145-UQXUQ,Female,Yes,Fiber optic,,Month-to-month,Yes,Electronic check,,729.95,Yes
2632-TACXW,Female,Yes,No,No internet service,Two year,No,Bank transfer (automatic),23.65,1416.75,No
8146-QQKZH,,Yes,,,Two year,No,Bank transfer (automatic),,5924.4,No
1767-CJKBA,Male,Yes,No,No internet service,Two year,No,Mailed check,25.1,1697.7,No
6445-TNRXS,Male,Yes,Fiber optic,Yes,Two year,Yes,Bank transfer (automatic),114.7,7849.85,No
4581-LNWUM,Female,No,DSL,Yes,Month-to-month,No,Electronic check,49.15,649.4,No
4869-EPIUS,,Yes,,,One year,Yes,Electronic check,,4557.5,No
9948-YPTDG,Male,Yes,,,Month-to-month,Yes,Electronic check,,3013.05,Yes
1236-WFCDV,Male,Yes,Fiber optic,Yes,Month-to-month,No,Credit card (automatic),90.45,1266.1,Yes
1915-OAKWD,,Yes,,,One year,Yes,Bank transfer (automatic),,360.35,No
7296-PIXQY,,Yes,,,Month-to-month,No,Electronic check,,1046.5,No
4883-QICIH,Male,Yes,Fiber optic,No,Month-to-month,Yes,Bank transfer (automatic),69.75,2347.9,Yes
3354-OADJP,Female,Yes,DSL,,One year,No,Bank transfer (automatic),,447.75,No
3524-WQDSG,Female,Yes,Fiber optic,Yes,Month-to-month,Yes,Bank transfer (automatic),99.3,4209.95,No
0810-DHDBD,Female,Yes,,,One year,No,Credit card (automatic),,3877.65,No
4026-SKKHW,Male,Yes,,,Month-to-month,Yes,Mailed check,,152.3,No
2829-HYVZP,Male,Yes,No,No internet service,One year,Yes,Mailed check,19.8,572.2,No
8329-IBCTI,Female,Yes,No,,Month-to-month,No,Mailed check,,19.65,Yes
1271-SJBGZ,Male,No,DSL,No,Month-to-month,Yes,Electronic check,43.65,526.95,Yes
3845-JHAMY,Female,No,DSL,No,Month-to-month,Yes,Credit card (automatic),35.5,552.7,No
7013-PSXHK,Female,Yes,DSL,Yes,One year,Yes,Mailed check,80.75,3208.65,No
5669-SRAIP,Female,No,DSL,No,Month-to-month,No,Electronic check,39.5,210.75,Yes
5981-ITEMU,Male,Yes,Fiber optic,Yes,Month-to-month,Yes,Bank transfer (automatic),97.1,3706.95,Yes
3486-NPGST,,Yes,,,One year,No,Mailed check,,620.75,No
6941-PMGEP,,Yes,,,Month-to-month,Yes,Electronic check,,412.5,Yes
1624-WOIWJ,,Yes,,,Month-to-month,Yes,Mailed check,,832.05,Yes
2074-GKOWZ,Male,Yes,Fiber optic,Yes,Month-to-month,Yes,Bank transfer (automatic),89.55,185.55,Yes
0376-YMCJC,Male,Yes,Fiber optic,Yes,Month-to-month,Yes,Electronic check,90.6,1943.2,Yes
6100-FJZDG,Male,Yes,No,No internet service,One year,Yes,Bank transfer (automatic),20.05,505.9,No
4829-ZLJTK,,Yes,,,Two year,Yes,Electronic check,,8046.85,No
1730-VFMWO,Female,Yes,DSL,No,Month-to-month,No,Bank transfer (automatic),50.2,1815.3,No
7143-BQIBA,Male,Yes,DSL,Yes,Month-to-month,No,Bank transfer (automatic),62.25,612.95,No
3800-LYTRK,Female,Yes,DSL,No,One year,No,Mailed check,55.7,795.15,No
0634-SZPQA,Female,Yes,Fiber optic,Yes,Month-to-month,Yes,Bank transfer (automatic),90.05,2169.8,Yes
9646-NMHXE,Male,Yes,No,No internet service,Two year,No,Mailed check,19.65,973.1,No
7030-NJVDP,Male,Yes,Fiber optic,No,Month-to-month,Yes,Electronic check,89.25,2210.2,No
5536-RTPWK,Male,Yes,Fiber optic,Yes,Month-to-month,Yes,Bank transfer (automatic),99.05,4853.75,Yes
8883-GRDWQ,Male,Yes,DSL,No,One year,No,Mailed check,54,1055.9,No
6166-ILMNY,Female,Yes,Fiber optic,No,Month-to-month,No,Bank transfer (automatic),69.75,144.55,Yes
3097-NNSPB,Female,Yes,DSL,No,Month-to-month,Yes,Credit card (automatic),49.05,91.1,Yes
7771-ZONAT,Male,No,DSL,Yes,Two year,No,Bank transfer (automatic),56.75,1304.85,No
0655-RBDUG,Male,Yes,Fiber optic,Yes,Month-to-month,Yes,Bank transfer (automatic),98.05,713,Yes
2111-DWYHN,Male,Yes,,,Month-to-month,No,Mailed check,,21.1,No
4194-WHFCB,,Yes,,,Month-to-month,Yes,Bank transfer (automatic),,5580.8,No
4121-AGSIN,Female,Yes,No,No internet service,One year,Yes,Credit card (automatic),24.5,1497.9,No
4361-BKAXE,Female,Yes,Fiber optic,Yes,Month-to-month,Yes,Bank transfer (automatic),114.5,4527.45,Yes
9845-PEEKO,,Yes,,,Two year,Yes,Credit card (automatic),,4590.35,No
0455-XFASS,,Yes,,,Month-to-month,Yes,Electronic check,,200.2,No
0301-KOBTQ,Male,Yes,No,No internet service,Two year,Yes,Bank transfer (automatic),20.05,614.45,No
1751-NCDLI,Male,Yes,Fiber optic,Yes,Month-to-month,Yes,Electronic check,98.85,4564.9,No
4367-NUYAO,Male,Yes,No,No internet service,Two year,No,Mailed check,25.75, ,No
9878-TNQGW,Male,Yes,Fiber optic,No,Month-to-month,Yes,Electronic check,80.95,171.15,Yes
9170-ARBTB,,Yes,,,One year,No,Credit card (automatic),,1012.4,No
4441-NIHPT,Female,Yes,Fiber optic,No,Month-to-month,Yes,Electronic check,74.3,940.35,Yes
8999-BOHSE,Female,Yes,Fiber optic,Yes,Month-to-month,No,Bank transfer (automatic),89.7,1047.7,Yes
7241-AJHFS,,Yes,,,Month-to-month,No,Bank transfer (automatic),,2766.4,No
7029-RPUAV,Male,Yes,Fiber optic,Yes,Month-to-month,Yes,Credit card (automatic),100.45,1622.45,Yes
4546-FOKWR,Female,Yes,Fiber optic,No,Month-to-month,Yes,Credit card (automatic),74.75,1129.35,No
9036-CSKBW,,Yes,,,One year,No,Bank transfer (automatic),,5680.9,No
5832-TRLPB,Male,Yes,DSL,Yes,One year,Yes,Bank transfer (automatic),75.35,2243.9,No
8590-YFFQO,Male,Yes,DSL,No,Two year,No,Credit card (automatic),64.95,4523.25,No
8659-IOOPU,Female,Yes,Fiber optic,No,Two year,No,Electronic check,100.45,7159.7,No
1338-CECEE,Male,Yes,DSL,Yes,One year,No,Bank transfer (automatic),68.5,2839.95,No
7439-DKZTW,Male,Yes,Fiber optic,Yes,Month-to-month,Yes,Electronic check,80.55,80.55,No
4646-QZXTF,Female,Yes,DSL,Yes,Month-to-month,No,Bank transfer (automatic),81.25,580.1,No
4607-CHPCA,,Yes,,,One year,Yes,Electronic check,,2178.6,Yes
9742-XOKTS,Male,Yes,Fiber optic,No,One year,No,Electronic check,89.55,6038.55,No
6921-OZMFH,Male,Yes,DSL,No,Month-to-month,Yes,Mailed check,55.7,259.4,No
9578-FOMUK,Male,Yes,No,No internet service,Month-to-month,Yes,Electronic check,24.8,324.15,No
4712-UYOOI,Female,Yes,No,,Month-to-month,No,Electronic check,,417.65,No
8824-RWFXJ,Male,Yes,DSL,No,Month-to-month,Yes,Mailed check,56.15,168.15,Yes
7722-CVFXN,,Yes,,,One year,Yes,Electronic check,,5637.85,No
8717-VCTXJ,Male,Yes,No,No internet service,One year,Yes,Mailed check,19.55,839.4,No
7363-QTBIW,Female,Yes,Fiber optic,No,Month-to-month,Yes,Electronic check,79.75,769.1,No
4159-NAAIX,Female,Yes,Fiber optic,Yes,Two year,No,Bank transfer (automatic),97.45,6253,No
0971-QIFJK,Female,Yes,No,No internet service,Two year,No,Bank transfer (automatic),24.25,1641.8,No
9397-TZSHA,Female,Yes,,,Two year,No,Credit card (automatic),,1678.05,No
3391-JSQEW,Male,Yes,DSL,,Month-to-month,Yes,Mailed check,,2058.5,No
0343-QLUZP,Male,No,DSL,No,Two year,No,Bank transfer (automatic),39.6,2424.5,No
9763-PDTKK,Female,Yes,Fiber optic,No,Month-to-month,Yes,Bank transfer (automatic),94.4,387.2,Yes
2176-LVPNX,Female,Yes,DSL,Yes,Two year,No,Mailed check,89.85,6293.45,No
7627-JKIAZ,Female,Yes,Fiber optic,No,Month-to-month,Yes,Credit card (automatic),78.95,2839.65,Yes
3312-UUMZW,Male,Yes,Fiber optic,Yes,Month-to-month,Yes,Credit card (automatic),98.85,3145.9,No
1271-UODNO,,Yes,,,Two year,Yes,Credit card (automatic),,2200.7,No
8461-EFQYM,Female,Yes,No,No internet service,One year,Yes,Electronic check,24.25,914.4,No
6900-RBKER,Male,Yes,Fiber optic,No,Two year,Yes,Credit card (automatic),89.45,4577.75,No
6891-JPYFF,Female,Yes,Fiber optic,Yes,Month-to-month,Yes,Credit card (automatic),105.25,4997.5,No
1459-QNFQT,Male,No,DSL,Yes,Two year,No,Bank transfer (automatic),59.5,4144.8,No
1047-NNCBF,Male,Yes,Fiber optic,No,Month-to-month,No,Credit card (automatic),70.55,1493.55,No
3696-XRIEN,Female,Yes,DSL,Yes,One year,Yes,Credit card (automatic),82.5,4179.1,No
4081-DYXAV,Female,No,DSL,Yes,One year,Yes,Credit card (automatic),44.85,893.55,Yes
0074-HDKDG,Male,Yes,DSL,No,One year,Yes,Bank transfer (automatic),61.6,1611,No
8791-GFXLZ,Male,Yes,DSL,No,Month-to-month,Yes,Bank transfer (automatic),49.05,593.05,No
8111-SLLHI,Male,Yes,Fiber optic,Yes,Month-to-month,Yes,Electronic check,105.65,4284.8,Yes
0927-LCSMG,Male,Yes,Fiber optic,No,Month-to-month,No,Mailed check,74.65,544.55,Yes
9330-DHBFL,Female,Yes,DSL,No,One year,Yes,Mailed check,66.25,1533.8,No
0098-BOWSO,Male,Yes,No,No internet service,Month-to-month,Yes,Electronic check,19.4,529.8,No
3452-ABWRL,Male,Yes,Fiber optic,Yes,Month-to-month,Yes,Credit card (automatic),86.05,3865.6,No
5859-HZYLF,Male,Yes,No,No internet service,Two year,Yes,Credit card (automatic),19.15,515.75,No
8257-RZAHR,Female,Yes,DSL,Yes,Month-to-month,Yes,Bank transfer (automatic),64.7,941,Yes
5293-WXJAK,Female,Yes,Fiber optic,Yes,Month-to-month,Yes,Bank transfer (automatic),104.05,1133.65,Yes
3156-QLHBO,Male,Yes,No,No internet service,Month-to-month,No,Mailed check,19.25,48.35,No
2208-NQBCT,Female,Yes,Fiber optic,No,Month-to-month,No,Electronic check,81.95,2070.05,No
1779-PWPMG,Female,Yes,Fiber optic,Yes,Two year,Yes,Bank transfer (automatic),114.65,8333.95,No
6621-NRZAK,Female,Yes,No,No internet service,Two year,No,Credit card (automatic),20,1209.25,No
0831-JNISG,Male,Yes,No,No internet service,Two year,No,Mailed check,19.8,1396.25,No
0774-IFUVM,Male,Yes,DSL,Yes,Month-to-month,Yes,Bank transfer (automatic),65.15,723.35,No
3082-WQRVY,Male,Yes,No,No internet service,One year,No,Mailed check,19.65,228.65,No
9553-DLCLU,Female,Yes,DSL,Yes,Two year,No,Credit card (automatic),88.95,1161.75,No
1641-BYBTK,Male,Yes,No,No internet service,Month-to-month,Yes,Mailed check,20.2,98.35,No
2460-NGXBJ,Male,Yes,Fiber optic,No,Month-to-month,Yes,Credit card (automatic),75.2,775.3,No
2446-ZKVAF,Male,Yes,DSL,No,Month-to-month,No,Credit card (automatic),56.8,1074.65,No
0841-NULXI,,No,,,Month-to-month,Yes,Electronic check,,35.55,Yes
3522-CDKHF,Female,Yes,Fiber optic,No,Month-to-month,Yes,Bank transfer (automatic),75.5,2324.7,No
1430-SFQSA,Male,No,DSL,No,One year,No,Mailed check,35.6,1072.6,No
0411-EZJZE,Female,Yes,DSL,Yes,Month-to-month,Yes,Electronic check,60.25,170.5,No
7851-WZEKY,Female,Yes,Fiber optic,Yes,Month-to-month,Yes,Electronic check,95.15,196.9,Yes
8844-TONUD,,Yes,,,Month-to-month,Yes,Mailed check,,1162.85,Yes
8807-ARQET,Female,No,DSL,No,Month-to-month,Yes,Electronic check,40.35,1677.85,No
8992-CEUEN,Female,Yes,No,No internet service,Month-to-month,No,Electronic check,18.85,18.85,No
4320-QMLLA,Male,Yes,DSL,Yes,Month-to-month,No,Mailed check,54.85,370.4,No
8777-PVYGU,,Yes,,,One year,Yes,Mailed check,,3410.6,No
8292-ITGYJ,Female,Yes,No,No internet service,Two year,Yes,Bank transfer (automatic),24.65,1138.8,No
6870-ZWMNX,Male,Yes,DSL,Yes,Two year,No,Credit card (automatic),76.1,5264.25,No
0621-CXBKL,Female,Yes,No,No internet service,Two year,No,Mailed check,18.7,1005.7,No
5268-DSMNQ,Female,Yes,Fiber optic,Yes,One year,Yes,Credit card (automatic),97.95,5936.55,No
5334-JLAXU,,Yes,,,Month-to-month,Yes,Credit card (automatic),,5475.9,No
4086-YQSNZ,Female,Yes,Fiber optic,Yes,Month-to-month,Yes,Electronic check,80.4,224.05,Yes
6242-MBHPK,Female,Yes,Fiber optic,Yes,Month-to-month,Yes,Electronic check,95.1,2326.05,No
5868-CZJDR,Male,No,DSL,,Month-to-month,Yes,Mailed check,,31.35,Yes
9359-UGBTK,Female,Yes,DSL,No,One year,Yes,Bank transfer (automatic),72.35,4991.5,No
0135-NMXAP,Female,Yes,Fiber optic,,Month-to-month,Yes,Bank transfer (automatic),,1052.4,Yes
4782-OSFXZ,Female,Yes,DSL,No,Two year,Yes,Bank transfer (automatic),82.7,5831.2,No
6479-OAUSD,Male,Yes,No,No internet service,One year,No,Credit card (automatic),19.9,510.8,No
7129-ACFOG,Female,Yes,DSL,No,Month-to-month,Yes,Electronic check,53.8,283.95,No
4189-NAKJS,Male,Yes,DSL,No,One year,Yes,Credit card (automatic),51.55,1295.4,No
5562-BETPV,Male,Yes,,,One year,No,Mailed check,,19.65,No
1282-IHQAC,Male,No,DSL,Yes,One year,Yes,Credit card (automatic),44.05,3011.65,No
9127-FHJBZ,Male,Yes,Fiber optic,Yes,Two year,Yes,Electronic check,114,8093.15,No
6270-OMFIW,Male,Yes,Fiber optic,Yes,One year,Yes,Electronic check,94.4,5610.25,Yes
1641-RQDAY,Female,Yes,Fiber optic,Yes,Month-to-month,Yes,Electronic check,100.4,3217.65,No
0107-WESLM,Male,Yes,No,,Month-to-month,Yes,Electronic check,,19.85,Yes
6994-ORCWG,,Yes,,,One year,Yes,Mailed check,,773.2,No
1346-UFHAX,,Yes,,,Month-to-month,Yes,Credit card (automatic),,1029.35,No
3992-YWPKO,,Yes,,,Month-to-month,Yes,Credit card (automatic),,669.45,Yes
2933-XEUJM,Female,Yes,DSL,Yes,Two year,No,Mailed check,79.2,3593.8,No
0125-LZQXK,Male,Yes,Fiber optic,Yes,Month-to-month,Yes,Electronic check,101.35,1553.95,Yes
5461-QKNTN,Male,Yes,Fiber optic,Yes,Month-to-month,Yes,Electronic check,94.3,3953.15,No
4835-YSJMR,Male,Yes,DSL,No,Two year,Yes,Bank transfer (automatic),49.8,1971.15,No
8399-YNDCH,Male,Yes,,,Month-to-month,Yes,Bank transfer (automatic),,1236.15,Yes
3164-YAXFY,Male,No,DSL,Yes,Month-to-month,Yes,Electronic check,53.75,3196,No
0887-WBJVH,Female,Yes,Fiber optic,,One year,Yes,Electronic check,,4872.2,No
4660-IRIBM,Male,Yes,Fiber optic,Yes,Month-to-month,Yes,Mailed check,87.9,1500.5,No
5673-FSSMF,Female,Yes,DSL,No,Month-to-month,Yes,Electronic check,60.15,60.15,Yes
7670-ZBPOQ,Female,Yes,DSL,No,One year,Yes,Bank transfer (automatic),61.05,3478.75,No
8089-UZWLX,Female,Yes,Fiber optic,Yes,Two year,No,Bank transfer (automatic),104.05,7413.55,No
0080-OROZO,,Yes,,,One year,Yes,Electronic check,,3532,No
3916-NRPAP,Male,Yes,Fiber optic,No,Month-to-month,No,Credit card (automatic),85.7,256.75,No
6807-SIWJI,Male,Yes,Fiber optic,Yes,One year,Yes,Electronic check,104.85,3887.25,No
8221-HVAYI,Male,Yes,DSL,No,Two year,Yes,Credit card (automatic),69.15,2490.15,No
1579-KLYDT,,Yes,,,Month-to-month,Yes,Electronic check,,593.45,Yes
5232-NXPAY,,Yes,,,Two year,No,Mailed check,,3510.3,No
8967-SZQAS,Female,Yes,DSL,No,Month-to-month,No,Electronic check,50.45,765.45,No
4468-KAZHE,Female,Yes,DSL,,Month-to-month,Yes,Electronic check,,1259.35,No
0455-ENTCR,Male,Yes,DSL,Yes,Two year,No,Electronic check,85.25,5538.35,No
8944-AILEF,Male,Yes,No,,Month-to-month,Yes,Credit card (automatic),,340.85,No
5542-NKVRU,Female,Yes,No,No internet service,Two year,Yes,Bank transfer (automatic),20.75,844.45,No
7126-RBHSD,,Yes,,,Month-to-month,No,Electronic check,,1348.95,No
5370-IIVVL,Male,Yes,Fiber optic,Yes,One year,Yes,Credit card (automatic),104.5,3778,No
6789-HJBWG,,Yes,,,Month-to-month,Yes,Electronic check,,611.65,No
3927-NLNRY,Male,Yes,Fiber optic,Yes,One year,Yes,Bank transfer (automatic),94.25,4867.95,Yes
9087-EYCPR,Female,Yes,No,No internet service,Two year,No,Mailed check,25,1505.05,No
6791-YBNAK,Male,No,DSL,No,Month-to-month,No,Credit card (automatic),25.55,467.85,No
6358-LYNGM,Male,Yes,Fiber optic,No,Month-to-month,Yes,Electronic check,74.9,74.9,Yes
6077-BDPXA,Female,Yes,Fiber optic,No,Month-to-month,Yes,Electronic check,70.15,194.2,No
0013-MHZWF,Female,Yes,DSL,Yes,Month-to-month,Yes,Credit card (automatic),69.4,571.45,No
5494-HECPR,Female,Yes,Fiber optic,Yes,Month-to-month,Yes,Electronic check,80.25,80.25,Yes
8268-YDIXR,Male,Yes,Fiber optic,No,One year,Yes,Electronic check,93.15,5253.95,No
9824-BEMCV,Male,Yes,,,Month-to-month,Yes,Electronic check,,1149.65,Yes
1373-ORVIZ,Female,Yes,DSL,No,Month-to-month,Yes,Electronic check,66.35,740.8,Yes
4291-SHSBH,Male,Yes,Fiber optic,,Month-to-month,Yes,Electronic check,,521.35,No
6980-IMXXE,Female,Yes,No,No internet service,Two year,No,Bank transfer (automatic),20.2,1412.65,No
9866-QEVEE,Male,Yes,Fiber optic,No,Month-to-month,Yes,Bank transfer (automatic),86,1532.45,Yes
9897-KXHCM,Female,Yes,,,Month-to-month,Yes,Electronic check,,250.05,Yes
0040-HALCW,Male,Yes,No,No internet service,Two year,No,Credit card (automatic),20.4,1090.6,No
0784-GTUUK,Male,Yes,No,No internet service,One year,Yes,Credit card (automatic),23.75,1446.8,No
7979-CORPM,Male,Yes,Fiber optic,Yes,Month-to-month,Yes,Credit card (automatic),90.55,2282.55,Yes
2294-DMMUS,,Yes,,,Month-to-month,Yes,Credit card (automatic),,4300.45,No
0872-JCPIB,Male,Yes,DSL,No,Month-to-month,No,Bank transfer (automatic),65.75,1111.2,No
3055-MJDSB,Male,No,DSL,,Month-to-month,Yes,Mailed check,,190.1,No
9091-WTUUY,Male,Yes,DSL,Yes,Two year,No,Mailed check,69.25,4447.75,No
1618-CFHME,,Yes,,,Month-to-month,Yes,Electronic check,,143.35,Yes
3165-HDOEW,Male,Yes,DSL,No,Month-to-month,Yes,Mailed check,45.85,45.85,Yes
6581-NQCBA,Female,No,DSL,Yes,Month-to-month,Yes,Electronic check,49.95,810.2,Yes
7115-IRDHS,Female,Yes,No,No internet service,Two year,No,Bank transfer (automatic),24.65,1830.05,No
8496-DMZUK,Male,Yes,Fiber optic,No,One year,No,Bank transfer (automatic),90.4,2820.65,No
2040-VZIKE,Female,Yes,Fiber optic,Yes,Month-to-month,Yes,Mailed check,100.85,4847.35,No
9068-VPWQQ,Male,Yes,DSL,No,Two year,No,Credit card (automatic),75.35,4729.3,No
0178-SZBHO,Male,Yes,Fiber optic,Yes,Month-to-month,No,Electronic check,87.2,4017.45,No
0384-RVBPI,Male,Yes,DSL,No,Month-to-month,No,Credit card (automatic),64.4,1398.6,No
1689-MRZQR,Male,Yes,Fiber optic,Yes,Month-to-month,No,Electronic check,78.3,2564.3,Yes
1299-AURJA,Female,Yes,No,No internet service,Two year,No,Bank transfer (automatic),24.7,1685.9,No
4525-VZCZG,Male,Yes,Fiber optic,Yes,One year,Yes,Electronic check,105.85,5826.65,No
1543-LLLFT,Male,Yes,Fiber optic,Yes,One year,Yes,Mailed check,98.3,6066.55,No
5835-BEQEU,Male,Yes,Fiber optic,No,Month-to-month,Yes,Electronic check,76.95,228.4,Yes
2788-CJQAQ,Male,Yes,No,No internet service,One year,No,Mailed check,19.45,270.2,No
5565-FILXA,Female,Yes,Fiber optic,Yes,Month-to-month,Yes,Electronic check,96.15,1529.2,Yes
0319-QZTCO,Female,Yes,DSL,Yes,Month-to-month,Yes,Credit card (automatic),58.7,168.6,No
2120-SMPEX,Male,Yes,No,No internet service,Month-to-month,Yes,Mailed check,20.15,536.35,No
0096-FCPUF,Male,Yes,DSL,No,Month-to-month,Yes,Mailed check,64.5,1888.45,No
0668-OGMHD,,No,,,Month-to-month,No,Electronic check,,629.35,No
5552-ZNFSJ,Male,Yes,DSL,No,Month-to-month,No,Electronic check,45.3,45.3,Yes
2223-KAGMX,,Yes,,,Month-to-month,No,Bank transfer (automatic),,289.3,Yes
6507-ZJSUR,Male,Yes,Fiber optic,Yes,Month-to-month,Yes,Electronic check,90.45,2117.25,No
9408-HRXRK,Female,Yes,Fiber optic,Yes,Month-to-month,Yes,Electronic check,105.15,4730.9,No
5593-SUAOO,Female,Yes,Fiber optic,No,One year,No,Bank transfer (automatic),83.15,2033.05,No
7321-PKUYW,Female,Yes,Fiber optic,Yes,Month-to-month,No,Electronic check,90.15,987.95,Yes
2833-SLKDQ,Male,Yes,DSL,No,Month-to-month,No,Mailed check,45.05,45.05,Yes
6766-HFKLA,Female,Yes,Fiber optic,Yes,Two year,No,Bank transfer (automatic),103.2,5744.35,No
7595-EUIVN,Female,Yes,Fiber optic,No,Month-to-month,No,Electronic check,75.8,75.8,Yes
7617-EYGLW,Male,Yes,No,No internet service,Month-to-month,No,Electronic check,19.45,19.45,No
2026-TGDHM,Female,Yes,Fiber optic,No,Month-to-month,Yes,Electronic check,79.3,523.15,Yes
9220-ZNKJI,Female,Yes,Fiber optic,Yes,Two year,No,Credit card (automatic),88.8,4805.3,No
4030-VPZBD,Female,No,DSL,No,Month-to-month,Yes,Electronic check,30.9,59.05,Yes
2226-ICFDO,Female,Yes,DSL,Yes,Two year,Yes,Credit card (automatic),85.9,6110.75,No
0723-VSOBE,Female,No,DSL,No,One year,No,Electronic check,34.2,1596.6,No
5529-GIBVH,Female,Yes,No,No internet service,Two year,No,Mailed check,20.15,1046.2,No
4187-CINZD,Female,Yes,Fiber optic,Yes,One year,No,Credit card (automatic),95.25,4424.2,Yes
9992-UJOEL,Male,Yes,DSL,No,Month-to-month,Yes,Mailed check,50.3,92.75,No
4741-WWJQZ,,Yes,,,Month-to-month,Yes,Electronic check,,194.55,No
6625-UTXEW,Female,Yes,DSL,No,Month-to-month,Yes,Electronic check,51.25,612.1,No
6818-WOBHJ,,Yes,,,Month-to-month,Yes,Bank transfer (automatic),,6127.6,Yes
6244-BESBM,Male,Yes,Fiber optic,Yes,Two year,Yes,Credit card (automatic),95.2,6671.7,No
1004-NOZNR,Male,Yes,Fiber optic,Yes,One year,No,Credit card (automatic),94.8,5264.3,No
1251-STYSZ,Female,Yes,Fiber optic,No,Month-to-month,Yes,Electronic check,80.25,303.7,No
2612-PHGOX,Male,Yes,DSL,Yes,Two year,Yes,Bank transfer (automatic),76.1,4818.8,No
2408-TZMJL,Male,Yes,Fiber optic,Yes,One year,Yes,Electronic check,110.15,6448.05,Yes
8480-PPONV,Male,Yes,Fiber optic,Yes,Two year,No,Bank transfer (automatic),115.55,7159.05,No
8780-IHCRN,Male,Yes,No,No internet service,Two year,No,Credit card (automatic),24.65,1574.5,No
4598-ZADCK,Female,No,DSL,Yes,One year,Yes,Electronic check,53.6,2879.2,No
1257-SXUXQ,Male,Yes,No,No internet service,Month-to-month,No,Mailed check,19.45,86.05,No
9681-KYGYB,Male,Yes,Fiber optic,No,Month-to-month,Yes,Electronic check,88.2,4159.45,No
7182-OVLBJ,Female,Yes,Fiber optic,Yes,Two year,Yes,Bank transfer (automatic),101.15,6638.35,No
5095-ETBRJ,Female,Yes,DSL,No,Two year,No,Mailed check,56.8,3112.05,No
7005-CYUIL,Female,Yes,Fiber optic,Yes,Two year,Yes,Electronic check,99.4,7168.25,No
4821-WQOYN,,Yes,,,Two year,Yes,Credit card (automatic),,1326.25,No
4730-AWNAU,Male,No,DSL,Yes,One year,No,Credit card (automatic),60.7,2234.55,No
3452-FLHYD,Male,Yes,No,No internet service,One year,Yes,Bank transfer (automatic),20.95,495.15,No
2388-LAESQ,Female,Yes,Fiber optic,Yes,Two year,Yes,Bank transfer (automatic),114.85,8317.95,No
9531-NSBMR,Female,Yes,,,One year,Yes,Bank transfer (automatic),,679.8,No
6260-ONULR,Male,Yes,DSL,Yes,Month-to-month,Yes,Mailed check,62.8,62.8,No
4389-UEFCZ,Female,Yes,Fiber optic,Yes,Two year,Yes,Electronic check,105.5,7544,No
8711-LOBKY,Male,Yes,No,No internet service,Two year,No,Mailed check,19.85,1188.25,No
9134-CEQMF,Male,Yes,Fiber optic,Yes,Month-to-month,Yes,Electronic check,89.5,676.7,Yes
8985-OOPOS,Female,Yes,DSL,Yes,One year,No,Credit card (automatic),74.1,74.1,No
8800-ZKRFW,,Yes,,,Month-to-month,Yes,Electronic check,,3242.5,No
2616-FLVQC,Male,Yes,No,No internet service,Two year,No,Mailed check,19.55,1240.15,No
9968-FFVVH,Male,Yes,DSL,No,One year,No,Bank transfer (automatic),68.8,4111.35,No
3108-PCCGG,Male,Yes,DSL,Yes,Two year,No,Credit card (automatic),84.45,5899.85,No
7993-PYKOF,Male,Yes,Fiber optic,No,Month-to-month,No,Electronic check,75,632.95,Yes
8390-FESFV,Female,Yes,DSL,Yes,Two year,No,Bank transfer (automatic),84.5,5193.2,No
3022-BEXHZ,Male,Yes,Fiber optic,Yes,Two year,Yes,Bank transfer (automatic),111.2,7530.8,No
5027-XWQHA,Male,Yes,DSL,No,Month-to-month,No,Electronic check,44.75,270.95,Yes
6248-TKCQV,Female,Yes,,,Two year,Yes,Bank transfer (automatic),,5460.2,No
6729-GDNGC,Female,Yes,Fiber optic,Yes,Month-to-month,No,Bank transfer (automatic),80.7,1614.2,No
6198-ZFIOJ,Female,Yes,,,Month-to-month,No,Electronic check,,402.5,No
5989-OMNJE,Female,No,DSL,Yes,One year,No,Electronic check,57.6,1367.75,No
4566-QVRRW,Female,Yes,DSL,No,Month-to-month,Yes,Electronic check,44.05,483.7,Yes
1291-CUOCY,Male,Yes,Fiber optic,Yes,Two year,Yes,Credit card (automatic),110.6,7962.2,No
9795-SHUHB,Female,Yes,DSL,No,Two year,Yes,Credit card (automatic),58.2,3810.8,No
3230-IUALN,,Yes,,,Two year,Yes,Mailed check,,3533.6,No
0042-RLHYP,Female,Yes,No,No internet service,Two year,No,Bank transfer (automatic),19.7,1396.9,No
8519-IMDHU,Male,Yes,Fiber optic,No,Month-to-month,Yes,Bank transfer (automatic),85.6,1345.55,Yes
4945-RVMTE,Female,Yes,DSL,Yes,Month-to-month,Yes,Bank transfer (automatic),59.55,1646.45,No
0201-OAMXR,Female,Yes,Fiber optic,Yes,One year,No,Credit card (automatic),115.55,8127.6,Yes
1866-NXPSP,Female,Yes,DSL,No,One year,Yes,Mailed check,75.55,2680.15,No
3372-KWFBM,Male,Yes,Fiber optic,Yes,Month-to-month,Yes,Electronic check,86.6,1281,Yes
7831-QGOXH,Female,Yes,Fiber optic,Yes,Month-to-month,Yes,Electronic check,85.2,1553.9,Yes
6393-WRYZE,Female,Yes,Fiber optic,Yes,Month-to-month,Yes,Electronic check,97.65,3207.55,Yes
3941-XTSKM,Male,No,DSL,No,One year,Yes,Credit card (automatic),45.1,2049.05,No
1661-CZBAU,Male,Yes,DSL,No,One year,Yes,Bank transfer (automatic),70.95,3629.2,No
6599-RCLCJ,Male,Yes,Fiber optic,Yes,Month-to-month,Yes,Electronic check,109.55,5124.55,Yes
9831-BPFRI,Female,Yes,Fiber optic,No,One year,Yes,Electronic check,89.55,3474.45,Yes
5158-RIVOP,Female,Yes,No,,Two year,No,Credit card (automatic),,202.3,No
9788-YTFGE,Male,Yes,No,No internet service,Month-to-month,Yes,Mailed check,19.95,147.5,No
9277-JOOMO,,Yes,,,Month-to-month,No,Mailed check,,86.35,No
1907-YLNYW,Male,Yes,DSL,No,Month-to-month,Yes,Electronic check,66.7,579,No
1725-MIMXW,Male,Yes,No,No internet service,Month-to-month,Yes,Mailed check,19.45,19.45,Yes
8947-YRTDV,Male,Yes,Fiber optic,,One year,No,Mailed check,,3131.55,No
3161-ONRWK,,Yes,,,One year,Yes,Bank transfer (automatic),,3928.3,No
0114-RSRRW,Female,Yes,No,No internet service,Month-to-month,Yes,Bank transfer (automatic),19.95,187.75,No
4565-NLZBV,Female,Yes,No,,Two year,Yes,Bank transfer (automatic),,1710.15,No
0031-PVLZI,Female,Yes,No,No internet service,Month-to-month,No,Mailed check,20.35,76.35,Yes
7206-GZCDC,Female,Yes,Fiber optic,No,Month-to-month,Yes,Electronic check,69.25,69.25,Yes
6682-VCIXC,Female,No,DSL,Yes,One year,Yes,Bank transfer (automatic),51.25,2151.6,No
4791-QRGMF,Male,Yes,Fiber optic,Yes,One year,Yes,Bank transfer (automatic),99.5,5961.1,Yes
6475-VHUIZ,,Yes,,,Month-to-month,No,Electronic check,,1221.55,No
3910-MRQOY,Female,Yes,No,No internet service,Two year,No,Bank transfer (automatic),19.4,1496.45,No
0661-WCQNQ,,Yes,,,One year,Yes,Credit card (automatic),,1292.2,No
7537-RBWEA,Female,No,DSL,No,Month-to-month,Yes,Mailed check,25.15,25.15,No
4656-CAURT,Male,Yes,No,No internet service,Two year,No,Bank transfer (automatic),23.95,1713.1,No
0121-SNYRK,Male,No,DSL,No,One year,Yes,Mailed check,35.4,1748.9,No
1768-ZAIFU,Female,No,DSL,No,Month-to-month,Yes,Electronic check,25.2,25.2,Yes
4671-LXRDQ,,Yes,,,Month-to-month,Yes,Mailed check,,96.45,Yes
3733-LSYCE,Female,Yes,Fiber optic,No,Month-to-month,No,Bank transfer (automatic),75.35,1114.55,No
6265-FRMTQ,Male,Yes,No,No internet service,Two year,No,Bank transfer (automatic),20.4,609.1,No
1934-SJVJK,Male,Yes,No,No internet service,Month-to-month,No,Mailed check,20.15,20.15,Yes
3838-OZURD,Male,Yes,Fiber optic,Yes,Month-to-month,Yes,Credit card (automatic),105,7133.25,Yes
1371-DWPAZ,Female,No,DSL,Yes,Two year,No,Credit card (automatic),56.05, ,No
9269-CQOOL,Male,Yes,DSL,Yes,Month-to-month,Yes,Credit card (automatic),54.7,169.45,Yes
2017-CCBLH,Female,Yes,No,No internet service,Two year,No,Mailed check,20,141.6,No
7690-KPNCU,Male,Yes,DSL,Yes,One year,Yes,Credit card (automatic),73.05,4688.65,No
0536-BGFMZ,Female,Yes,No,No internet service,Month-to-month,No,Mailed check,20.5,563.05,No
2293-IJWPS,,Yes,,,One year,Yes,Credit card (automatic),,5985,No
2845-HSJCY,Female,Yes,Fiber optic,No,Month-to-month,Yes,Electronic check,87.25,1258.6,Yes
5469-NUJUR,Male,Yes,No,No internet service,Two year,Yes,Mailed check,19.95,373.5,No
1184-PJVDB,Male,Yes,Fiber optic,Yes,Month-to-month,Yes,Electronic check,79.95,857.2,Yes
2625-TRCZQ,Female,No,DSL,Yes,Month-to-month,Yes,Electronic check,49.65,2553.35,No
4102-HLENU,Female,Yes,DSL,No,Two year,No,Mailed check,65.65,4322.85,No
7266-GSSJX,Male,Yes,No,No internet service,Month-to-month,Yes,Electronic check,20.45,250.8,No
7722-VJRQD,,No,,,Two year,No,Bank transfer (automatic),,4549.05,No
7073-QETQY,Male,Yes,No,No internet service,One year,Yes,Electronic check,20.35,1359.5,No
9415-DPEWS,Female,Yes,Fiber optic,Yes,Month-to-month,Yes,Electronic check,88.35,1639.3,Yes
5624-RYAMH,Female,Yes,No,No internet service,Month-to-month,Yes,Electronic check,19.5,178.85,No
0196-JTUQI,Female,Yes,Fiber optic,No,Month-to-month,Yes,Credit card (automatic),75.2,633.85,No
7130-YXBRO,Male,Yes,Fiber optic,Yes,Month-to-month,Yes,Bank transfer (automatic),111.45,5315.1,No
9272-LSVYH,Male,Yes,Fiber optic,No,Month-to-month,No,Mailed check,70.15,735.5,No
7943-RQCHR,Female,Yes,Fiber optic,Yes,Month-to-month,Yes,Electronic check,94.75,889.9,Yes
3793-MMFUH,Female,Yes,Fiber optic,Yes,Month-to-month,Yes,Electronic check,95.05,1290,Yes
3249-ZPQRG,Male,Yes,Fiber optic,No,Month-to-month,No,Electronic check,78.45,330.05,Yes
2568-BRGYX,Male,Yes,Fiber optic,,Month-to-month,Yes,Electronic check,,237.95,Yes
3084-DOWLE,Female,Yes,DSL,Yes,Two year,No,Bank transfer (automatic),92,6474.4,No
1084-MNSMJ,Female,Yes,DSL,Yes,Two year,No,Credit card (automatic),85.5,4421.95,No
7721-JXEAW,Male,No,DSL,No,Month-to-month,Yes,Bank transfer (automatic),41.05,2452.7,Yes
7249-WBIYX,Male,Yes,Fiber optic,Yes,Month-to-month,Yes,Electronic check,85.6,813.85,Yes
4238-HFHSN,Male,Yes,Fiber optic,No,Month-to-month,Yes,Electronic check,82.15,4904.85,No
6250-CGGUN,Male,Yes,Fiber optic,No,One year,No,Electronic check,84.4,4484.05,No
5478-JJVZK,Female,Yes,DSL,No,Month-to-month,Yes,Mailed check,60.9,2033.85,No
7596-IIWYC,Female,Yes,No,,Two year,Yes,Bank transfer (automatic),,538.2,No
6567-HOOPW,Female,Yes,Fiber optic,,Month-to-month,Yes,Electronic check,,79.2,Yes
9793-WECQC,,Yes,,,Month-to-month,No,Mailed check,,2192.9,No
4291-HPAXL,Male,Yes,,,Month-to-month,No,Mailed check,,19.85,No
8999-YPYBV,Male,Yes,DSL,,Two year,Yes,Mailed check,,3858.05,No
1839-FBNFR,,Yes,,,Two year,Yes,Bank transfer (automatic),,854.8,No
3164-AALRN,Male,Yes,DSL,Yes,One year,Yes,Mailed check,70,347.4,Yes
3071-MVJCD,Male,Yes,DSL,Yes,Two year,No,Bank transfer (automatic),82.3,5815.15,No
1697-BCSHV,Female,Yes,DSL,Yes,Month-to-month,Yes,Bank transfer (automatic),66.8,3970.4,No
0562-KBDVM,,No,,,Two year,Yes,Bank transfer (automatic),,3058.15,No
1131-SUEKT,Male,Yes,Fiber optic,Yes,One year,Yes,Bank transfer (automatic),98.45,6145.2,No
3717-OEAUQ,Male,Yes,Fiber optic,No,Month-to-month,No,Mailed check,70.7,129.2,No
4538-WNTMJ,Female,Yes,No,No internet service,One year,No,Mailed check,24.95,1165.9,No
3334-CTHOL,Female,Yes,DSL,No,Month-to-month,Yes,Bank transfer (automatic),49.95,49.95,Yes
4704-ERYFC,Female,Yes,Fiber optic,No,Month-to-month,Yes,Electronic check,69.25,1554,Yes
9432-RUVSL,,Yes,,,Two year,Yes,Credit card (automatic),,4904.25,No
8060-HIWJJ,Male,Yes,DSL,Yes,Two year,No,Credit card (automatic),86.55,5632.55,No
7684-XSZIY,Male,Yes,No,No internet service,Two year,No,Bank transfer (automatic),24.3,1643.25,No
9089-UOWJG,Female,Yes,DSL,Yes,Month-to-month,Yes,Credit card (automatic),58.35,740.55,No
8621-MNIHH,Female,Yes,Fiber optic,No,Month-to-month,Yes,Electronic check,94.25,3217.55,Yes
8039-ACLPL,Female,Yes,DSL,No,Two year,No,Credit card (automatic),68.75,4888.2,No
9885-AIBVB,Male,Yes,Fiber optic,No,Month-to-month,Yes,Electronic check,85.8,2440.25,No
1934-MKPXS,Male,Yes,No,No internet service,One year,No,Credit card (automatic),20.1,620.55,No
2592-YKDIF,,Yes,,,Month-to-month,No,Mailed check,,20.35,No
2272-JKMSI,Female,Yes,Fiber optic,Yes,One year,Yes,Electronic check,110.8,6840.95,No
0471-LVHGK,Male,Yes,DSL,Yes,One year,Yes,Electronic check,73,3001.2,Yes
9518-RWHZL,Female,Yes,Fiber optic,Yes,One year,Yes,Credit card (automatic),100.05,6254.2,Yes
8714-CTZJW,,Yes,,,Month-to-month,Yes,Credit card (automatic),,319.6,No
3569-EDBPQ,Female,Yes,Fiber optic,No,Month-to-month,Yes,Electronic check,84.35,1938.05,No
3131-NWVFJ,Female,Yes,No,No internet service,One year,No,Mailed check,19.55,294.5,No
7521-YXVZY,Male,Yes,,,Month-to-month,No,Mailed check,,58.3,No
5419-CONWX,Female,Yes,Fiber optic,Yes,Month-to-month,Yes,Credit card (automatic),99.8,442.85,Yes
6240-EURKS,Female,No,DSL,No,Month-to-month,Yes,Electronic check,35,553,Yes
2373-NTKOD,Male,Yes,DSL,Yes,Month-to-month,Yes,Electronic check,66.25,546.45,No
1970-KKFWL,Female,Yes,No,No internet service,Two year,No,Bank transfer (automatic),23.3,797.1,No
6960-HVYXR,Female,Yes,Fiber optic,No,Month-to-month,No,Electronic check,76,76,Yes
9337-SRRNI,,Yes,,,Two year,Yes,Credit card (automatic),,1673.8,No
0895-UADGO,,No,,,Two year,Yes,Mailed check,,343.45,No
5678-VFNEQ,Female,Yes,Fiber optic,Yes,One year,Yes,Credit card (automatic),104.1,7412.25,No
5977-CKHON,Female,Yes,Fiber optic,No,Month-to-month,Yes,Bank transfer (automatic),92.55,4039,No
7024-OHCCK,,Yes,,,Month-to-month,Yes,Electronic check,,170.85,Yes
2692-BUCFV,Male,Yes,Fiber optic,Yes,Month-to-month,Yes,Bank transfer (automatic),101.45,2948.6,No
7861-UVUFT,Female,Yes,Fiber optic,,Month-to-month,Yes,Electronic check,,1308.4,Yes
1830-GGFNM,Male,Yes,Fiber optic,No,Two year,No,Credit card (automatic),94.55,6078.75,No
5302-BDJNT,,Yes,,,Month-to-month,No,Electronic check,,3418.2,No
5223-UZAVK,Male,Yes,Fiber optic,Yes,One year,Yes,Credit card (automatic),100.3,6603.8,No
4859-ZSRDZ,Female,No,DSL,Yes,Two year,Yes,Credit card (automatic),55.5,3166.9,No
5651-WYIPH,Female,Yes,DSL,No,Month-to-month,Yes,Credit card (automatic),49.85,865.75,No
9350-VLHMB,Male,Yes,Fiber optic,No,Month-to-month,Yes,Bank transfer (automatic),89.55,6373.1,No
3498-LZGQZ,Male,Yes,No,,Two year,Yes,Mailed check,,1177.05,No
8785-CJSHH,Female,Yes,Fiber optic,,Month-to-month,Yes,Electronic check,,5985.75,No
5357-TZHPP,Male,Yes,,,Month-to-month,Yes,Credit card (automatic),,732.5,Yes
3870-SPZSI,Female,Yes,Fiber optic,Yes,Two year,Yes,Credit card (automatic),113.05,7869.05,No
0680-DFNNY,Male,Yes,,,Month-to-month,Yes,Electronic check,,1504.05,Yes
7560-QRBXH,Female,Yes,No,No internet service,One year,No,Mailed check,19.95,936.7,No
7077-XJMET,Male,Yes,,,Month-to-month,Yes,Electronic check,,741.4,No
8752-GHJFU,Male,Yes,Fiber optic,,One year,Yes,Electronic check,,6585.2,No
6896-SRVYQ,Male,Yes,Fiber optic,No,Month-to-month,No,Electronic check,73.85,3122.4,No
7767-UXAGJ,Male,Yes,DSL,No,Month-to-month,Yes,Electronic check,50.45,50.45,Yes
4652-ODEVH,Male,Yes,No,No internet service,Two year,No,Mailed check,24.45,1088.25,No
6510-UPNKS,Female,Yes,No,No internet service,One year,No,Credit card (automatic),24.8,615.35,No
6718-BDGHG,Female,Yes,DSL,Yes,One year,Yes,Bank transfer (automatic),64.85,2908.2,No
9046-DQMTP,Male,Yes,No,No internet service,Month-to-month,No,Bank transfer (automatic),20.75,739.9,No
6439-LAJXL,Male,Yes,,,Month-to-month,Yes,Mailed check,,593.85,No
1571-SAVHK,Male,Yes,Fiber optic,Yes,Month-to-month,Yes,Mailed check,99.95,1132.75,Yes
9052-VKDUW,Female,Yes,Fiber optic,Yes,Month-to-month,Yes,Credit card (automatic),109.4,7227.45,No
9546-CQJSU,Female,Yes,Fiber optic,,Month-to-month,Yes,Electronic check,,193.6,Yes
1666-JZPZT,Male,Yes,DSL,No,Month-to-month,No,Mailed check,49,1291.35,No
5777-KJIRB,Female,Yes,DSL,,One year,Yes,Mailed check,,2023.55,No
0506-LVNGN,Female,Yes,Fiber optic,No,Month-to-month,Yes,Credit card (automatic),75.55,349.65,Yes
7677-SJJJK,Male,Yes,No,No internet service,One year,No,Credit card (automatic),19.9,153.95,No
2480-EJWYP,Female,Yes,Fiber optic,Yes,One year,Yes,Bank transfer (automatic),97.8,5458.8,No
3253-HKOKL,Female,Yes,Fiber optic,Yes,One year,No,Electronic check,100.3,5244.45,No
7055-HNEOJ,,Yes,,,Month-to-month,Yes,Mailed check,,154.55,No
5514-YQENT,Male,Yes,Fiber optic,Yes,Two year,Yes,Electronic check,111.15,4507.15,No
3211-AAPKX,Male,Yes,Fiber optic,Yes,Month-to-month,Yes,Mailed check,98.55,2031.95,No
8445-DNBAE,Male,Yes,,,Month-to-month,Yes,Electronic check,,50.05,No
2951-QOQTK,Male,Yes,Fiber optic,No,Month-to-month,No,Credit card (automatic),80.8,332.45,Yes
2958-NHPPS,Male,Yes,No,No internet service,Month-to-month,No,Electronic check,20.85,473.9,No
6806-YDEUL,Female,Yes,No,No internet service,Month-to-month,No,Bank transfer (automatic),19.5,106.8,No
1735-XMJVH,Male,Yes,No,No internet service,Month-to-month,Yes,Mailed check,19.35,152.6,No
6890-PFRQX,,Yes,,,Month-to-month,No,Mailed check,,1199.4,No
0222-CNVPT,,No,,,Month-to-month,Yes,Credit card (automatic),,2555.05,No
5899-OUVKV,Male,Yes,Fiber optic,Yes,Month-to-month,Yes,Electronic check,94.5,2979.2,No
8681-ICONS,Male,Yes,No,,Month-to-month,Yes,Mailed check,,654.85,No
1621-YNCJH,Female,Yes,Fiber optic,No,Two year,Yes,Credit card (automatic),106.05,3834.4,No
3473-XIIIT,Female,Yes,Fiber optic,Yes,Month-to-month,Yes,Electronic check,100,1534.75,Yes
6362-QHAFM,Male,Yes,Fiber optic,Yes,One year,Yes,Electronic check,108.3,4586.15,No
7893-IXHRQ,Male,Yes,No,No internet service,Month-to-month,No,Electronic check,20.55,20.55,Yes
3070-BDOQC,Female,Yes,Fiber optic,Yes,Two year,Yes,Electronic check,99.65,5941.05,No
2952-QAYZF,Male,Yes,Fiber optic,No,Month-to-month,Yes,Electronic check,85.3,424.15,Yes
6234-PFPXL,Male,Yes,Fiber optic,Yes,Month-to-month,No,Credit card (automatic),95.9,2234.95,No
9824-QCJPK,Male,Yes,No,No internet service,One year,No,Mailed check,20,666.75,No
4763-PGDPO,Female,Yes,Fiber optic,No,Month-to-month,No,Electronic check,70.4,281,Yes
4283-IVYCI,Male,Yes,DSL,No,Month-to-month,No,Mailed check,64.95,547.8,No
1866-OBPNR,,Yes,,,Month-to-month,No,Credit card (automatic),,74.6,No
8205-MQUGY,Male,Yes,DSL,No,Month-to-month,Yes,Electronic check,49.2,571.15,No
8970-ANWXO,,Yes,,,One year,Yes,Mailed check,,1756.6,No
9480-BQJEI,Male,Yes,Fiber optic,No,One year,Yes,Bank transfer (automatic),92.3,5731.45,No
5394-SVGJV,Male,Yes,Fiber optic,Yes,Month-to-month,No,Bank transfer (automatic),98.8,3475.55,Yes
6979-TNDEU,Female,Yes,No,No internet service,Month-to-month,No,Mailed check,19.2,156.85,No
9777-WJJPR,Male,Yes,Fiber optic,Yes,Month-to-month,No,Credit card (automatic),88.65,2683.2,No
9283-LZQOH,Male,Yes,Fiber optic,No,Month-to-month,Yes,Credit card (automatic),74.4,896.75,Yes
7079-QRCBC,Female,Yes,Fiber optic,Yes,Month-to-month,Yes,Electronic check,98.75,2407.3,Yes
9495-SKLKD,Male,Yes,Fiber optic,No,Month-to-month,Yes,Bank transfer (automatic),95.95,4456.65,No
6048-UWKAL,Female,Yes,Fiber optic,Yes,Two year,No,Credit card (automatic),105.4,6998.95,No
5067-DGXLL,Male,Yes,No,No internet service,Month-to-month,No,Mailed check,20.25,36.8,No
5469-CTCWN,Male,Yes,Fiber optic,,One year,Yes,Electronic check,,6547.7,Yes
9851-QXEEQ,Male,Yes,Fiber optic,Yes,Month-to-month,Yes,Electronic check,104.7,4346.4,Yes
6281-FKEWS,Female,No,DSL,Yes,One year,Yes,Electronic check,49.05,2265,No
8898-KASCD,Male,No,DSL,,One year,No,Mailed check,,1309.15,No
9242-TKFSV,Male,No,DSL,Yes,Two year,Yes,Credit card (automatic),65.1,4754.3,No
9290-SHCMB,Female,Yes,Fiber optic,Yes,Month-to-month,Yes,Electronic check,96.85,1235.55,No
0743-HNPFG,,Yes,,,One year,Yes,Credit card (automatic),,3562.5,No
2277-BKJKN,Female,Yes,Fiber optic,Yes,Two year,Yes,Electronic check,99.2,7213.75,No
9809-IMGCQ,Male,Yes,Fiber optic,Yes,Month-to-month,Yes,Electronic check,96.7,2082.95,Yes
5208-HFSBT,Female,Yes,DSL,No,Month-to-month,Yes,Credit card (automatic),55.05,102.75,Yes
5035-PGZXH,Female,Yes,,,One year,Yes,Electronic check,,5914.4,No
8695-WDYEA,Male,Yes,,,Month-to-month,No,Mailed check,,51.25,No
6543-JXSOO,Female,Yes,DSL,No,One year,Yes,Mailed check,57.75,1282.85,No
8016-ZMGMO,Female,Yes,DSL,Yes,One year,Yes,Bank transfer (automatic),70.85,4738.85,No
8605-ITULD,Female,Yes,No,No internet service,Month-to-month,No,Mailed check,19.55,19.55,No
3254-YRILK,Male,Yes,Fiber optic,Yes,Month-to-month,Yes,Electronic check,88.2,1775.8,Yes
6416-YJTTB,Male,Yes,Fiber optic,No,Month-to-month,Yes,Bank transfer (automatic),79.5,795.65,No
2667-WYLWJ,Female,Yes,No,No internet service,One year,Yes,Mailed check,19.75,145,Yes
4472-VESGY,Female,Yes,Fiber optic,No,Month-to-month,No,Bank transfer (automatic),98.15,4993.4,No
3195-TQDZX,Male,Yes,No,No internet service,Month-to-month,Yes,Electronic check,20.25,61.45,No
3128-YOVTD,Female,Yes,Fiber optic,No,Month-to-month,Yes,Bank transfer (automatic),79.15,4018.55,No
0529-ONKER,Male,Yes,Fiber optic,,Month-to-month,No,Electronic check,,1146.65,Yes
1728-CXQBE,,Yes,,,Month-to-month,Yes,Electronic check,,6081.4,No
7041-TXQJH,Female,No,DSL,No,Month-to-month,Yes,Credit card (automatic),40.2,1478.85,No
5014-GSOUQ,Male,Yes,No,,Two year,No,Mailed check,,243.65,No
5724-BIDBU,Male,Yes,DSL,No,One year,Yes,Electronic check,55.35,2633.95,No
0481-SUMCB,Female,Yes,Fiber optic,Yes,One year,Yes,Bank transfer (automatic),102.15,4735.35,No
1769-GRUIK,Female,Yes,Fiber optic,No,Month-to-month,Yes,Electronic check,71.1,1247.75,No
5240-IJOQT,Male,Yes,Fiber optic,No,Month-to-month,Yes,Electronic check,74.7,74.7,Yes
8819-WFGGJ,Male,No,DSL,Yes,Two year,Yes,Bank transfer (automatic),54.1,3794.5,No
7427-AUFPY,Male,Yes,,,Two year,No,Credit card (automatic),,1008.7,No
2811-POVEX,Female,Yes,Fiber optic,No,Month-to-month,Yes,Bank transfer (automatic),88.45,2130.55,No
1092-GANHU,,Yes,,,Month-to-month,Yes,Electronic check,,1313.55,Yes
7898-PDWQE,Male,Yes,DSL,No,Two year,No,Credit card (automatic),80.4,5727.15,No
9972-EWRJS,Female,Yes,,,Two year,Yes,Bank transfer (automatic),,1372.9,No
9314-IJWSQ,Female,Yes,Fiber optic,,Month-to-month,Yes,Electronic check,,1203.9,No
0661-XEYAN,Female,No,DSL,No,Month-to-month,Yes,Mailed check,25.8,25.8,Yes
5799-JRCZO,Female,Yes,No,No internet service,Two year,No,Credit card (automatic),19.5,1215.1,No
1921-KYSAY,Female,Yes,DSL,No,One year,Yes,Electronic check,68.6,2877.05,No
6198-RTPMF,Female,Yes,Fiber optic,Yes,Month-to-month,No,Electronic check,92.6,1579.7,No
2924-KHUVI,Male,Yes,Fiber optic,Yes,One year,Yes,Electronic check,100.55,5514.95,No
1925-GMVBW,Female,Yes,No,No internet service,Month-to-month,No,Credit card (automatic),20.55,96.1,No
7881-EVUAD,Female,No,DSL,No,Month-to-month,Yes,Electronic check,42.6,72.4,Yes
6184-DYUOB,Female,Yes,No,No internet service,Month-to-month,Yes,Mailed check,19.6,55.25,No
9207-ZPANB,Male,Yes,DSL,No,One year,No,Electronic check,67.45,2443.3,No
5766-XQXMQ,Female,Yes,DSL,No,Month-to-month,Yes,Bank transfer (automatic),68.85,1970.5,Yes
9327-QSDED,Male,Yes,DSL,No,Month-to-month,No,Mailed check,43.55,335.4,No
1656-DRSMG,Female,Yes,Fiber optic,Yes,Month-to-month,Yes,Credit card (automatic),109.85,7002.95,No
3012-VFFMN,Female,Yes,No,No internet service,Month-to-month,No,Mailed check,20.65,158.95,No
2984-AFWNC,Female,Yes,Fiber optic,Yes,Month-to-month,No,Electronic check,95.4,293.15,No
0640-YJTPY,Male,Yes,No,No internet service,Two year,No,Bank transfer (automatic),21,1493.75,No
8096-LOIST,Female,Yes,DSL,No,Month-to-month,Yes,Electronic check,56.2,1093.4,No
9764-REAFF,Female,Yes,No,No internet service,Two year,No,Bank transfer (automatic),18.4,1057.85,No
3703-VAVCL,Male,Yes,Fiber optic,No,Month-to-month,No,Credit card (automatic),90,190.05,Yes
7107-UBYKY,Female,Yes,No,No internet service,Month-to-month,Yes,Electronic check,25.75,882.55,No
4881-GQJTW,Male,Yes,No,No internet service,Month-to-month,No,Credit card (automatic),19.6,300.4,No
8519-QJGJD,Female,Yes,Fiber optic,,Month-to-month,No,Electronic check,,1025.95,Yes
7876-DNYAP,Female,Yes,No,No internet service,Two year,No,Credit card (automatic),19.8,1436.95,No
7905-NJMXS,,Yes,,,Month-to-month,No,Electronic check,,475,No
2882-WDTBA,,Yes,,,Two year,Yes,Bank transfer (automatic),,5388.15,No
2091-GPPIQ,Female,Yes,DSL,Yes,Two year,Yes,Electronic check,78.95,5730.15,No
6326-MTTXK,Male,Yes,Fiber optic,Yes,Month-to-month,No,Electronic check,100.85,819.55,Yes
5071-FBJFS,Female,Yes,,,Month-to-month,No,Electronic check,,217.1,No
2796-UUZZO,Male,Yes,Fiber optic,No,Month-to-month,Yes,Credit card (automatic),80.3,4896.35,No
2429-AYKKO,Male,Yes,No,No internet service,Two year,No,Bank transfer (automatic),19.85,1434.1,No
9798-OPFEM,Female,Yes,No,No internet service,Two year,Yes,Electronic check,21.1,937.1,No
0330-IVZHA,Female,Yes,Fiber optic,,Month-to-month,No,Electronic check,,330.15,Yes
3794-NFNCH,Male,Yes,DSL,,Month-to-month,Yes,Mailed check,,1474.9,No
5193-QLVZB,Male,Yes,Fiber optic,,Two year,Yes,Bank transfer (automatic),,6536.5,No
7114-AEOZE,Female,Yes,No,No internet service,Two year,No,Bank transfer (automatic),19.85,1128.1,No
2886-KEFUM,Female,Yes,Fiber optic,Yes,One year,Yes,Electronic check,107.5,6873.75,Yes
5522-NYKPB,Male,Yes,Fiber optic,Yes,Month-to-month,No,Electronic check,85.9,2199.05,No
4237-RLAQD,Male,Yes,DSL,No,Month-to-month,Yes,Mailed check,45.85,45.85,Yes
9957-YODKZ,Male,Yes,,,Month-to-month,Yes,Electronic check,,457.1,No
6518-KZXCB,Male,Yes,No,No internet service,Two year,No,Mailed check,25.25,566.5,No
2245-ADZFJ,Female,Yes,DSL,Yes,Two year,No,Bank transfer (automatic),80.55,2471.6,No
7776-QGYJC,Female,Yes,Fiber optic,No,Month-to-month,Yes,Bank transfer (automatic),81.5,3107.3,No
9313-QOLTZ,,Yes,,,Month-to-month,No,Mailed check,,518.3,No
9651-GTSAQ,Female,Yes,Fiber optic,Yes,One year,Yes,Bank transfer (automatic),106.1,5769.75,Yes
3186-BAXNB,Female,Yes,Fiber optic,Yes,Month-to-month,No,Electronic check,91.7,91.7,Yes
4672-FOTSD,Male,Yes,DSL,No,Month-to-month,Yes,Electronic check,67.25,832.3,No
0637-YLETY,Female,Yes,Fiber optic,,Month-to-month,Yes,Credit card (automatic),,1555.65,Yes
9818-XQCUV,,Yes,,,Month-to-month,No,Mailed check,,45.3,No
7338-ERIVA,Male,No,DSL,Yes,One year,No,Bank transfer (automatic),45.05,1790.6,No
1157-BQCUW,Male,Yes,Fiber optic,No,Month-to-month,Yes,Electronic check,74.95,74.95,Yes
8259-NFJTV,Female,No,DSL,,Month-to-month,No,Mailed check,,246.6,No
3223-DWFIO,Male,Yes,Fiber optic,No,Month-to-month,No,Electronic check,69.35,261.65,No
2660-EMUBI,Male,Yes,Fiber optic,Yes,Month-to-month,Yes,Electronic check,95.35,898.35,Yes
6968-GMKPR,Female,Yes,Fiber optic,,Month-to-month,Yes,Electronic check,,4509.5,No
4751-ERMAN,Male,Yes,DSL,,Two year,Yes,Bank transfer (automatic),,5480.25,No
1436-ZMJAN,Female,Yes,DSL,Yes,Month-to-month,Yes,Credit card (automatic),67.8,653.15,No
3292-PBZEJ,Male,Yes,Fiber optic,Yes,Month-to-month,Yes,Electronic check,111.4,1183.05,No
0799-DDIHE,Female,Yes,DSL,,Month-to-month,No,Electronic check,,639.45,No
3070-FNFZQ,Female,Yes,No,No internet service,Two year,No,Bank transfer (automatic),20.4,478.75,No
2812-SFXMJ,Male,Yes,No,No internet service,Month-to-month,No,Mailed check,20.05,20.05,No
7675-OZCZG,Female,Yes,DSL,No,Month-to-month,No,Electronic check,45,127.1,Yes
5014-WUQMG,Male,Yes,Fiber optic,No,One year,Yes,Electronic check,96.1,4391.45,No
5312-TSZVC,Female,Yes,No,No internet service,One year,No,Mailed check,19.65,270.6,No
2003-CKLOR,Male,Yes,Fiber optic,Yes,Month-to-month,No,Electronic check,99.5,6710.5,Yes
0993-OSGPT,Female,Yes,DSL,No,One year,Yes,Bank transfer (automatic),60.65,3975.9,No
9254-RBFON,Female,Yes,Fiber optic,Yes,One year,No,Bank transfer (automatic),98.6,1704.95,Yes
1205-WNWPJ,Female,Yes,DSL,,Month-to-month,Yes,Mailed check,,415.95,Yes
9391-EOYLI,Male,Yes,Fiber optic,No,Month-to-month,Yes,Electronic check,80.45,950.2,Yes
7108-DGVUU,Female,Yes,DSL,No,One year,No,Bank transfer (automatic),71.7,1497.05,No
2782-JEEBU,Male,No,DSL,No,Month-to-month,Yes,Mailed check,36,780.15,No
5127-BZENZ,Female,Yes,,,One year,No,Bank transfer (automatic),,3512.15,No
2720-FVBQP,Female,Yes,DSL,No,Month-to-month,Yes,Credit card (automatic),48.95,273.25,No
9906-NHHVC,Female,No,DSL,Yes,Two year,Yes,Bank transfer (automatic),53.5,3517.9,No
4522-XRWWI,Male,Yes,DSL,Yes,One year,No,Credit card (automatic),80.45,3375.9,No
3766-EJLFL,Female,Yes,Fiber optic,,Two year,Yes,Bank transfer (automatic),,7508.55,No
5939-SXWHM,Male,Yes,No,No internet service,Two year,No,Bank transfer (automatic),26.3,1245.05,No
8152-UOBNY,Female,Yes,Fiber optic,Yes,One year,Yes,Electronic check,106.8,5347.95,No
7351-KYHQH,Female,Yes,DSL,Yes,Month-to-month,Yes,Electronic check,64.95,493.65,No
7643-RCHXS,Female,Yes,No,No internet service,Two year,No,Electronic check,19.35,1263.85,No
8246-SHFGA,Male,Yes,No,No internet service,Month-to-month,No,Credit card (automatic),21.1,385.55,No
8387-MOJJT,Female,Yes,Fiber optic,Yes,Month-to-month,Yes,Credit card (automatic),77.95,3384,Yes
0620-XEFWH,Male,Yes,No,No internet service,Month-to-month,No,Mailed check,18.85,84.2,No
6485-QXWWE,Female,Yes,No,No internet service,Two year,No,Bank transfer (automatic),26,1638.7,No
2761-OCIAX,,Yes,,,Month-to-month,Yes,Electronic check,,165.4,Yes
7321-VGNKU,Female,Yes,Fiber optic,No,Month-to-month,Yes,Electronic check,70.35,120.25,No
5327-CNLUQ,Male,Yes,Fiber optic,Yes,Two year,Yes,Bank transfer (automatic),96.9,4473.45,No
7552-KEYGT,Male,Yes,No,No internet service,Two year,No,Bank transfer (automatic),19.55,520.55,No
5816-JMLGY,,Yes,,,Two year,Yes,Bank transfer (automatic),,5717.85,No
3068-OMWZA,Male,Yes,,,Month-to-month,Yes,Electronic check,,88.8,Yes
2927-QRRQV,Male,Yes,Fiber optic,Yes,One year,Yes,Electronic check,94.65,4312.5,No
6032-KRXXO,Male,Yes,Fiber optic,Yes,Month-to-month,Yes,Electronic check,90.25,2755.35,Yes
7459-RRWQZ,Female,Yes,DSL,No,Month-to-month,Yes,Bank transfer (automatic),64.65,994.55,Yes
6265-SXWBU,Male,Yes,Fiber optic,Yes,One year,No,Credit card (automatic),95.75,6511.25,No
7941-RCJOW,Male,Yes,No,No internet service,Two year,Yes,Credit card (automatic),19.55,1218.65,No
6374-NTQLP,,Yes,,,Two year,Yes,Credit card (automatic),,7447.7,No
4154-AQUGT,Male,Yes,Fiber optic,No,Month-to-month,Yes,Bank transfer (automatic),89.05,1169.35,Yes
2387-KDZQY,Male,Yes,No,,One year,Yes,Mailed check,,279.5,No
3584-WKTTW,Male,Yes,Fiber optic,Yes,One year,Yes,Electronic check,111.55,5720.35,No
3399-BMLVW,Male,Yes,DSL,No,Two year,No,Credit card (automatic),60.5,3121.45,No
1971-DTCZB,Female,Yes,DSL,Yes,Two year,Yes,Bank transfer (automatic),90.95,6468.6,No
3092-IGHWF,Male,Yes,Fiber optic,No,One year,No,Electronic check,87.4,5918.8,Yes
3374-PZLXD,Male,Yes,No,No internet service,Month-to-month,No,Mailed check,19.7,675.6,No
3813-DHBBB,Male,No,DSL,No,Two year,Yes,Bank transfer (automatic),50.95,3521.7,No
2812-REYAT,,Yes,,,One year,Yes,Bank transfer (automatic),,923.1,No
6518-PPLMZ,,Yes,,,Two year,Yes,Mailed check,,1110.35,No
4939-KYYPY,Male,Yes,DSL,,Month-to-month,No,Electronic check,,1611.65,No
8017-LXHFA,Female,Yes,Fiber optic,,Month-to-month,Yes,Electronic check,,2293.6,Yes
5930-GBIWP,Male,Yes,DSL,No,Two year,Yes,Credit card (automatic),81.5,5553.25,No
6022-KOUQO,Female,No,DSL,,Month-to-month,No,Bank transfer (automatic),,44.75,No
6352-TWCAU,Female,Yes,Fiber optic,Yes,Month-to-month,Yes,Electronic check,86.45,3029.1,Yes
2361-UPSND,Female,Yes,DSL,No,One year,No,Mailed check,70.6,3231.05,No
6035-RIIOM,Female,Yes,Fiber optic,,Two year,Yes,Bank transfer (automatic),,5129.45,No
2929-QNSRW,Female,Yes,Fiber optic,Yes,One year,Yes,Electronic check,98.25,5508.35,Yes
1262-OPMFY,Female,Yes,Fiber optic,No,Month-to-month,Yes,Bank transfer (automatic),75.75,655.9,Yes
9504-DSHWM,Male,Yes,DSL,No,Month-to-month,No,Bank transfer (automatic),59.2,1191.2,No
5035-BVCXS,Male,Yes,Fiber optic,No,Month-to-month,Yes,Mailed check,75.9,866.4,No
6267-DCFFZ,Female,Yes,Fiber optic,Yes,Month-to-month,Yes,Electronic check,90.05,2627.2,No
3533-UVMOM,Male,Yes,DSL,No,Two year,No,Bank transfer (automatic),70.95,4741.45,No
2439-LYPMQ,Male,Yes,Fiber optic,Yes,Month-to-month,Yes,Electronic check,102.6,4009.2,No
4248-QPAVC,Female,Yes,Fiber optic,No,Month-to-month,Yes,Bank transfer (automatic),85.35,1463.45,Yes
1899-VXWXM,Male,Yes,Fiber optic,,One year,Yes,Credit card (automatic),,5082.8,Yes
1478-VPOAD,Female,Yes,DSL,No,Month-to-month,No,Electronic check,43.8,43.8,No
9995-HOTOH,,No,,,Two year,No,Electronic check,,3707.6,No
2988-PLAHS,Female,Yes,DSL,Yes,One year,Yes,Electronic check,69.95,220.45,No
1371-OJCEK,Female,Yes,No,No internet service,One year,No,Bank transfer (automatic),24.35,1133.7,No
4999-IEZLT,Male,No,DSL,No,One year,No,Credit card (automatic),29.45,1983.15,No
8883-ANODQ,Female,Yes,Fiber optic,No,Two year,Yes,Credit card (automatic),84.4,5746.75,No
4690-LLKUA,Male,Yes,DSL,No,Month-to-month,Yes,Electronic check,45.05,770.6,Yes
2351-RRBUE,Female,Yes,No,No internet service,One year,No,Mailed check,20.65,134.05,No
5980-BDHPY,Male,Yes,DSL,Yes,Two year,Yes,Bank transfer (automatic),87.1,6230.1,No
1498-DQNRX,Female,Yes,No,No internet service,Month-to-month,No,Mailed check,19.85,573.05,No
9469-WEJBT,Male,Yes,,,Month-to-month,Yes,Electronic check,,3419.3,No
3331-HQDTW,Female,Yes,Fiber optic,Yes,Month-to-month,Yes,Mailed check,109.8,3587.25,Yes
9490-DFPMD,Female,Yes,Fiber optic,Yes,Month-to-month,Yes,Electronic check,84.65,3541.35,Yes
2581-VKIRT,Female,Yes,DSL,No,One year,No,Mailed check,65.5,3801.3,No
5442-XSDCW,Male,Yes,Fiber optic,Yes,Month-to-month,Yes,Bank transfer (automatic),79.5,868.5,Yes
7426-WEIJX,Male,Yes,Fiber optic,No,Month-to-month,Yes,Electronic check,80.95,4859.1,No
2851-MMUTZ,Female,Yes,DSL,No,Month-to-month,Yes,Mailed check,56.15,1439.35,No
3049-NDXFL,,Yes,,,Month-to-month,No,Mailed check,,85.8,Yes
8580-AECUZ,Male,Yes,Fiber optic,Yes,Month-to-month,Yes,Electronic check,79.1,79.1,Yes
3307-TLCUD,,No,,,Month-to-month,No,Mailed check,,592.75,No
6625-FLENO,Male,Yes,No,No internet service,Two year,No,Mailed check,20.75,1185.95,No
2967-MXRAV,Male,Yes,No,No internet service,One year,No,Mailed check,18.8,18.8,No
7963-GQRMY,Female,Yes,DSL,No,Month-to-month,No,Mailed check,44.3,134.5,Yes
8189-HBVRW,Female,Yes,Fiber optic,,Month-to-month,No,Electronic check,,4921.2,No
4163-KIUHY,,Yes,,,Month-to-month,Yes,Electronic check,,901.25,No
1228-FZFRV,Male,Yes,Fiber optic,Yes,Month-to-month,No,Credit card (automatic),105.95,5341.8,Yes
3500-NSDOA,Male,Yes,DSL,No,Two year,No,Credit card (automatic),70.8,4859.95,No
1171-TYKUR,Male,Yes,No,No internet service,Month-to-month,No,Electronic check,25.4,1139.2,No
3761-FLYZI,Female,Yes,Fiber optic,Yes,Month-to-month,Yes,Bank transfer (automatic),108.8,7082.45,No
2058-DCJBE,,Yes,,,Month-to-month,Yes,Electronic check,,324.6,Yes
5364-XYIRR,Male,Yes,Fiber optic,Yes,Month-to-month,Yes,Electronic check,94.65,4812.75,Yes
4829-AUOAX,Female,Yes,Fiber optic,Yes,Month-to-month,No,Bank transfer (automatic),96.05,4399.5,Yes
1219-NNDDO,,Yes,,,Month-to-month,Yes,Electronic check,,663.55,No
8388-DMKAE,Female,Yes,No,No internet service,Two year,No,Mailed check,20.25,174.65,No
4403-BWPAY,Male,Yes,No,No internet service,One year,Yes,Credit card (automatic),24.8,321.7,No
9659-QEQSY,Female,Yes,Fiber optic,Yes,Month-to-month,Yes,Electronic check,115.65,5125.5,No
5405-ZMYXQ,Female,Yes,Fiber optic,,Month-to-month,Yes,Credit card (automatic),,548.9,No
5047-LHVLY,Male,Yes,DSL,,Month-to-month,Yes,Mailed check,,50.15,Yes
1442-OKRJE,Male,Yes,Fiber optic,Yes,One year,Yes,Bank transfer (automatic),103.15,7031.3,No
4737-AQCPU,,Yes,,,Two year,No,Credit card (automatic),,5016.65,No
9158-VCTQB,Female,Yes,Fiber optic,Yes,Month-to-month,Yes,Bank transfer (automatic),113.6,4594.95,Yes
2808-CHTDM,Female,Yes,No,No internet service,Two year,No,Mailed check,25.1,611.45,No
6311-UEUME,Female,Yes,Fiber optic,Yes,Month-to-month,Yes,Electronic check,78.9,2384.15,Yes
0793-TWELN,Female,Yes,Fiber optic,No,Month-to-month,Yes,Electronic check,80.15,319.85,No
3283-WCWXT,Male,Yes,No,No internet service,Two year,No,Mailed check,25.4,153.3,No
1060-ENTOF,Female,Yes,Fiber optic,No,One year,Yes,Credit card (automatic),105.4,7035.6,No
0999-QXNSA,Male,Yes,DSL,No,Month-to-month,Yes,Mailed check,45.75,344.2,No
5451-MHQOF,Male,Yes,No,No internet service,One year,Yes,Mailed check,24.45,1431.65,No
4836-WNFNO,Female,Yes,No,No internet service,Two year,No,Credit card (automatic),25,1849.2,No
9225-BZLNZ,Male,Yes,DSL,Yes,Two year,Yes,Electronic check,85.25,6083.1,No
0354-VXMJC,Male,Yes,No,,Two year,No,Credit card (automatic),,426.65,No
4422-QVIJA,Female,Yes,DSL,No,Month-to-month,No,Mailed check,50.15,1655.35,No
9365-SRSZE,Male,Yes,Fiber optic,No,Month-to-month,Yes,Electronic check,70.55,1943.9,No
6839-ITVZJ,Female,Yes,DSL,No,Month-to-month,Yes,Electronic check,60.05,1616.15,Yes
8332-OSJDW,Male,Yes,No,No internet service,One year,No,Mailed check,26.4,314.95,No
4735-BJKOU,Female,Yes,No,No internet service,Two year,No,Mailed check,20.15,804.85,No
0274-JKUJR,Male,No,DSL,Yes,Month-to-month,No,Mailed check,58.85,465.7,No
5740-YHGTW,Male,Yes,Fiber optic,Yes,Month-to-month,Yes,Credit card (automatic),97.55,6669.05,No
8917-SZTTJ,Male,Yes,No,No internet service,Two year,No,Credit card (automatic),19.65,1161.75,No
1696-MZVAU,Male,No,DSL,No,One year,Yes,Credit card (automatic),25.25,947.75,No
7359-WWYJV,Male,Yes,Fiber optic,Yes,Two year,No,Credit card (automatic),114.45,8375.05,No
0375-HVGXO,Female,No,DSL,,Month-to-month,Yes,Electronic check,,34.7,Yes
4906-ZHGPK,Male,Yes,DSL,Yes,One year,Yes,Electronic check,70.7,3770,No
8593-WHYHV,Male,Yes,Fiber optic,No,Month-to-month,Yes,Electronic check,85.3,264.8,Yes
3795-GWTRD,Female,Yes,DSL,Yes,Two year,No,Credit card (automatic),75.55,4707.85,No
1298-PHBTI,Male,Yes,Fiber optic,No,Two year,Yes,Electronic check,84.8,6152.4,No
6223-DHJGV,Female,Yes,No,No internet service,One year,Yes,Mailed check,20.65,958.1,No
6961-MJKBO,Male,Yes,No,No internet service,Two year,No,Bank transfer (automatic),20.45,943,No
6097-EQISJ,Female,Yes,Fiber optic,Yes,One year,Yes,Credit card (automatic),102.45,6615.15,Yes
4423-YLHDV,Female,Yes,Fiber optic,Yes,Month-to-month,Yes,Bank transfer (automatic),104.4,2200.25,Yes
8158-WPEZG,Male,No,DSL,,Month-to-month,Yes,Electronic check,,425.1,No
0107-YHINA,Male,Yes,Fiber optic,Yes,Month-to-month,Yes,Electronic check,99.75,99.75,Yes
4918-FYJNT,Female,Yes,Fiber optic,No,Month-to-month,No,Electronic check,90.45,5044.8,No
0727-BNRLG,Male,Yes,Fiber optic,Yes,Two year,Yes,Credit card (automatic),97.65,6743.55,No
4854-CIDCF,Female,Yes,Fiber optic,No,Month-to-month,No,Electronic check,73.85,196.4,No
8640-SDGKB,Male,Yes,DSL,Yes,Month-to-month,Yes,Electronic check,74.4,299.7,Yes
3280-MRDOF,Male,Yes,DSL,Yes,Two year,Yes,Credit card (automatic),69.1,2093.9,No
6435-SRWBJ,Female,Yes,Fiber optic,No,Month-to-month,Yes,Electronic check,82.75,417.75,No
9964-WBQDJ,Female,Yes,No,No internet service,Two year,Yes,Credit card (automatic),24.4,1725.4,No
6303-KFWSL,Female,Yes,DSL,No,One year,Yes,Electronic check,55.25,1620.2,No
1702-CCFNJ,Male,Yes,DSL,No,Month-to-month,No,Bank transfer (automatic),61.35,3169.55,No
8932-CZHRQ,Male,Yes,DSL,No,One year,No,Credit card (automatic),76.75,5233.25,No
0386-CWRGM,Female,Yes,No,No internet service,Two year,No,Mailed check,19.4,967.85,No
5515-RUGKN,Male,Yes,DSL,No,Month-to-month,Yes,Credit card (automatic),54.75,438.05,No
0404-AHASP,Male,Yes,No,No internet service,Two year,No,Credit card (automatic),19.7,1421.9,No
7279-NMVJC,,Yes,,,One year,No,Bank transfer (automatic),,323.15,No
2081-VEYEH,Male,Yes,Fiber optic,Yes,Month-to-month,Yes,Electronic check,107.95,318.6,No
6407-UTSLV,Female,Yes,Fiber optic,,Month-to-month,Yes,Bank transfer (automatic),,163.7,No
4116-TZAQJ,Female,Yes,,,Month-to-month,Yes,Credit card (automatic),,639.65,Yes
9060-HJJRW,Female,No,DSL,Yes,One year,Yes,Credit card (automatic),56.4,2928.5,No
2587-YNLES,Female,Yes,No,No internet service,Two year,No,Mailed check,20.1,100.35,No
7398-SKNQZ,Female,Yes,Fiber optic,Yes,Month-to-month,No,Electronic check,94.9,273.2,No
5935-FCCNB,Female,Yes,Fiber optic,Yes,Month-to-month,Yes,Electronic check,94.2,1608.15,No
1958-RNRKS,,Yes,,,Month-to-month,No,Electronic check,,1441.95,No
5136-RGMZO,Male,Yes,DSL,Yes,Month-to-month,Yes,Electronic check,71.05,2168.15,No
8345-MVDYC,Female,Yes,,,Two year,No,Bank transfer (automatic),,3618.7,No
8226-BXGES,Male,Yes,Fiber optic,No,One year,No,Bank transfer (automatic),89.45,5692.65,No
3877-JRJIP,,Yes,,,Month-to-month,Yes,Electronic check,,59.85,Yes
8375-DKEBR,Female,Yes,Fiber optic,No,Month-to-month,Yes,Electronic check,69.6,69.6,Yes
9705-IOVQQ,Male,Yes,Fiber optic,,One year,No,Electronic check,,5969.3,No
1015-OWJKI,Male,Yes,No,No internet service,Month-to-month,No,Mailed check,19.05,19.05,No
7511-YMXVQ,Male,No,DSL,Yes,Month-to-month,Yes,Electronic check,45.4,418.8,Yes
2040-XBAVJ,Male,Yes,Fiber optic,Yes,Two year,No,Bank transfer (automatic),114.45,8100.55,No
7551-JOHTI,Female,Yes,No,No internet service,Month-to-month,No,Mailed check,19.5,19.5,Yes
8887-IPQNC,,Yes,,,Month-to-month,Yes,Mailed check,,313.45,No
8646-JCOMS,Female,Yes,Fiber optic,No,One year,Yes,Bank transfer (automatic),90.55,6130.95,No
9804-ICWBG,Male,Yes,Fiber optic,No,Month-to-month,Yes,Electronic check,69.9,69.9,Yes
1222-KJNZD,Male,Yes,,,Month-to-month,Yes,Bank transfer (automatic),,745.3,No
0106-GHRQR,Male,Yes,DSL,,Month-to-month,Yes,Bank transfer (automatic),,1212.1,No
5318-IXUZF,Female,Yes,Fiber optic,Yes,Month-to-month,Yes,Bank transfer (automatic),87.15,183.75,Yes
3768-VHXQO,Male,Yes,No,No internet service,Two year,No,Credit card (automatic),24.85,1583.5,No
8952-WCVCD,,Yes,,,One year,Yes,Bank transfer (automatic),,4162.05,No
2418-TPEUN,Female,Yes,No,No internet service,Two year,Yes,Credit card (automatic),19.8,1119.9,No
3963-RYFNS,Female,Yes,Fiber optic,Yes,Two year,Yes,Bank transfer (automatic),116.45,8013.55,No
3198-VELRD,,Yes,,,Month-to-month,Yes,Bank transfer (automatic),,264.85,Yes
8540-ZQGEA,Female,Yes,No,No internet service,Two year,No,Credit card (automatic),20.05,1102.4,No
1320-REHCS,Male,Yes,Fiber optic,Yes,Month-to-month,Yes,Electronic check,110.75,5832,No
4137-JOPHL,Female,Yes,Fiber optic,No,Two year,Yes,Bank transfer (automatic),89.7,4304.5,No
9436-ZBZCT,Male,Yes,Fiber optic,Yes,Month-to-month,Yes,Electronic check,89.95,1178.4,Yes
7801-CEDNV,Male,Yes,DSL,No,One year,No,Credit card (automatic),48.7,1421.75,No
2057-BOYKM,Female,Yes,Fiber optic,No,Two year,Yes,Bank transfer (automatic),96.6,6827.5,No
3658-QQJYD,Male,Yes,DSL,Yes,One year,Yes,Credit card (automatic),74.3,4698.05,No
1803-BGNBD,Female,Yes,,,Month-to-month,Yes,Electronic check,,654.5,No
0134-XWXCE,Female,Yes,DSL,Yes,One year,No,Bank transfer (automatic),74.85,3268.05,No
6950-TWMYB,Male,Yes,Fiber optic,No,Two year,Yes,Bank transfer (automatic),79.95,4362.05,No
5848-FHRFC,Female,Yes,No,No internet service,Two year,No,Bank transfer (automatic),20.05,1386.9,No
2243-FNMMI,Male,Yes,No,No internet service,Month-to-month,No,Mailed check,19.4,415.4,No
2511-MORQY,Male,Yes,DSL,,One year,No,Bank transfer (automatic),,2614.1,No
5356-KZCKT,Male,Yes,No,No internet service,Two year,Yes,Credit card (automatic),24.45,1513.6,No
9470-XCCEM,Male,Yes,Fiber optic,Yes,Month-to-month,Yes,Bank transfer (automatic),89.65,3161.6,No
6519-CFDBX,Female,Yes,DSL,No,Month-to-month,Yes,Electronic check,45.4,80.95,No
3902-MIVLE,Male,Yes,DSL,No,Two year,No,Mailed check,75.7,4676.7,No
0409-WTMPL,Female,Yes,Fiber optic,,One year,Yes,Credit card (automatic),,6526.65,No
8763-KIAFH,Female,Yes,No,No internet service,One year,Yes,Mailed check,20.55,583.3,No
3669-WHAFY,Female,Yes,Fiber optic,Yes,Two year,Yes,Credit card (automatic),115.15,8078.1,No
3055-VTCGS,Female,Yes,,,One year,No,Credit card (automatic),,3503.5,No
3144-KMTWZ,Male,Yes,Fiber optic,No,Month-to-month,Yes,Bank transfer (automatic),93.25,6669.45,No
7279-BUYWN,Female,Yes,Fiber optic,Yes,Month-to-month,Yes,Electronic check,113.2,4689.5,Yes
7156-MHUGY,Male,Yes,Fiber optic,Yes,Month-to-month,Yes,Electronic check,90.5,1201.15,Yes
7198-GLXTC,Male,Yes,Fiber optic,Yes,Month-to-month,No,Electronic check,79,143.65,Yes
2007-QVGAW,Female,Yes,No,No internet service,Two year,Yes,Bank transfer (automatic),19.35,1292.65,No
5207-PLSTK,Male,Yes,DSL,No,Month-to-month,Yes,Mailed check,48.75,48.75,No
2307-FYNNL,,Yes,,,Two year,Yes,Electronic check,,7108.2,No
5605-XNWEN,Male,Yes,No,No internet service,Two year,Yes,Bank transfer (automatic),25,1802.55,No
2155-AMQRX,Female,Yes,DSL,No,Month-to-month,Yes,Credit card (automatic),54.9,1505.15,No
6181-AXXYF,Male,Yes,No,No internet service,Two year,No,Credit card (automatic),24.75,1859.1,No
5091-HFAZW,Female,Yes,Fiber optic,Yes,Month-to-month,Yes,Electronic check,91.15,168.5,No
0516-VRYBW,Female,Yes,No,No internet service,One year,No,Bank transfer (automatic),20.15,390.85,Yes
2519-LBNQL,Male,Yes,Fiber optic,Yes,One year,Yes,Electronic check,104.35,6339.45,No
8623-ULFNQ,Female,Yes,DSL,,Month-to-month,Yes,Electronic check,,1652.4,No
8380-PEFPE,Male,Yes,Fiber optic,,Month-to-month,Yes,Electronic check,,71.65,Yes
5687-DKDTV,Female,Yes,No,No internet service,Month-to-month,No,Mailed check,20.35,77.5,Yes
1568-LJSZU,Male,Yes,DSL,Yes,Two year,Yes,Credit card (automatic),92.2,6392.85,No
7530-HDYDS,Female,Yes,,,Month-to-month,Yes,Credit card (automatic),,3264.5,Yes
7789-HKSBS,Female,Yes,Fiber optic,Yes,One year,Yes,Bank transfer (automatic),105.2,4599.15,No
7416-CKTEP,Female,Yes,No,No internet service,Two year,Yes,Bank transfer (automatic),19.6,1134.25,No
2586-CWXVV,Male,No,DSL,No,Month-to-month,No,Electronic check,30.4,1621.35,No
3096-IZETN,Female,Yes,Fiber optic,No,Month-to-month,No,Bank transfer (automatic),78.1,947.3,Yes
2348-KCJLT,Female,Yes,DSL,No,One year,Yes,Mailed check,61.5,2722.2,No
8401-EMUWF,Male,Yes,DSL,Yes,Month-to-month,Yes,Bank transfer (automatic),69.4,3058.3,No
4193-IBKSW,Male,Yes,No,No internet service,Two year,No,Bank transfer (automatic),24.75,1769.6,No
5377-NDTOU,Female,Yes,DSL,Yes,Two year,No,Mailed check,91.05,6293.75,No
5922-ABDVO,,Yes,,,Month-to-month,No,Mailed check,,1761.05,Yes
2474-LCNUE,Female,Yes,DSL,Yes,Month-to-month,Yes,Credit card (automatic),73.65,1642.75,No
0839-QNXME,Female,Yes,No,No internet service,Two year,No,Credit card (automatic),19.4,578.5,No
3506-OVLKD,Male,Yes,No,No internet service,One year,No,Bank transfer (automatic),26.2,954.9,No
9172-ANCRX,Female,Yes,Fiber optic,Yes,Month-to-month,Yes,Electronic check,98.7,973.25,Yes
6650-VJONK,Male,Yes,DSL,No,Month-to-month,Yes,Bank transfer (automatic),43.85,43.85,No
2178-PMGCJ,,Yes,,,Month-to-month,Yes,Mailed check,,1490.4,No
7492-TAFJD,Male,No,DSL,No,Two year,No,Mailed check,38.55,280,No
2773-MADBQ,Female,No,DSL,,Two year,Yes,Mailed check,,1901.25,No
6016-LVTJQ,Female,Yes,No,No internet service,Month-to-month,No,Mailed check,20.65,716.4,No
7860-KSUGX,Male,Yes,DSL,,Two year,No,Credit card (automatic),,4720,No
8966-KZXXA,Male,Yes,No,No internet service,Two year,No,Credit card (automatic),25.1,930.95,No
6910-HADCM,,Yes,,,Month-to-month,No,Electronic check,,76.35,Yes
4816-LXZYW,Female,Yes,Fiber optic,No,Month-to-month,Yes,Electronic check,79.15,1676.95,Yes
9606-PBKBQ,Male,Yes,Fiber optic,No,Month-to-month,Yes,Electronic check,85,2642.05,Yes
5149-QYTTU,Female,Yes,Fiber optic,No,One year,Yes,Credit card (automatic),95.15,6770.85,No
2070-XYMFH,Female,Yes,Fiber optic,No,Month-to-month,Yes,Mailed check,79.35,1835.3,No
2085-BOJKI,Male,Yes,Fiber optic,Yes,One year,Yes,Bank transfer (automatic),96.65,1588.25,No
0817-HSUSE,Male,Yes,DSL,Yes,Month-to-month,Yes,Electronic check,75.5,75.5,No
5442-PPTJY,Male,Yes,No,No internet service,Two year,No,Mailed check,19.7,258.35,No
1927-QEWMY,Female,Yes,No,No internet service,Two year,No,Credit card (automatic),20.5,1502.25,No
1663-MHLHE,Male,Yes,No,No internet service,Month-to-month,No,Mailed check,19.2,19.2,No
5663-QBGIS,,Yes,,,Two year,No,Bank transfer (automatic),,6929.4,No
4450-MDZFX,Male,Yes,Fiber optic,No,Month-to-month,No,Bank transfer (automatic),74.35,4453.3,No
6701-DHKWQ,Female,No,DSL,Yes,Two year,No,Credit card (automatic),51.35,3244.4,No
7554-AKDQF,,Yes,,,Month-to-month,No,Mailed check,,323.45,No
3536-IQCTX,Male,Yes,Fiber optic,No,Month-to-month,No,Electronic check,85.3,2661.1,Yes
4911-BANWH,Female,Yes,Fiber optic,Yes,Month-to-month,Yes,Credit card (automatic),86.55,2697.4,Yes
8496-EJAUI,Male,Yes,Fiber optic,No,Month-to-month,Yes,Credit card (automatic),73.85,1424.5,Yes
0794-YVSGE,Male,Yes,No,No internet service,Two year,No,Bank transfer (automatic),20.3,1401.15,No
5423-BHIXO,Female,Yes,DSL,No,Month-to-month,Yes,Electronic check,54.2,1739.6,No
6908-VVYHM,Male,Yes,Fiber optic,No,Month-to-month,Yes,Electronic check,90.65,5931,No
2959-EEXWB,Female,No,DSL,Yes,Month-to-month,Yes,Bank transfer (automatic),50.9,2333.85,No
1839-UMACK,Male,Yes,No,No internet service,One year,No,Electronic check,25.05,949.85,No
3030-YDNRM,Male,Yes,Fiber optic,No,Month-to-month,Yes,Electronic check,74.85,572.45,No
7321-KKSDU,Male,Yes,No,No internet service,Two year,No,Mailed check,20.5,696.8,No
3402-XRIUO,Female,Yes,DSL,No,Month-to-month,Yes,Mailed check,63.55,1381.8,No
3132-TVFDZ,Male,No,DSL,Yes,Month-to-month,Yes,Electronic check,44.85,2572.95,Yes
8286-AFUYI,Male,Yes,DSL,No,Month-to-month,No,Electronic check,47.95,47.95,No
8080-DDEMJ,Male,Yes,DSL,No,Month-to-month,No,Electronic check,45.1,45.1,Yes
8356-WUAOJ,Female,Yes,DSL,,Month-to-month,Yes,Electronic check,,45,No
6365-MTGZX,Male,Yes,Fiber optic,Yes,Month-to-month,Yes,Electronic check,96,2122.45,Yes
1349-WXNGG,Male,Yes,No,No internet service,Month-to-month,No,Bank transfer (automatic),20.05,20.05,Yes
8058-DMYRU,Male,Yes,Fiber optic,No,Month-to-month,Yes,Electronic check,90.05,4931.8,No
9350-ZXYJC,Female,Yes,No,No internet service,Two year,Yes,Credit card (automatic),25.3,116.95,No
6990-YNRIO,Male,Yes,Fiber optic,,Two year,No,Bank transfer (automatic),,6937.95,Yes
8958-JPTRR,Female,Yes,No,No internet service,One year,No,Electronic check,24.3,1261.7,No
6959-GQEGV,Male,Yes,DSL,Yes,Month-to-month,Yes,Electronic check,75.95,3273.8,No
3173-WSSUE,Female,Yes,No,No internet service,Two year,No,Credit card (automatic),19.7,1415.85,No
1265-HVPZB,Male,Yes,DSL,,One year,No,Credit card (automatic),,3958.2,No
4115-UMJFQ,Male,No,DSL,No,One year,Yes,Bank transfer (automatic),35.75,2492.25,No
7369-TRPFD,Male,Yes,No,No internet service,One year,No,Mailed check,18.8,279.2,No
1098-KFQEC,Female,Yes,No,No internet service,Two year,No,Credit card (automatic),19.4,1083,No
7190-XHTWJ,Female,Yes,No,No internet service,One year,No,Mailed check,19.3,755.5,No
0621-TWIEM,Male,Yes,DSL,No,Month-to-month,Yes,Electronic check,45.55,402.6,Yes
3537-RYBHH,Female,Yes,DSL,No,Month-to-month,Yes,Credit card (automatic),67.45,3252,No
2485-ITVKB,Female,No,DSL,No,Month-to-month,Yes,Electronic check,35.1,68.75,Yes
3669-OYSJI,Male,Yes,DSL,No,Month-to-month,No,Credit card (automatic),46.2,46.2,Yes
1612-EOHDH,Female,Yes,DSL,No,Month-to-month,No,Electronic check,45.15,45.15,Yes
6702-OHFWR,Male,No,DSL,No,Month-to-month,Yes,Electronic check,43.3,43.3,Yes
5296-BFCYD,Male,Yes,No,No internet service,Two year,Yes,Mailed check,20.1,936.85,No
4510-PYUSH,Female,Yes,DSL,No,Month-to-month,Yes,Credit card (automatic),57.15,2250.65,Yes
9359-JANWS,Female,Yes,DSL,No,Two year,No,Credit card (automatic),58.9,3857.1,No
7517-SAWMO,Female,Yes,Fiber optic,No,Month-to-month,Yes,Electronic check,73.2,1441.1,Yes
4143-HHPMK,,Yes,,,Month-to-month,Yes,Electronic check,,4338.6,Yes
3279-DYZQM,Male,Yes,No,,Two year,No,Mailed check,,1378.45,No
7054-LGEQW,Female,Yes,DSL,No,Month-to-month,No,Mailed check,45.95,45.95,Yes
0523-VNGTF,,No,,,Month-to-month,Yes,Electronic check,,2566.3,No
9575-IWCAZ,Male,Yes,No,No internet service,One year,No,Mailed check,25.1,171,No
7105-MXJLL,Female,Yes,DSL,,One year,No,Mailed check,,1597.4,No
7064-FRRSW,Male,Yes,Fiber optic,Yes,One year,Yes,Electronic check,99,4744.35,No
7940-UQQUG,Female,Yes,Fiber optic,Yes,One year,Yes,Bank transfer (automatic),104.4,6721.6,No
0923-PNFUB,,Yes,,,Month-to-month,No,Electronic check,,247.25,Yes
3961-SXAXY,Male,Yes,DSL,No,Month-to-month,Yes,Bank transfer (automatic),44.05,44.05,No
7010-BRBUU,Male,Yes,No,,Two year,No,Credit card (automatic),,1734.65,No
3566-HJGPK,,Yes,,,Month-to-month,Yes,Mailed check,,45.55,No
3062-ICYZQ,Female,Yes,Fiber optic,,Month-to-month,Yes,Electronic check,,4539.35,No
9938-PRCVK,Female,Yes,No,,Two year,No,Bank transfer (automatic),,804.25,No
0973-KYVNF,Female,Yes,DSL,Yes,Two year,Yes,Credit card (automatic),70.65,5011.15,No
5129-HHMZC,Female,Yes,DSL,Yes,Two year,No,Credit card (automatic),86.45,3574.5,No
9637-CDTKZ,Male,Yes,Fiber optic,Yes,Two year,Yes,Credit card (automatic),114.1,8086.4,No
3946-JEWRQ,Male,Yes,Fiber optic,Yes,One year,Yes,Credit card (automatic),95.2,4563,No
7873-CVMAW,Male,Yes,DSL,Yes,Two year,No,Credit card (automatic),88.55,6362.35,No
0463-WZZKO,Male,Yes,No,No internet service,Month-to-month,Yes,Credit card (automatic),20.75,67.1,No
3494-JCHRQ,Male,Yes,Fiber optic,No,Month-to-month,Yes,Electronic check,70.05,70.05,Yes
6474-FVJLC,Male,Yes,Fiber optic,No,Month-to-month,Yes,Electronic check,86,165.45,Yes
4524-QCSSM,Male,No,DSL,No,Month-to-month,Yes,Bank transfer (automatic),44.65,1156.55,No
5832-EXGTT,,Yes,,,Month-to-month,Yes,Mailed check,,1834.15,No
8840-DQLGN,Female,Yes,Fiber optic,,Month-to-month,Yes,Bank transfer (automatic),,3653.35,Yes
2039-JONDJ,Male,Yes,DSL,No,One year,No,Bank transfer (automatic),55.45,1477.65,No
7217-JYHOQ,Male,Yes,DSL,No,Month-to-month,Yes,Credit card (automatic),70.3,1706.45,No
6695-FRVEC,Male,Yes,DSL,,Two year,Yes,Bank transfer (automatic),,3953.7,No
4547-LYTDD,Female,Yes,Fiber optic,No,Month-to-month,No,Electronic check,72.65,1194.3,Yes
9894-QMIMJ,,Yes,,,One year,No,Bank transfer (automatic),,1327.85,No
8069-YQQAJ,Male,No,DSL,No,Month-to-month,Yes,Mailed check,31.1,419.7,No
6770-XUAGN,Female,Yes,No,No internet service,Month-to-month,Yes,Electronic check,21,21,Yes
4193-ORFCL,Female,Yes,DSL,,Month-to-month,No,Mailed check,,45.1,Yes
1636-NTNCO,Male,No,DSL,Yes,Month-to-month,Yes,Credit card (automatic),50.95,207.35,No
3466-WAESX,,Yes,,,Month-to-month,Yes,Electronic check,,1083.7,No
9281-PKKZE,Female,No,DSL,,Month-to-month,Yes,Electronic check,,2007.85,No
3638-VBZTA,Male,Yes,DSL,Yes,Two year,Yes,Bank transfer (automatic),86.5,5882.75,No
7459-IMVYU,Male,Yes,DSL,No,Month-to-month,No,Electronic check,69.95,2657.55,No
7776-QWNFX,,Yes,,,Month-to-month,Yes,Bank transfer (automatic),,1527.5,Yes
6689-TCZHQ,Female,Yes,Fiber optic,No,Month-to-month,No,Electronic check,78.95,378.4,Yes
8563-OYMQY,Male,Yes,Fiber optic,No,Month-to-month,Yes,Credit card (automatic),90.95,1612.2,No
0754-EEBDC,Male,Yes,No,No internet service,Two year,No,Mailed check,19.9,76.65,No
5777-ZPQNC,Female,Yes,No,No internet service,One year,No,Electronic check,20.15,260.7,No
1951-IEYXM,Male,Yes,DSL,,Two year,Yes,Credit card (automatic),,6441.85,No
3318-NMQXL,Male,Yes,Fiber optic,Yes,Month-to-month,Yes,Electronic check,92,266.8,No
3143-ILDAL,Male,Yes,Fiber optic,No,Month-to-month,Yes,Electronic check,94.45,5124.6,Yes
1022-RKXDR,Female,Yes,No,No internet service,One year,Yes,Mailed check,24.85,962.25,No
2361-FJWNO,Male,No,DSL,No,One year,No,Credit card (automatic),36,1382.9,No
2272-UOINI,Female,Yes,DSL,Yes,Month-to-month,Yes,Electronic check,78.5,571.05,No
8232-UTFOZ,Male,Yes,No,No internet service,Two year,No,Credit card (automatic),19.95,1399.35,No
3750-YHRYO,Male,Yes,No,No internet service,One year,No,Mailed check,20.65,150,No
6637-KYRCV,Female,No,DSL,No,Month-to-month,Yes,Electronic check,30.5,167.2,No
5668-MEISB,Female,Yes,Fiber optic,Yes,Two year,No,Credit card (automatic),106.1,7657.4,No
0129-QMPDR,,Yes,,,One year,Yes,Bank transfer (automatic),,865.05,No
7188-CBBBA,Female,Yes,Fiber optic,Yes,One year,Yes,Electronic check,95.5,6153.85,No
5356-CSVSQ,Female,Yes,DSL,Yes,Month-to-month,No,Electronic check,64.6,174.2,No
3221-CJMSG,Male,Yes,,,Month-to-month,Yes,Credit card (automatic),,1269.6,No
4720-VSTSI,,Yes,,,Month-to-month,Yes,Bank transfer (automatic),,3862.55,Yes
3219-JQRSL,Female,Yes,DSL,Yes,Two year,No,Credit card (automatic),89.1,6352.4,No
2801-NISEI,Male,Yes,DSL,No,Month-to-month,No,Electronic check,54.95,1348.5,No
3946-MHCZW,Male,Yes,DSL,No,Month-to-month,No,Mailed check,50.9,50.9,Yes
4623-ZKHLY,Male,Yes,No,No internet service,Month-to-month,Yes,Bank transfer (automatic),20.45,471.55,No
6732-VAILE,Male,Yes,DSL,,Two year,Yes,Credit card (automatic),,5931.75,No
8201-AAXCB,Male,Yes,DSL,,Month-to-month,No,Electronic check,,1404.65,No
7696-CFTAT,Male,Yes,No,No internet service,Two year,No,Bank transfer (automatic),19.8,726.1,No
1845-CSBRZ,Female,Yes,Fiber optic,Yes,Month-to-month,No,Bank transfer (automatic),85.35,1961.6,No
2123-VSCOT,Female,Yes,DSL,Yes,Two year,Yes,Bank transfer (automatic),72.1,4194.85,No
6651-AZVTJ,,Yes,,,Month-to-month,Yes,Electronic check,,4872.45,Yes
4566-GOLUK,Male,Yes,Fiber optic,Yes,Month-to-month,Yes,Bank transfer (automatic),107.35,5118.95,Yes
2484-DGXPZ,Female,Yes,No,No internet service,Month-to-month,Yes,Mailed check,19.55,658.95,Yes
2018-QKYGT,Male,Yes,Fiber optic,No,Month-to-month,Yes,Electronic check,81.05,81.05,No
2792-VPPET,Male,Yes,No,No internet service,Month-to-month,Yes,Electronic check,20.5,76.95,No
7409-JURKQ,Female,Yes,Fiber optic,Yes,One year,Yes,Bank transfer (automatic),111.8,5809.75,No
3247-MHJKM,Male,Yes,No,No internet service,Month-to-month,No,Mailed check,20.2,20.2,No
1964-SVLEA,Male,Yes,No,No internet service,One year,Yes,Mailed check,19.7,415.9,No
4587-NUKOX,Female,Yes,,,Month-to-month,Yes,Electronic check,,246.5,Yes
7297-DVYGA,Female,Yes,No,No internet service,One year,Yes,Bank transfer (automatic),19.85,996.95,No
2239-CGBUZ,Female,Yes,DSL,No,One year,Yes,Bank transfer (automatic),60.5,3145.15,No
0854-UYHZD,Female,Yes,No,No internet service,Two year,No,Mailed check,19.55,265.3,No
7243-LCGGZ,Female,Yes,No,No internet service,Month-to-month,No,Mailed check,20.9,20.9,No
8267-KFGYD,Male,Yes,No,No internet service,Month-to-month,Yes,Mailed check,21.05,21.05,No
4890-VMUAV,Male,Yes,DSL,,One year,No,Electronic check,,4576.3,No
9261-WDCAF,Male,Yes,DSL,,Month-to-month,No,Mailed check,,189.1,No
3764-MNMOI,Male,Yes,No,No internet service,Two year,No,Credit card (automatic),19.2,908.15,No
7442-YGZFK,Male,Yes,DSL,No,Month-to-month,Yes,Credit card (automatic),49.8,49.8,No
0420-BWTPW,Male,No,DSL,No,Month-to-month,No,Mailed check,25.5,215.2,Yes
8229-BUJHX,Female,Yes,No,,Two year,No,Bank transfer (automatic),,1500.95,No
7449-HVPIV,Male,Yes,Fiber optic,Yes,Month-to-month,Yes,Credit card (automatic),90.4,5099.15,No
5504-WSIUR,Female,Yes,Fiber optic,No,One year,Yes,Bank transfer (automatic),90.25,6385.95,No
8183-ONMXC,Female,Yes,Fiber optic,No,Month-to-month,No,Electronic check,80.75,159.45,Yes
8466-PZBLH,Male,Yes,Fiber optic,Yes,Two year,No,Bank transfer (automatic),104.6,6885.75,No
9614-RMGHA,Male,Yes,Fiber optic,Yes,Month-to-month,Yes,Bank transfer (automatic),91.85,5940.85,Yes
8735-IJJEG,Male,Yes,DSL,No,Month-to-month,No,Credit card (automatic),50.2,668.85,No
0564-MUUQK,Female,Yes,Fiber optic,No,Month-to-month,Yes,Bank transfer (automatic),95.5,1916.2,No
5054-IEXZT,Male,Yes,Fiber optic,No,Month-to-month,Yes,Electronic check,75.35,75.35,Yes
5834-ASPWA,,Yes,,,Month-to-month,Yes,Electronic check,,75.45,Yes
0701-RFGFI,Female,Yes,Fiber optic,Yes,Month-to-month,Yes,Bank transfer (automatic),95.4,4613.95,No
0019-EFAEP,Female,Yes,Fiber optic,Yes,Two year,Yes,Bank transfer (automatic),101.3,7261.25,No
5619-PTMIK,Female,Yes,DSL,No,Month-to-month,No,Electronic check,53.1,2459.8,No
3737-XBQDD,Male,Yes,Fiber optic,No,Month-to-month,Yes,Bank transfer (automatic),84.85,2048.8,No
5882-CMAZQ,Female,No,DSL,No,Month-to-month,No,Electronic check,34.25,163.55,No
5846-QFDFI,Female,Yes,Fiber optic,No,Month-to-month,No,Credit card (automatic),88.6,2888.7,No
4445-KWOKW,Female,Yes,DSL,No,One year,Yes,Bank transfer (automatic),60.15,2421.6,No
3511-APPBJ,Male,Yes,Fiber optic,Yes,One year,Yes,Credit card (automatic),99.95,2292.75,No
7967-HYCDE,Male,Yes,Fiber optic,No,Month-to-month,No,Bank transfer (automatic),70.7,553.4,No
2430-RRYUW,Male,Yes,,,One year,Yes,Mailed check,,3465.7,No
3948-XHGNA,,Yes,,,Month-to-month,Yes,Bank transfer (automatic),,1210.4,Yes
3723-BFBGR,,Yes,,,Month-to-month,No,Credit card (automatic),,1291.3,No
0565-IYCGT,Male,Yes,DSL,No,One year,Yes,Credit card (automatic),78.6,5356.45,Yes
5447-WZAFP,Female,Yes,Fiber optic,Yes,One year,Yes,Mailed check,100.3,5200.8,No
5110-CHOPY,Female,No,DSL,Yes,Two year,No,Electronic check,53.6,3237.05,No
5445-UTODQ,Female,Yes,Fiber optic,Yes,Month-to-month,Yes,Electronic check,81.1,576.65,Yes
4425-OWHWB,Female,Yes,No,No internet service,One year,Yes,Credit card (automatic),19.35,433.75,No
7892-QVYKW,Female,Yes,Fiber optic,No,Month-to-month,No,Electronic check,85.6,1868.4,No
9675-ICXCT,Male,Yes,DSL,Yes,Two year,Yes,Electronic check,80.8,5728.55,No
1024-VRZHF,Male,Yes,Fiber optic,No,Month-to-month,Yes,Electronic check,74.95,825.7,Yes
4703-MQYKT,Male,Yes,No,No internet service,Two year,No,Mailed check,19.6,390.4,No
9497-QCMMS,Male,Yes,Fiber optic,Yes,Month-to-month,Yes,Electronic check,93.55,93.55,Yes
5692-ICXLW,Male,Yes,Fiber optic,Yes,Month-to-month,Yes,Electronic check,90.7,2845.15,No
0602-DDUML,,Yes,,,Two year,No,Mailed check,,3894.4,No
2208-MPXIO,Female,Yes,,,Two year,Yes,Bank transfer (automatic),,886.4,No
1960-UYCNN,Male,Yes,Fiber optic,No,Month-to-month,Yes,Electronic check,95.25,1021.55,No
0348-SDKOL,Female,Yes,Fiber optic,Yes,Month-to-month,Yes,Credit card (automatic),102.1,5885.4,Yes
3190-FZATL,Male,Yes,No,No internet service,Month-to-month,No,Mailed check,19.95,268.4,No
7336-RLLRH,Male,Yes,DSL,Yes,One year,No,Mailed check,80.85,2204.35,No
4373-MAVJG,Female,Yes,Fiber optic,No,Month-to-month,Yes,Bank transfer (automatic),90.9,1259,Yes
8901-HJXTF,Female,No,DSL,No,Month-to-month,No,Mailed check,29.2,309.1,Yes
7710-JSYOA,Female,Yes,Fiber optic,No,Two year,Yes,Bank transfer (automatic),93.3,6398.05,No
5419-KLXBN,Female,Yes,Fiber optic,Yes,Month-to-month,Yes,Bank transfer (automatic),89.15,2257.75,Yes
3424-NMNBO,Male,Yes,Fiber optic,Yes,One year,Yes,Electronic check,108.85,6287.25,Yes
9885-MFVSU,Female,No,DSL,Yes,Two year,Yes,Credit card (automatic),46.35,1662.05,No
4514-GFCFI,Female,Yes,Fiber optic,Yes,Month-to-month,Yes,Electronic check,84.75,1350.15,Yes
0607-MVMGC,Male,Yes,DSL,Yes,One year,No,Credit card (automatic),78.75,3600.65,No
3365-SAIGS,Female,Yes,Fiber optic,,Month-to-month,Yes,Electronic check,,1329.15,No
9828-AOQLM,Female,Yes,DSL,No,Month-to-month,Yes,Electronic check,45.7,45.7,Yes
8022-BECSI,Male,Yes,No,No internet service,One year,No,Mailed check,19.6,422.5,No
8000-REIQB,Female,Yes,Fiber optic,No,Month-to-month,Yes,Electronic check,69.95,69.95,Yes
9993-LHIEB,Male,Yes,DSL,No,Two year,No,Mailed check,67.85,4627.65,No
0266-CLZKZ,Female,Yes,Fiber optic,Yes,Two year,Yes,Bank transfer (automatic),105.65,6717.9,No
7615-ESMYF,Female,No,DSL,Yes,Month-to-month,No,Electronic check,44.6,97.1,Yes
3858-VOBET,Male,Yes,Fiber optic,No,Month-to-month,Yes,Electronic check,74.95,1710.45,Yes
7020-OZKXZ,Female,Yes,Fiber optic,No,Month-to-month,No,Credit card (automatic),75.5,637.4,No
3977-QCRSL,Female,Yes,No,No internet service,Month-to-month,No,Mailed check,20.15,117.95,No
0017-DINOC,Male,No,DSL,Yes,Two year,No,Credit card (automatic),45.2,2460.55,No
1447-PJGGA,Female,Yes,Fiber optic,Yes,Two year,Yes,Electronic check,95.25,5464.65,Yes
8565-CLBZW,Male,Yes,Fiber optic,Yes,Month-to-month,Yes,Mailed check,89.85,2165.05,Yes
9139-WQQDY,Female,Yes,Fiber optic,Yes,One year,No,Mailed check,100.45,4941.8,Yes
0224-HJAPT,Male,Yes,DSL,No,Month-to-month,No,Electronic check,47.15,223.15,Yes
8086-OVPWV,Male,Yes,Fiber optic,No,Month-to-month,Yes,Electronic check,80.2,181.1,Yes
9430-FRQOC,Female,Yes,Fiber optic,No,Month-to-month,Yes,Mailed check,87.1,341.45,Yes
7639-OPLNG,Male,Yes,DSL,Yes,Two year,Yes,Bank transfer (automatic),79.25,5731.85,No
3074-GQWYX,Male,Yes,Fiber optic,No,Month-to-month,Yes,Bank transfer (automatic),75.9,357.75,Yes
1492-QGCLU,Male,Yes,DSL,Yes,Month-to-month,No,Electronic check,85.7,4616.1,No
6845-RGTYS,Female,Yes,Fiber optic,Yes,Month-to-month,Yes,Electronic check,98.75,4533.7,Yes
7328-OWMOM,Female,Yes,No,No internet service,One year,No,Credit card (automatic),20.1,589.25,No
4418-LZMSV,Male,Yes,DSL,No,Month-to-month,No,Bank transfer (automatic),61.8,750.1,No
5155-AZQPB,Female,Yes,DSL,No,Month-to-month,No,Mailed check,49.9,1410.25,No
8861-HGGKB,Female,Yes,Fiber optic,No,Month-to-month,No,Electronic check,86.45,830.85,Yes
1087-GRUYI,Male,Yes,No,No internet service,Two year,No,Bank transfer (automatic),20.4,743.5,No
7065-YUNRY,Female,Yes,DSL,,Month-to-month,Yes,Mailed check,,45.3,Yes
7694-VLBWQ,Male,Yes,Fiber optic,Yes,One year,No,Electronic check,104.1,7040.85,Yes
2546-KZAAT,Male,Yes,DSL,,One year,Yes,Mailed check,,3865.45,No
0181-RITDD,Male,Yes,Fiber optic,Yes,Two year,No,Mailed check,108.15,6825.65,No
5989-PGKJB,Female,Yes,Fiber optic,,Month-to-month,Yes,Electronic check,,1340.1,No
4795-KTRTH,Female,Yes,Fiber optic,No,Month-to-month,Yes,Electronic check,81,371.65,Yes
8272-ONJLV,Male,Yes,Fiber optic,Yes,One year,No,Electronic check,95.7,1184,No
1488-PBLJN,Female,Yes,Fiber optic,Yes,Two year,Yes,Bank transfer (automatic),116.85,8477.7,No
0308-GIQJT,Male,Yes,Fiber optic,Yes,One year,No,Bank transfer (automatic),105.75,7382.85,No
3778-FOAQW,Female,Yes,No,No internet service,One year,No,Mailed check,20.15,456.85,No
4452-ROHMO,Female,Yes,No,No internet service,Two year,No,Mailed check,19.6,331.6,No
6481-OGDOO,,Yes,,,One year,Yes,Credit card (automatic),,6056.15,Yes
3090-LETTY,Male,Yes,DSL,No,Month-to-month,No,Bank transfer (automatic),60.95,134.6,No
5349-AZPEW,,No,,,Month-to-month,No,Mailed check,,125.5,No
3753-TSEMP,Female,Yes,Fiber optic,Yes,Month-to-month,No,Electronic check,88.15,1390.6,Yes
8305-VHZBZ,Male,Yes,No,No internet service,Month-to-month,Yes,Mailed check,20.2,20.2,Yes
9720-JJJOR,,Yes,,,One year,Yes,Bank transfer (automatic),,2511.3,No
8100-HZZLJ,Female,Yes,DSL,No,Month-to-month,Yes,Electronic check,63.95,2737.05,No
8775-ERLNB,Male,Yes,Fiber optic,No,Month-to-month,No,Electronic check,74.3,74.3,No
8309-IEYJD,Female,Yes,Fiber optic,No,Month-to-month,Yes,Mailed check,70.6,70.6,No
9172-JITSM,Female,Yes,Fiber optic,Yes,Month-to-month,Yes,Electronic check,90.8,2361.8,Yes
6298-QDFNH,Male,Yes,Fiber optic,No,Month-to-month,Yes,Electronic check,79.35,1730.35,Yes
7398-HPYZQ,Male,Yes,DSL,Yes,Two year,No,Bank transfer (automatic),90.55,6404,No
3546-GHEAE,Male,Yes,No,No internet service,Two year,No,Mailed check,19.45,165.35,No
7361-YPXFS,Female,Yes,DSL,No,Month-to-month,No,Bank transfer (automatic),64.45,1867.6,No
6557-BZXLQ,Male,Yes,Fiber optic,No,Month-to-month,No,Electronic check,69.65,1043.3,No
2550-QHZGP,Male,Yes,No,No internet service,One year,No,Mailed check,19.5,128.6,No
7519-JTWQH,Female,Yes,,,Two year,Yes,Bank transfer (automatic),,7455.45,No
2538-OIMXF,Female,No,DSL,No,Month-to-month,No,Mailed check,24.7,24.7,No
8543-MSDMF,Male,Yes,DSL,Yes,Month-to-month,Yes,Electronic check,77.4,206.15,No
9961-JBNMK,Male,Yes,Fiber optic,Yes,Month-to-month,Yes,Bank transfer (automatic),96.8,2030.3,Yes
1170-SASML,Female,Yes,Fiber optic,No,Month-to-month,Yes,Bank transfer (automatic),85.4,5869.4,No
4872-JCVCA,Female,No,DSL,No,Two year,Yes,Bank transfer (automatic),47.6,3377.8,No
5346-BZCHP,Female,Yes,No,No internet service,Two year,No,Mailed check,19.4,1346.2,No
2038-LLMLM,Female,Yes,Fiber optic,Yes,Month-to-month,Yes,Electronic check,103.85,4946.05,No
6173-ITPWD,Male,Yes,Fiber optic,No,Month-to-month,Yes,Bank transfer (automatic),83.35,4065,Yes
9734-UYXQI,Female,Yes,DSL,No,Month-to-month,Yes,Electronic check,49.4,106.55,Yes
1216-BGTSP,Male,Yes,Fiber optic,Yes,Month-to-month,Yes,Credit card (automatic),108.45,4964.7,No
4138-NAXED,Male,Yes,Fiber optic,No,Month-to-month,No,Bank transfer (automatic),81,4085.75,No
2189-UXTKY,Female,Yes,DSL,,Month-to-month,Yes,Electronic check,,1742.75,Yes
0744-BIKKF,Male,Yes,DSL,Yes,Two year,No,Bank transfer (automatic),86.65,6224.8,No
7483-IQWIB,Male,Yes,Fiber optic,Yes,Month-to-month,Yes,Electronic check,92.95,3415.25,No
5248-KWLAR,Male,Yes,DSL,Yes,Two year,No,Electronic check,90.35,6325.25,No
4958-GZWIY,Male,Yes,DSL,No,Month-to-month,No,Electronic check,48.7,340.25,Yes
7996-MHXLW,Female,Yes,No,No internet service,Two year,Yes,Credit card (automatic),25.15,1683.6,No
7833-PKIHD,Male,Yes,DSL,Yes,One year,Yes,Bank transfer (automatic),76.4,3966.3,No
7061-OVMIM,Female,Yes,No,No internet service,One year,No,Bank transfer (automatic),19.55,608.5,No
5153-RTHKF,Female,Yes,Fiber optic,Yes,Month-to-month,No,Electronic check,85.35,2896.6,No
1852-QSWCD,Male,Yes,No,No internet service,Two year,Yes,Mailed check,24.8,1514.85,No
4832-VRBMR,Male,Yes,Fiber optic,Yes,One year,Yes,Bank transfer (automatic),103.15,6792.45,No
9079-LWTFD,Male,Yes,Fiber optic,Yes,Month-to-month,No,Mailed check,100.75,4669.2,No
6356-ELRKD,Female,Yes,Fiber optic,,Month-to-month,Yes,Electronic check,,95.6,Yes
8624-GIOUT,Female,Yes,DSL,No,Month-to-month,Yes,Credit card (automatic),59.75,2934.3,Yes
3392-EHMNK,Female,Yes,Fiber optic,Yes,Two year,No,Credit card (automatic),94.1,6302.8,No
5986-WWXDV,Male,Yes,No,No internet service,One year,No,Bank transfer (automatic),19.35,779.2,No
3061-BCKYI,Male,Yes,No,No internet service,Month-to-month,No,Mailed check,19.9,283.75,No
6179-GJPSO,Female,Yes,Fiber optic,Yes,Month-to-month,Yes,Credit card (automatic),108.15,4600.7,Yes
7901-TBKJX,Male,Yes,Fiber optic,Yes,Month-to-month,Yes,Electronic check,101.05,5594,No
7228-PAQPD,Female,Yes,DSL,No,One year,No,Credit card (automatic),59.1,772.85,No
3177-LASXD,,Yes,,,Month-to-month,No,Electronic check,,71.35,Yes
7746-QYVCO,Male,Yes,DSL,No,One year,Yes,Mailed check,55.85,857.8,No
5804-HYIEZ,Male,Yes,Fiber optic,Yes,Month-to-month,Yes,Electronic check,106.05,7554.05,No
9919-FZDED,,Yes,,,Two year,Yes,Credit card (automatic),,5981.65,No
5934-TSSAU,Female,Yes,Fiber optic,No,Month-to-month,Yes,Credit card (automatic),75.3,1702.9,No
3486-KHMLI,Male,Yes,No,No internet service,Month-to-month,No,Mailed check,24.7,467.15,No
4897-QSUYC,Female,Yes,,,Month-to-month,Yes,Mailed check,,20.15,Yes
1084-UQCHV,Male,Yes,Fiber optic,No,Month-to-month,No,Bank transfer (automatic),69.75,69.75,Yes
8290-YWKHZ,Female,Yes,Fiber optic,Yes,Month-to-month,Yes,Electronic check,93.2,2931,Yes
2955-BJZHG,Male,Yes,Fiber optic,Yes,Month-to-month,No,Electronic check,80.85,1400.85,Yes
3806-DXQOM,,No,,,Month-to-month,Yes,Electronic check,,137.85,Yes
6784-XYJAE,Female,Yes,DSL,No,One year,No,Electronic check,55.8,1941.5,No
3933-DQPWX,Female,No,DSL,No,Two year,No,Credit card (automatic),39.7,1932.75,No
6661-EIPZC,Female,No,DSL,No,Month-to-month,Yes,Credit card (automatic),29.5,1423.05,No
8957-THMOA,Female,Yes,,,Two year,No,Credit card (automatic),,970.85,No
2251-PYLPB,Male,Yes,DSL,No,Two year,No,Credit card (automatic),79.55,5810.9,No
5555-RNPGT,Male,Yes,No,No internet service,Month-to-month,No,Credit card (automatic),24.8,223.9,No
1057-FOGLZ,Female,Yes,No,No internet service,Month-to-month,No,Mailed check,19.65,391.7,No
9300-RENDD,,Yes,,,Month-to-month,Yes,Electronic check,,79.95,Yes
0761-AETCS,Female,Yes,No,No internet service,Month-to-month,No,Electronic check,19.3,19.3,Yes
8087-LGYHQ,Male,Yes,Fiber optic,Yes,Month-to-month,Yes,Electronic check,94.05,811.65,No
4137-BTIKL,,Yes,,,Month-to-month,No,Mailed check,,174.75,No
2190-BCXEC,Female,Yes,Fiber optic,No,Month-to-month,Yes,Credit card (automatic),78.85,3126.85,No
6227-FBDXH,Male,Yes,Fiber optic,Yes,One year,No,Bank transfer (automatic),99.5,6841.45,No
2153-MREFK,Female,Yes,Fiber optic,No,One year,Yes,Electronic check,99.2,3754.6,Yes
2911-WDXMV,Male,Yes,Fiber optic,No,Month-to-month,Yes,Credit card (automatic),80.55,1406.65,No
7206-PQBBZ,Male,Yes,Fiber optic,No,Month-to-month,Yes,Electronic check,70.2,834.7,No
3106-ULWFW,Female,Yes,Fiber optic,No,Month-to-month,Yes,Credit card (automatic),85.2,627.4,Yes
0925-VYDLG,Female,Yes,Fiber optic,No,Month-to-month,No,Electronic check,75.25,242,Yes
4547-FZJWE,Male,Yes,DSL,No,One year,No,Credit card (automatic),59.45,3157,No
7422-WNBTY,Male,Yes,Fiber optic,,Month-to-month,Yes,Electronic check,,3092,No
0842-IWYCP,Female,Yes,DSL,No,Month-to-month,No,Bank transfer (automatic),44.95,2168.9,No
3521-HTQTV,Male,Yes,No,No internet service,Two year,No,Bank transfer (automatic),26.1,980.35,No
3744-ZBHON,,Yes,,,Month-to-month,No,Electronic check,,65.95,No
3373-DIUUN,Male,Yes,No,No internet service,Two year,No,Mailed check,21.25,711.9,No
8383-SGHJU,Female,Yes,DSL,,One year,No,Electronic check,,1952.8,No
7607-QKKTJ,Male,Yes,Fiber optic,No,One year,Yes,Credit card (automatic),95,4368.85,No
7707-PYBBH,,Yes,,,Month-to-month,Yes,Mailed check,,2647.1,No
8984-HPEMB,Female,Yes,Fiber optic,,Two year,Yes,Electronic check,,8477.6,No
4349-GFQHK,Male,Yes,DSL,No,Month-to-month,No,Electronic check,54.35,54.35,Yes
4139-DETXS,Female,No,,,Two year,No,Bank transfer (automatic),,4528,No
9779-DPNEJ,,Yes,,,Month-to-month,Yes,Electronic check,,1790.65,No
9805-FILKB,,Yes,,,One year,Yes,Bank transfer (automatic),,845.6,No
5793-YOLJN,Female,Yes,No,No internet service,Two year,No,Mailed check,21,1210.3,No
0673-IGUQO,Male,Yes,No,No internet service,Month-to-month,No,Mailed check,20.45,20.45,No
4123-FCVCB,Female,Yes,DSL,Yes,One year,Yes,Mailed check,75.85,854.45,No
8819-IMISP,Male,Yes,Fiber optic,No,Month-to-month,Yes,Electronic check,80.45,2429.1,No
7802-EFKNY,,No,,,Month-to-month,Yes,Electronic check,,100.4,Yes
8311-UEUAB,Female,Yes,DSL,Yes,Two year,Yes,Electronic check,75.5,5229.45,No
5858-EAFCZ,Male,Yes,DSL,No,Month-to-month,No,Mailed check,44.45,44.45,No
8035-BUYVG,Male,No,DSL,No,One year,Yes,Electronic check,42.35,1716.45,Yes
1163-ONYEY,Male,Yes,DSL,Yes,Month-to-month,Yes,Credit card (automatic),74.55,3023.55,No
9787-XVQIU,Male,Yes,Fiber optic,No,Month-to-month,Yes,Electronic check,75.3,75.3,Yes
8945-MUQUF,Male,Yes,Fiber optic,Yes,One year,Yes,Electronic check,94.8,4837.6,Yes
5656-MJEFC,Male,No,DSL,Yes,Two year,No,Credit card (automatic),48.15,2032.3,No
6082-OQFBA,Male,Yes,No,No internet service,One year,No,Mailed check,19.65,436.9,No
8051-HJRLT,Female,Yes,Fiber optic,No,Month-to-month,Yes,Electronic check,70.55,70.55,Yes
8974-OVACP,Female,Yes,No,No internet service,Month-to-month,No,Mailed check,20.15,20.15,No
4010-YLMVT,Female,Yes,Fiber optic,Yes,Month-to-month,Yes,Credit card (automatic),106.6,5893.95,No
1379-FRVEB,Male,Yes,Fiber optic,Yes,Month-to-month,Yes,Electronic check,91,1430.05,No
8612-GXIDD,Male,Yes,No,No internet service,Two year,Yes,Bank transfer (automatic),25.4,313,No
6288-CHQJB,Female,Yes,DSL,,Two year,No,Bank transfer (automatic),,3871.85,No
8160-HOWOX,Female,Yes,DSL,Yes,Month-to-month,Yes,Electronic check,66.85,458.1,No
3023-GFLBR,Female,Yes,Fiber optic,No,Month-to-month,No,Credit card (automatic),86.15,2745.7,Yes
6648-INWPS,Male,Yes,No,No internet service,Month-to-month,No,Electronic check,20.15,341.35,No
4223-BKEOR,Female,Yes,DSL,,One year,No,Mailed check,,1336.8,No
4079-VTGLK,Male,Yes,DSL,Yes,Two year,No,Electronic check,74.85,2181.75,No
1763-WQFUK,Male,Yes,DSL,No,Month-to-month,Yes,Mailed check,50.5,147.75,No
1391-UBDAR,Male,Yes,Fiber optic,No,Month-to-month,No,Electronic check,72.9,818.45,No
8894-JVDCV,Female,Yes,Fiber optic,Yes,One year,Yes,Credit card (automatic),115.05,7133.45,No
2023-VQFDL,Male,Yes,No,No internet service,Month-to-month,No,Electronic check,19,348.8,No
1345-GKDZZ,Male,Yes,No,No internet service,Month-to-month,No,Mailed check,19.55,128.6,No
2014-MKGMH,,Yes,,,One year,Yes,Electronic check,,4674.4,No
5628-FCGYG,Male,Yes,Fiber optic,No,Month-to-month,Yes,Electronic check,84.1,1737.45,No
2560-WBWXF,Male,Yes,No,No internet service,Two year,Yes,Bank transfer (automatic),24.15,1498.85,No
0248-IPDFW,Female,Yes,DSL,No,Month-to-month,Yes,Electronic check,50.1,50.1,No
7978-DKUQH,Female,Yes,Fiber optic,No,Month-to-month,Yes,Electronic check,74.6,1797.75,No
4335-UPJSI,Female,Yes,No,No internet service,Two year,No,Mailed check,19.75,498.1,No
0524-IAVZO,Female,Yes,,,Month-to-month,Yes,Electronic check,,2624.25,Yes
2737-YNGYW,Female,Yes,Fiber optic,No,Month-to-month,No,Electronic check,80.55,184.1,Yes
1784-EZDKJ,Male,Yes,Fiber optic,,One year,Yes,Bank transfer (automatic),,5498.8,No
9297-FVVDH,Female,Yes,DSL,Yes,Two year,Yes,Electronic check,84.5,4845.4,No
8007-YYPWD,Female,Yes,No,No internet service,Two year,No,Bank transfer (automatic),25.05,369.1,No
7101-HRBLJ,Female,Yes,DSL,Yes,Two year,Yes,Bank transfer (automatic),83.7,6096.9,No
5159-YFPKQ,Female,Yes,Fiber optic,No,Month-to-month,Yes,Electronic check,75.8,160.75,Yes
6635-CPNUN,Male,Yes,Fiber optic,Yes,Month-to-month,No,Credit card (automatic),96.6,2684.35,No
4021-RQSNY,Male,Yes,Fiber optic,Yes,Month-to-month,Yes,Electronic check,98.5,3004.15,Yes
5453-YBTWV,,Yes,,,Two year,Yes,Credit card (automatic),,6994.8,No
5039-LZRQT,Female,Yes,No,No internet service,One year,No,Mailed check,20.2,273.25,No
2931-VUVJN,Female,Yes,Fiber optic,No,One year,Yes,Electronic check,94.05,5483.9,No
9061-TIHDA,,Yes,,,Month-to-month,Yes,Electronic check,,1233.65,Yes
8699-ASUFO,,Yes,,,Month-to-month,Yes,Mailed check,,527.9,Yes
6418-PIQSP,Female,Yes,DSL,Yes,Two year,No,Mailed check,81,4985.9,No
8220-OCUFY,Female,Yes,DSL,No,One year,Yes,Electronic check,60.25,1258.35,No
3995-WFCSM,Female,Yes,DSL,No,Month-to-month,No,Electronic check,60.85,111.4,No
1895-QTKDO,Female,Yes,DSL,No,Month-to-month,No,Credit card (automatic),43.95,43.95,No
2038-OEQZH,Male,Yes,Fiber optic,No,Month-to-month,No,Electronic check,86.05,308.1,No
1178-PZGAB,Female,Yes,No,No internet service,One year,No,Credit card (automatic),20.25,383.65,No
7927-AUXBZ,Female,Yes,Fiber optic,Yes,Month-to-month,No,Electronic check,85.15,2555.9,Yes
2626-VEEWG,Male,Yes,No,No internet service,Two year,Yes,Credit card (automatic),19.4,1284.2,No
2878-RMWXY,,Yes,,,Two year,Yes,Credit card (automatic),,7550.3,No
1657-DYMBM,Male,Yes,No,,Two year,No,Credit card (automatic),,1110.05,No
7311-MQJCH,Female,Yes,No,No internet service,One year,No,Electronic check,19.55,99.6,No
7375-WMVMT,Male,Yes,Fiber optic,No,Two year,Yes,Credit card (automatic),95.5,6707.15,No
1136-XGEQU,Female,Yes,DSL,Yes,One year,Yes,Credit card (automatic),84.15,4164.4,No
2530-FMFXO,Male,Yes,Fiber optic,Yes,Two year,Yes,Electronic check,103.2,5873.75,No
6844-DZKRF,Male,Yes,DSL,No,Month-to-month,Yes,Credit card (automatic),50.2,109.25,No
4695-WJZUE,,Yes,,,Month-to-month,Yes,Electronic check,,179.25,Yes
7619-ODSGN,Male,Yes,DSL,No,Month-to-month,No,Electronic check,54.75,1338.15,Yes
5970-GHJAW,Male,Yes,No,No internet service,Two year,No,Credit card (automatic),19.95,862.4,No
8879-XUAHX,Male,Yes,Fiber optic,Yes,Two year,Yes,Electronic check,116.25,8564.75,No
3689-MOZGR,Female,No,DSL,No,Month-to-month,Yes,Electronic check,31.2,926.2,No
4195-PNGZS,Male,Yes,,,Two year,No,Bank transfer (automatic),,1718.2,No
5003-XZWWO,Male,Yes,DSL,Yes,Two year,No,Credit card (automatic),84.2,5956.85,No
3988-RQIXO,,Yes,,,Month-to-month,Yes,Electronic check,,91.3,Yes
7622-FWGEW,Male,Yes,DSL,Yes,Two year,Yes,Bank transfer (automatic),85.65,4824.45,No
6922-NCEDI,Male,Yes,No,No internet service,One year,Yes,Mailed check,21.2,1238.65,No
2514-GINMM,Male,Yes,Fiber optic,Yes,Month-to-month,Yes,Electronic check,79.5,79.5,Yes
9891-NQDBD,Female,Yes,No,No internet service,One year,No,Mailed check,25.55,672.2,No
6131-IUNXN,Female,Yes,No,No internet service,Month-to-month,No,Mailed check,20.2,382.2,No
8548-AWOFC,Male,Yes,,,Month-to-month,No,Electronic check,,4264.6,No
9798-DRYDS,Female,Yes,DSL,No,One year,Yes,Mailed check,61.95,1070.7,No
8532-UEFWH,Male,Yes,No,,Two year,No,Mailed check,,1345.85,No
6296-DDOOR,Female,Yes,DSL,Yes,One year,No,Electronic check,58.2,1045.25,No
7951-VRDVK,Female,Yes,DSL,Yes,One year,No,Bank transfer (automatic),85.85,3003.55,No
5931-FLJJF,Male,Yes,Fiber optic,No,Month-to-month,Yes,Mailed check,70.1,467.55,Yes
4815-YOSUK,Male,Yes,Fiber optic,No,One year,Yes,Credit card (automatic),104.9,7537.5,No
2659-VXMWZ,Male,Yes,Fiber optic,Yes,One year,Yes,Electronic check,111.3,7482.1,Yes
0380-NEAVX,Male,Yes,Fiber optic,Yes,One year,Yes,Electronic check,99.85,3343.15,No
3207-OYBWH,,Yes,,,Month-to-month,Yes,Bank transfer (automatic),,5427.05,Yes
4285-GYRQC,Female,Yes,Fiber optic,Yes,Month-to-month,Yes,Electronic check,86.25,587.1,Yes
7216-EWTRS,Female,Yes,Fiber optic,,Month-to-month,Yes,Electronic check,,100.8,Yes
4365-MSDYN,Male,Yes,No,No internet service,Month-to-month,Yes,Bank transfer (automatic),19.55,161.15,No
7036-TYDEC,,Yes,,,Two year,No,Electronic check,,7028.5,No
5802-ADBRC,Female,Yes,Fiber optic,Yes,One year,Yes,Mailed check,104.4,5232.9,No
8076-FEZKJ,Male,Yes,No,No internet service,One year,No,Mailed check,19.5,225.85,No
5197-YPYBZ,Female,Yes,No,No internet service,Two year,No,Credit card (automatic),25.25,274.7,No
8337-MSSXB,Female,Yes,Fiber optic,No,Month-to-month,Yes,Electronic check,86.3,1180.95,Yes
4312-GVYNH,Female,No,DSL,,Two year,Yes,Bank transfer (automatic),,3370.2,No
8495-LJDFO,Female,Yes,Fiber optic,Yes,Month-to-month,Yes,Bank transfer (automatic),108.95,7111.3,No
0839-JTCUD,Female,Yes,DSL,Yes,Two year,No,Credit card (automatic),89.9,5958.85,No
5494-WOZRZ,Female,Yes,DSL,Yes,Two year,Yes,Credit card (automatic),82,5999.85,No
1302-UHBDD,Male,Yes,Fiber optic,Yes,Month-to-month,No,Electronic check,89.95,1648.45,No
2234-EOFPT,Male,Yes,DSL,Yes,Two year,Yes,Bank transfer (automatic),79.35,5753.25,No
8619-IJNDK,Female,Yes,DSL,No,Two year,No,Credit card (automatic),64.05,4492.9,No
8378-LKJAF,Male,Yes,Fiber optic,Yes,Month-to-month,Yes,Credit card (automatic),101.15,3956.7,No
8182-BJDSI,Female,Yes,Fiber optic,No,Month-to-month,Yes,Electronic check,89.95,2625.55,Yes
2528-HFYZX,Male,Yes,Fiber optic,No,Month-to-month,Yes,Electronic check,76.45,1233.4,Yes
1153-GNOLC,Male,No,DSL,Yes,One year,Yes,Electronic check,39.1,1309,No
3298-QEICA,Female,No,DSL,,Two year,No,Mailed check,,813.45,No
0788-DXBFY,Male,Yes,No,,One year,Yes,Electronic check,,1108.8,No
3597-YASZG,Female,Yes,Fiber optic,,Two year,Yes,Bank transfer (automatic),,7349.35,No
3496-LFSZU,,Yes,,,Month-to-month,No,Electronic check,,294.2,No
5242-UOWHD,Male,Yes,No,No internet service,Two year,No,Mailed check,20.35,929.2,No
2482-CZGBB,Male,Yes,Fiber optic,No,Month-to-month,Yes,Electronic check,70,740,Yes
6479-SZPLM,Male,Yes,No,No internet service,Two year,No,Credit card (automatic),19.45,754.5,No
8097-VBQTZ,Male,Yes,,,Month-to-month,Yes,Mailed check,,3883.3,No
4500-HKANN,Male,Yes,DSL,No,Two year,No,Mailed check,59.7,1414.2,No
9917-KWRBE,Female,Yes,DSL,Yes,One year,Yes,Credit card (automatic),78.35,3211.2,No
3420-ZDBMA,Male,Yes,Fiber optic,No,Month-to-month,Yes,Mailed check,71.45,371.6,No
2212-LYASK,Male,No,DSL,No,One year,Yes,Credit card (automatic),45.85,1246.4,No
1393-IMKZG,Female,Yes,Fiber optic,Yes,Month-to-month,Yes,Electronic check,95.85,95.85,No
8069-RHUXK,,No,,,Two year,No,Credit card (automatic),,2545.7,No
3398-GCPMU,Female,Yes,DSL,Yes,Two year,Yes,Credit card (automatic),89.55,6448.85,No
2908-WGAXL,Female,Yes,No,No internet service,Two year,Yes,Credit card (automatic),24.95,1468.9,No
3378-AJRAO,Male,Yes,No,No internet service,One year,No,Electronic check,24.85,1013.6,No
1013-QCWAM,Female,Yes,Fiber optic,Yes,Month-to-month,Yes,Electronic check,100.8,6690.75,No
0866-QLSIR,Female,Yes,DSL,No,One year,Yes,Mailed check,64.4,2088.75,Yes
6050-FFXES,,Yes,,,Two year,No,Bank transfer (automatic),,7240.65,No
7181-BQYBV,Female,Yes,Fiber optic,Yes,Month-to-month,Yes,Electronic check,102.45,102.45,Yes
0362-RAOQO,Female,Yes,No,No internet service,Two year,No,Credit card (automatic),19.65,830.25,No
9554-DFKIC,Male,Yes,DSL,No,Month-to-month,Yes,Bank transfer (automatic),54.45,1588.7,No
5527-ACHSO,,Yes,,,Month-to-month,No,Mailed check,,829.3,No
0829-DDVLK,Female,Yes,No,No internet service,One year,No,Credit card (automatic),20.1,302.45,No
1399-UBQIU,Male,Yes,DSL,Yes,Month-to-month,Yes,Electronic check,69.35,712.25,No
1813-JLKWR,Female,Yes,No,No internet service,One year,No,Bank transfer (automatic),19.8,1336.65,No
0336-PIKEI,Male,Yes,DSL,Yes,Two year,No,Bank transfer (automatic),74.4,5360.75,No
7322-OCWHC,Male,Yes,Fiber optic,No,Two year,Yes,Bank transfer (automatic),93.05,6735.05,No
9537-VHDTA,Female,Yes,DSL,No,Month-to-month,No,Mailed check,51.2,51.2,No
4957-TIALW,Female,Yes,DSL,No,One year,No,Credit card (automatic),65.6,1010,No
2054-PJOCK,Female,Yes,DSL,Yes,One year,No,Credit card (automatic),80.55,4847.05,No
9150-HEPMB,Male,Yes,DSL,No,One year,No,Mailed check,52.7,3019.7,No
9030-QGZNL,Female,Yes,No,No internet service,Two year,No,Mailed check,20.85,161.65,No
6204-IEUXJ,Female,Yes,Fiber optic,No,Month-to-month,No,Credit card (automatic),80.1,217.55,Yes
3126-WQMGH,Female,Yes,DSL,No,Month-to-month,Yes,Credit card (automatic),52.15,2583.75,No
4529-CKBCL,Female,Yes,Fiber optic,Yes,Month-to-month,Yes,Electronic check,80.2,146.05,Yes
2506-CLAKW,Female,Yes,Fiber optic,,Month-to-month,Yes,Bank transfer (automatic),,567.45,Yes
7176-WRTNX,Male,Yes,,,Two year,Yes,Bank transfer (automatic),,7711.25,No
1583-IHQZE,Male,Yes,Fiber optic,Yes,Month-to-month,Yes,Mailed check,112.95,1384.75,Yes
5732-IKGQH,Male,Yes,Fiber optic,Yes,One year,Yes,Bank transfer (automatic),104.45,5481.25,No
9239-GZHZE,Female,Yes,Fiber optic,Yes,Two year,Yes,Credit card (automatic),113.65,8124.2,No
7205-BAIAD,Female,Yes,No,,Two year,Yes,Bank transfer (automatic),,827.3,No
0151-ONTOV,Female,Yes,Fiber optic,No,Month-to-month,No,Mailed check,70.9,70.9,Yes
4140-MUHUG,Female,Yes,Fiber optic,Yes,Month-to-month,Yes,Electronic check,86.85,220.95,Yes
0093-EXYQL,Female,Yes,Fiber optic,Yes,Month-to-month,Yes,Electronic check,91.55,3673.6,No
8064-RAVOH,,Yes,,,Month-to-month,Yes,Electronic check,,49.85,No
0219-QAERP,Male,Yes,No,No internet service,One year,No,Credit card (automatic),19.8,576.65,No
0320-JDNQG,Male,Yes,Fiber optic,Yes,Month-to-month,Yes,Electronic check,99.85,2331.3,Yes
7180-PISOG,,Yes,,,Month-to-month,Yes,Electronic check,,74.5,Yes
9168-INPSZ,Female,Yes,,,Month-to-month,No,Electronic check,,4495.65,No
3571-RFHAR,Male,Yes,Fiber optic,Yes,Month-to-month,Yes,Electronic check,109.15,6941.2,Yes
0015-UOCOJ,Female,Yes,DSL,No,Month-to-month,Yes,Electronic check,48.2,340.35,No
5334-AFQJB,Male,Yes,No,No internet service,Two year,Yes,Credit card (automatic),25.1,1789.9,No
2754-SDJRD,Female,Yes,Fiber optic,Yes,Month-to-month,Yes,Credit card (automatic),100.15,908.55,No
9578-VRMNM,Female,Yes,DSL,No,Month-to-month,Yes,Credit card (automatic),65.2,1043.35,Yes
1587-FKLZB,Male,Yes,Fiber optic,Yes,Month-to-month,Yes,Credit card (automatic),99.5,6822.15,Yes
6140-QNRQQ,,Yes,,,Month-to-month,Yes,Mailed check,,71.55,Yes
8963-JLGJT,Male,Yes,DSL,,Month-to-month,No,Mailed check,,157.55,No
4307-KTUMW,Male,Yes,Fiber optic,No,Month-to-month,No,Electronic check,93.9,5029.2,Yes
1465-LNTLJ,Male,Yes,DSL,No,Month-to-month,Yes,Credit card (automatic),64.4,581.7,No
5440-FLBQG,,Yes,,,Two year,Yes,Bank transfer (automatic),,7318.2,Yes
2135-DQWAQ,Female,Yes,Fiber optic,Yes,Month-to-month,Yes,Mailed check,85.3,420.45,No
4056-QHXHZ,Female,Yes,Fiber optic,Yes,Two year,No,Mailed check,107.45,7576.7,No
7470-MCQTK,Female,No,DSL,Yes,Month-to-month,Yes,Bank transfer (automatic),48.75,633.4,Yes
7488-MXJIV,Female,Yes,Fiber optic,Yes,Month-to-month,Yes,Electronic check,85.65,321.65,Yes
7401-JIXNM,Female,Yes,DSL,Yes,Two year,No,Credit card (automatic),91.3,4965,No
9339-FIIJL,Male,Yes,DSL,Yes,Two year,No,Bank transfer (automatic),85.95,6151.9,No
2027-FECZV,Male,Yes,Fiber optic,Yes,Month-to-month,Yes,Electronic check,106.7,1253.9,Yes
2672-DZUOY,Male,No,DSL,No,Month-to-month,Yes,Electronic check,25.15,25.15,Yes
4706-DGAHW,Male,Yes,DSL,No,Month-to-month,No,Electronic check,45.2,45.2,No
3870-MQAMG,Female,Yes,Fiber optic,Yes,One year,No,Electronic check,110.35,5893.15,Yes
6670-MFRPK,,Yes,,,Two year,Yes,Credit card (automatic),,5420.65,No
6177-PEVRA,,Yes,,,Two year,No,Credit card (automatic),,2627.35,No
4800-CZMPC,Female,Yes,Fiber optic,Yes,One year,Yes,Credit card (automatic),103.25,5037.55,Yes
4813-HQMGZ,Female,Yes,Fiber optic,No,Month-to-month,Yes,Electronic check,90.25,743.75,No
7579-KKLOE,,Yes,,,Two year,Yes,Mailed check,,6589.6,No
7377-DMMRI,,Yes,,,Month-to-month,Yes,Electronic check,,92.45,Yes
8402-EIVQS,Male,Yes,Fiber optic,Yes,One year,Yes,Credit card (automatic),100.9,6733.15,No
4947-DSMXK,Male,Yes,Fiber optic,Yes,Month-to-month,Yes,Bank transfer (automatic),97.7,3410,No
7245-NIIWQ,Female,Yes,Fiber optic,,Month-to-month,Yes,Electronic check,,199.85,No
0002-ORFBO,Female,Yes,DSL,Yes,One year,Yes,Mailed check,65.6,593.3,No
3324-OIRTO,Male,Yes,Fiber optic,Yes,One year,Yes,Bank transfer (automatic),104.65,7288.4,No
5414-OFQCB,Male,Yes,Fiber optic,Yes,Two year,Yes,Credit card (automatic),90.45,5229.8,No
4967-WPNCF,,No,,,Two year,Yes,Bank transfer (automatic),,4464.8,No
8552-OBVRU,Female,Yes,Fiber optic,Yes,Month-to-month,Yes,Electronic check,104.5,5068.05,No
8499-BRXTD,Male,Yes,No,No internet service,One year,No,Mailed check,20.1,401.85,No
9154-QDGTH,Male,Yes,Fiber optic,Yes,One year,Yes,Credit card (automatic),104.3,4451.85,No
8197-BFWVU,Female,Yes,DSL,Yes,Two year,Yes,Bank transfer (automatic),93.25,6688.95,No
2577-GVSIL,Male,Yes,DSL,Yes,One year,Yes,Bank transfer (automatic),73.45,2661.1,No
9367-OIUXP,Male,Yes,No,,Month-to-month,No,Mailed check,,73.05,No
6770-UAYGJ,Female,Yes,No,,Two year,No,Mailed check,,1211.65,No
6463-HHXJR,Female,Yes,Fiber optic,,Two year,No,Bank transfer (automatic),,7030.65,No
7928-VJYAB,Male,Yes,Fiber optic,Yes,Month-to-month,No,Electronic check,90.6,1020.2,No
1187-WILMM,Male,Yes,DSL,Yes,Two year,Yes,Credit card (automatic),89.4,5597.65,No
9776-OJUZI,Female,Yes,Fiber optic,Yes,Month-to-month,Yes,Bank transfer (automatic),95.45,6223.3,No
1306-RPWXZ,Female,Yes,No,No internet service,Two year,No,Credit card (automatic),20.45,1024.65,No
8949-JTMAY,,Yes,,,Month-to-month,Yes,Credit card (automatic),,2933.2,Yes
2774-LVQUS,Female,Yes,Fiber optic,No,Month-to-month,Yes,Electronic check,83.05,1258.3,Yes
3097-PYWXL,Female,Yes,No,No internet service,Month-to-month,Yes,Electronic check,19.95,82.9,No
2266-SJNAT,Female,Yes,Fiber optic,Yes,One year,No,Credit card (automatic),109.15,7789.6,No
0869-PAPRP,Female,Yes,Fiber optic,Yes,Month-to-month,Yes,Credit card (automatic),85.7,2067,No
4238-JSSWH,Female,Yes,Fiber optic,Yes,Month-to-month,No,Bank transfer (automatic),102.05,3452.55,No
2972-YDYUW,Female,Yes,Fiber optic,No,One year,No,Electronic check,94.7,5468.95,No
1104-FEJAM,Male,Yes,DSL,No,Month-to-month,No,Electronic check,64.4,1802.15,No
2809-ILCYT,Female,Yes,No,No internet service,One year,Yes,Mailed check,26.8,733.55,No
5499-ECUTN,Female,Yes,DSL,Yes,One year,Yes,Credit card (automatic),66.05,3021.45,No
4981-FLTMF,,Yes,,,Month-to-month,No,Bank transfer (automatic),,3687.85,No
9121-PHQSR,Male,Yes,Fiber optic,Yes,Month-to-month,Yes,Credit card (automatic),85.05,1391.15,No
3113-IWHLC,Male,Yes,DSL,No,Month-to-month,Yes,Mailed check,55.8,274.35,No
3211-ILJTT,Male,Yes,Fiber optic,No,Month-to-month,Yes,Bank transfer (automatic),70.4,1214.05,Yes
4612-THJBS,Female,Yes,Fiber optic,Yes,One year,Yes,Bank transfer (automatic),104.75,5510.65,Yes
4277-BWBML,Male,Yes,No,No internet service,Two year,No,Bank transfer (automatic),19.95,1322.85,No
4094-NSEDU,Female,Yes,Fiber optic,Yes,Month-to-month,Yes,Electronic check,94.25,1973.75,Yes
0234-TEVTT,Female,No,DSL,No,One year,No,Credit card (automatic),45,2196.3,No
4304-TSPVK,Female,Yes,Fiber optic,Yes,Two year,No,Bank transfer (automatic),114.9,7843.55,No
1552-AAGRX,Female,Yes,Fiber optic,Yes,Month-to-month,No,Bank transfer (automatic),106.4,3211.9,No
2637-FKFSY,Female,Yes,DSL,No,Month-to-month,Yes,Mailed check,46.1,130.15,No
9796-MVYXX,Female,No,DSL,No,Two year,No,Mailed check,39.7,692.35,No
7874-ECPQJ,Female,Yes,No,No internet service,Month-to-month,Yes,Bank transfer (automatic),20.05,85.5,No
0020-INWCK,Female,Yes,Fiber optic,No,Two year,Yes,Credit card (automatic),95.75,6849.4,No
7089-RKVSZ,Male,Yes,No,No internet service,One year,No,Mailed check,24.4,203.95,No
2683-JXWQQ,,No,,,Month-to-month,No,Bank transfer (automatic),,2117.2,No
9548-ZMVTX,Male,Yes,Fiber optic,No,Two year,No,Bank transfer (automatic),90.45,6565.85,No
8739-XNIKG,Female,Yes,Fiber optic,Yes,Month-to-month,Yes,Electronic check,84,424.75,No
9755-JHNMN,,Yes,,,Two year,No,Bank transfer (automatic),,3306.85,No
3981-QSVQI,Male,Yes,No,No internet service,Month-to-month,Yes,Bank transfer (automatic),19.7,168.9,No
2789-HQBOU,Male,Yes,Fiber optic,No,Month-to-month,Yes,Electronic check,80.35,253.8,No
9424-CMPOG,,Yes,,,Two year,No,Mailed check,,197.4,No
5067-WJEUN,Male,Yes,DSL,No,Two year,Yes,Bank transfer (automatic),54.2,3838.2,No
3450-WXOAT,Male,Yes,DSL,No,Month-to-month,Yes,Credit card (automatic),45.2,2065.15,No
9251-WNSOD,Female,Yes,DSL,,One year,No,Mailed check,,5064.45,No
6974-DAFLI,Female,Yes,No,No internet service,One year,No,Electronic check,19.7,1140.05,No
2616-UUTFK,Male,Yes,DSL,Yes,Month-to-month,Yes,Bank transfer (automatic),72.75,2447.45,No
7064-JHXCE,Male,Yes,No,No internet service,Two year,No,Credit card (automatic),20.05,1263.9,No
5103-MHMHY,Female,Yes,DSL,No,Month-to-month,No,Mailed check,45.95,45.95,Yes
7989-AWGEH,Male,No,DSL,No,Month-to-month,Yes,Electronic check,39.2,1838.15,No
4373-VVHQL,Male,Yes,DSL,No,Month-to-month,Yes,Electronic check,44.75,44.75,No
4559-UWIHT,Male,Yes,Fiber optic,No,Month-to-month,Yes,Electronic check,82.65,1185,No
7268-IGMFD,Male,Yes,Fiber optic,Yes,Month-to-month,No,Bank transfer (automatic),93.9,1743.9,No
1846-XWOQN,Female,Yes,Fiber optic,No,Month-to-month,Yes,Electronic check,70.15,70.15,Yes
0235-KGSLC,Female,Yes,Fiber optic,Yes,Month-to-month,Yes,Credit card (automatic),85.55,85.55,Yes
6650-BWFRT,Female,Yes,Fiber optic,Yes,Two year,Yes,Credit card (automatic),117.15,8529.5,No
9570-KYEUA,Male,Yes,Fiber optic,No,Two year,No,Credit card (automatic),99.25,6549.45,No
6993-YGFJV,Male,Yes,Fiber optic,Yes,Two year,Yes,Bank transfer (automatic),112.55,7806.5,No
2712-SYWAY,Female,Yes,No,No internet service,Month-to-month,Yes,Electronic check,25.7,25.7,No
0730-BGQGF,Male,Yes,DSL,Yes,Two year,No,Credit card (automatic),90.3,6287.3,No
5498-IBWPI,Female,Yes,DSL,No,One year,Yes,Credit card (automatic),49.4,3251.85,No
9101-NTIXF,Male,Yes,No,No internet service,Month-to-month,No,Mailed check,19.4,50.6,No
0013-SMEOE,Female,Yes,Fiber optic,Yes,Two year,Yes,Bank transfer (automatic),109.7,7904.25,No
9314-QDMDW,Male,Yes,DSL,Yes,One year,Yes,Electronic check,61.25,729.95,No
9308-ANMVE,Male,Yes,DSL,No,Month-to-month,Yes,Electronic check,55.3,2654.05,No
2884-GBPFB,Female,Yes,Fiber optic,No,Month-to-month,Yes,Electronic check,70.3,2416.55,Yes
3757-NJYBX,Male,Yes,Fiber optic,Yes,Month-to-month,No,Bank transfer (automatic),106.35,3520.75,Yes
3413-DHLPB,Male,Yes,Fiber optic,Yes,Month-to-month,Yes,Bank transfer (automatic),103.75,5969.95,No
7649-PHJVR,Male,Yes,No,No internet service,One year,No,Mailed check,19.5,226.8,No
6114-TCFID,Female,No,DSL,No,One year,No,Credit card (automatic),39.5,1082.75,No
3787-TRIAL,Male,No,DSL,No,Month-to-month,Yes,Electronic check,26.05,565.75,No
2573-GYRUU,Male,Yes,Fiber optic,No,Month-to-month,Yes,Credit card (automatic),91.05,4370.75,No
5156-UMKOW,Female,No,DSL,No,Month-to-month,No,Mailed check,29.65,90.05,No
1247-QBVSH,Female,Yes,DSL,No,Month-to-month,No,Mailed check,50.2,2169.4,No
6734-GMPVK,Male,Yes,Fiber optic,,Month-to-month,No,Electronic check,,550.6,No
9822-OAOVB,Female,Yes,DSL,No,Month-to-month,Yes,Electronic check,55.45,55.45,No
6161-ERDGD,Male,Yes,,,One year,No,Electronic check,,6300.85,No
1226-JZNKR,Female,Yes,No,No internet service,One year,No,Electronic check,19.8,160.05,No
7318-EIVKO,Male,Yes,DSL,Yes,Month-to-month,Yes,Electronic check,59.25,436.6,No
3771-PZOBW,Male,Yes,Fiber optic,Yes,Month-to-month,Yes,Credit card (automatic),90.7,1781.35,No
5136-KCKGI,Female,Yes,Fiber optic,Yes,One year,Yes,Mailed check,103.7,3467,Yes
8231-BSWXX,Male,Yes,Fiber optic,No,One year,Yes,Credit card (automatic),79.05,5552.5,No
6486-LHTMA,Female,Yes,Fiber optic,Yes,One year,Yes,Electronic check,90.7,2835.5,No
4083-BFNYK,Female,Yes,Fiber optic,No,One year,No,Credit card (automatic),95,3591.25,No
3722-WPXTK,Male,Yes,Fiber optic,Yes,Month-to-month,Yes,Electronic check,88.35,88.35,Yes
7389-KBFIT,Female,No,DSL,No,Month-to-month,Yes,Mailed check,30.25,63.75,No
7176-WIONM,,No,,,Month-to-month,Yes,Bank transfer (automatic),,617.15,No
5141-ZUVBH,Female,Yes,Fiber optic,No,Month-to-month,No,Bank transfer (automatic),93,870.25,No
1089-HDMKP,Male,Yes,DSL,No,Month-to-month,Yes,Electronic check,54.55,601.25,No
7623-HKYRK,,Yes,,,Month-to-month,No,Mailed check,,111.65,No
0310-SUCIN,Female,Yes,DSL,Yes,One year,Yes,Bank transfer (automatic),84.8,6046.1,No
5197-PYEPU,Female,Yes,,,One year,Yes,Credit card (automatic),,3923.8,No
2929-ERCFZ,,Yes,,,Month-to-month,Yes,Electronic check,,777.3,Yes
7548-SEPYI,Female,Yes,Fiber optic,Yes,Month-to-month,Yes,Electronic check,96.25,512.45,Yes
8835-VSDSE,,Yes,,,Month-to-month,Yes,Electronic check,,141.45,Yes
6619-RPLQZ,Female,Yes,No,No internet service,Two year,No,Mailed check,20.85,892.15,No
3275-RHRNE,Male,No,DSL,Yes,One year,Yes,Credit card (automatic),60,1682.05,No
3503-TYDAY,Female,Yes,Fiber optic,No,Month-to-month,No,Electronic check,80.45,3398.9,No
6901-GOGZG,Male,Yes,DSL,Yes,Two year,Yes,Electronic check,84.95,4984.85,No
1623-NLDOT,,No,,,One year,No,Mailed check,,1445.3,Yes
7021-XSNYE,Male,No,DSL,No,Two year,No,Credit card (automatic),49.65,305.55,No
9621-OUPYD,Female,Yes,No,No internet service,One year,Yes,Bank transfer (automatic),20.2,507.9,No
9898-KZQDZ,Female,Yes,Fiber optic,,Month-to-month,Yes,Credit card (automatic),,3640.45,Yes
8982-NHAVY,Male,Yes,Fiber optic,Yes,One year,Yes,Bank transfer (automatic),100.5,2673.45,No
4307-KWMXE,Male,No,DSL,No,Month-to-month,No,Electronic check,35.75,389.8,No
0141-YEAYS,Female,Yes,Fiber optic,No,Month-to-month,Yes,Bank transfer (automatic),86.45,2401.05,No
2450-ZKEED,Female,Yes,DSL,No,One year,No,Bank transfer (automatic),53.8,651.55,No
3694-DELSO,Male,No,DSL,Yes,Month-to-month,No,Credit card (automatic),38.55,156.1,No
3893-JRNFS,Male,No,DSL,No,Month-to-month,Yes,Bank transfer (automatic),39.9,2796.35,No
9603-OAIHC,Male,Yes,Fiber optic,No,Month-to-month,Yes,Electronic check,70.05,70.05,No
1133-KXCGE,Female,Yes,No,No internet service,One year,No,Mailed check,20.1,407.05,No
5236-PERKL,Female,Yes,Fiber optic,Yes,Two year,Yes,Bank transfer (automatic),112.95,6465,Yes
0142-GVYSN,Male,Yes,No,No internet service,Month-to-month,Yes,Electronic check,20.3,511.25,No
1049-FYSYG,Female,No,DSL,No,Month-to-month,Yes,Credit card (automatic),35.65,646.05,No
7854-FOKSF,Male,No,DSL,No,Month-to-month,No,Electronic check,35.9,35.9,Yes
2519-FAKOD,Male,Yes,Fiber optic,Yes,Month-to-month,Yes,Bank transfer (automatic),99.25,3777.15,Yes
8406-LNMHF,Male,Yes,Fiber optic,No,One year,Yes,Credit card (automatic),82.95,4903.15,No
1821-BUCWY,Male,Yes,DSL,No,Two year,Yes,Mailed check,55.65,1653.85,No
8263-JQAIK,Male,No,DSL,No,Month-to-month,Yes,Mailed check,24.45,47.5,Yes
0023-UYUPN,,Yes,,,One year,No,Electronic check,,1306.3,No
8314-DPQHL,Male,No,DSL,No,One year,No,Mailed check,50.8,463.6,No
1465-WCZVT,Female,Yes,No,No internet service,Month-to-month,No,Mailed check,19.65,60.65,No
9481-SFCQY,Female,Yes,DSL,Yes,Month-to-month,Yes,Credit card (automatic),59.8,824.85,No
6360-SVNWV,Female,Yes,Fiber optic,No,Month-to-month,Yes,Credit card (automatic),73.55,2094.65,No
0567-GGCAC,Female,Yes,DSL,No,Month-to-month,No,Electronic check,61.4,438.9,No
7089-IVVAZ,Female,Yes,Fiber optic,Yes,Month-to-month,Yes,Bank transfer (automatic),103.35,847.3,Yes
8884-MRNSU,Male,Yes,No,,One year,No,Bank transfer (automatic),,329.75,No
2171-UDMFD,Male,Yes,No,No internet service,Month-to-month,Yes,Credit card (automatic),19.45,674.55,No
9050-IKDZA,Female,Yes,Fiber optic,Yes,Month-to-month,No,Mailed check,81.5,162.55,No
2205-YMZZJ,Male,Yes,Fiber optic,Yes,Month-to-month,Yes,Electronic check,84.8,546.95,Yes
9802-CAQUT,Female,Yes,Fiber optic,Yes,Two year,No,Credit card (automatic),109.55,7887.25,No
1254-IZEYF,Female,Yes,Fiber optic,Yes,Month-to-month,Yes,Electronic check,99.95,3186.65,Yes
0187-WZNAB,,Yes,,,Month-to-month,No,Mailed check,,1972.35,No
9492-TOKRI,Female,Yes,Fiber optic,Yes,Month-to-month,Yes,Credit card (automatic),90,1527.35,Yes
1475-VWVDO,Male,Yes,Fiber optic,No,Month-to-month,Yes,Electronic check,74.9,490.55,No
9221-OTIVJ,Female,Yes,Fiber optic,Yes,Month-to-month,Yes,Electronic check,104.85,1531.4,Yes
1357-MVDOZ,Male,Yes,DSL,Yes,Month-to-month,Yes,Bank transfer (automatic),59.65,683.25,No
7602-MVRMB,Female,Yes,Fiber optic,Yes,Two year,Yes,Bank transfer (automatic),110.45,8058.85,No
3325-FUYCG,Male,Yes,Fiber optic,Yes,One year,No,Electronic check,106.1,2847.4,Yes
5908-QMGOE,Male,Yes,Fiber optic,No,Month-to-month,Yes,Credit card (automatic),74.2,1133.9,Yes
1197-BVMVG,Female,Yes,Fiber optic,,Month-to-month,Yes,Electronic check,,294.45,No
5406-KGRMX,Female,Yes,No,No internet service,Two year,No,Electronic check,24.55,1719.15,No
8481-YYXWG,Female,Yes,Fiber optic,No,Month-to-month,Yes,Electronic check,89.35,461.7,Yes
5968-HYJRZ,Male,Yes,No,No internet service,Two year,No,Mailed check,24.55,1160.45,No
5198-EFNBM,Male,Yes,Fiber optic,Yes,One year,Yes,Electronic check,90.65,5199.8,No
7516-GMHUV,Male,Yes,Fiber optic,,Two year,Yes,Credit card (automatic),,5163.3,No
7140-ADSMJ,Male,Yes,No,No internet service,Month-to-month,Yes,Credit card (automatic),20.45,162.3,No
2230-XTUWL,Female,Yes,No,No internet service,Two year,No,Mailed check,19.55,883.35,No
7706-YLMQA,Female,Yes,No,No internet service,One year,No,Bank transfer (automatic),19.7,1341.5,No
2585-KTFRE,Male,Yes,DSL,No,Month-to-month,Yes,Bank transfer (automatic),70.45,70.45,No
7994-UYIVZ,Male,Yes,Fiber optic,No,Month-to-month,Yes,Bank transfer (automatic),85.65,659.45,No
2609-IAICY,Female,Yes,Fiber optic,No,Month-to-month,Yes,Electronic check,77.15,77.15,Yes
1740-CSDJP,Male,No,DSL,No,Month-to-month,Yes,Bank transfer (automatic),35.25,35.25,Yes
7717-BICXI,Male,Yes,No,No internet service,Two year,No,Mailed check,20.55,1205.05,No
6559-RAKOZ,Male,Yes,Fiber optic,Yes,One year,Yes,Electronic check,97.95,4917.9,No
2636-OHFMN,Male,No,DSL,Yes,Month-to-month,Yes,Electronic check,48.55,201,Yes
4716-MRVEN,Female,Yes,No,No internet service,One year,No,Mailed check,20,599.3,No
2143-LJULT,Female,Yes,No,No internet service,Two year,Yes,Credit card (automatic),25.25,1733.15,No
1323-OOEPC,Female,Yes,Fiber optic,Yes,Month-to-month,Yes,Credit card (automatic),98.4,5149.5,Yes
3200-MNQTF,Male,Yes,DSL,No,Two year,No,Credit card (automatic),70.9,4677.1,No
6164-HXUGH,Female,Yes,No,,Month-to-month,No,Mailed check,,119.3,No
5630-IXDXV,Female,Yes,Fiber optic,Yes,Month-to-month,Yes,Electronic check,106.35,4849.1,No
0320-DWVTU,Female,Yes,Fiber optic,No,Two year,No,Mailed check,99.5,5424.25,No
9135-MGVPY,Male,Yes,DSL,,Two year,Yes,Mailed check,,5878.9,No
1212-GLHMD,,Yes,,,Month-to-month,Yes,Mailed check,,244.85,No
7878-JGDKK,Male,Yes,DSL,No,Month-to-month,No,Mailed check,44.55,220.75,No
1088-AUUZZ,Male,Yes,DSL,No,Two year,Yes,Credit card (automatic),75.85,4261.2,No
0397-GZBBC,Male,Yes,Fiber optic,Yes,Month-to-month,Yes,Bank transfer (automatic),93.85,5574.75,Yes
6614-YWYSC,Male,Yes,No,,Two year,No,Bank transfer (automatic),,1501.75,No
9588-OZDMQ,Female,Yes,DSL,No,Month-to-month,Yes,Electronic check,45,89.75,No
7641-EUYET,Male,Yes,Fiber optic,Yes,Month-to-month,Yes,Electronic check,100.7,4541.2,Yes
6476-EPYZR,Male,Yes,No,No internet service,Month-to-month,No,Mailed check,20.5,255.5,No
9921-ZVRHG,Female,Yes,Fiber optic,No,Month-to-month,Yes,Electronic check,80.45,1072,Yes
1174-FGIFN,,Yes,,,One year,Yes,Electronic check,,2509.25,No
6620-HVDUJ,Male,Yes,DSL,No,Month-to-month,No,Bank transfer (automatic),60.45,1440.75,No
4701-MLJPN,Male,Yes,DSL,,Month-to-month,Yes,Electronic check,,1715.65,Yes
1032-MAELW,Female,Yes,DSL,No,One year,Yes,Electronic check,78.45,5333.35,No
7641-TQFHN,Male,Yes,Fiber optic,Yes,Two year,No,Mailed check,100.55,3895.35,No
1552-TKMXS,Female,Yes,No,No internet service,Month-to-month,No,Credit card (automatic),20.35,869.9,No
9206-GVPEQ,Male,No,DSL,Yes,Month-to-month,Yes,Electronic check,54.45,706.85,Yes
8622-ZLFKO,Female,Yes,Fiber optic,No,Month-to-month,Yes,Electronic check,90.75,512.25,No
1596-BBVTG,Male,Yes,Fiber optic,No,Month-to-month,No,Credit card (automatic),75.35,2636.05,Yes
6188-UXBBR,Female,Yes,No,No internet service,One year,Yes,Credit card (automatic),20.25,814.75,No
2333-KWEWW,Male,Yes,No,No internet service,Two year,No,Credit card (automatic),20.05,388.6,No
5702-SKUOB,Female,Yes,No,No internet service,Month-to-month,No,Mailed check,19.6,93.45,No
1134-YWTYF,Male,Yes,DSL,No,Month-to-month,Yes,Electronic check,53.8,1389.85,No
6061-GWWAV,Male,Yes,DSL,Yes,One year,No,Mailed check,70.2,2894.55,No
0679-TDGAK,Male,Yes,DSL,Yes,One year,No,Electronic check,75.5,4025.6,No
6585-WCEWR,Male,Yes,No,No internet service,Two year,No,Electronic check,20.35,1354.4,No
9067-YGSCA,Female,Yes,No,No internet service,One year,No,Credit card (automatic),26.05,1856.4,No
9067-SQTNS,Male,Yes,No,No internet service,One year,No,Bank transfer (automatic),20.6,926,No
8433-WXGNA,Male,Yes,Fiber optic,No,Month-to-month,Yes,Electronic check,75.7,189.2,Yes
1776-SPBWV,Female,Yes,,,One year,Yes,Bank transfer (automatic),,682.1,No
8735-SDUFN,Female,Yes,No,No internet service,Two year,No,Bank transfer (automatic),24.3,1778.7,No
9668-PUGNU,Male,Yes,No,No internet service,Two year,Yes,Electronic check,24.5,1816.2,No
9405-GPBBG,Female,Yes,Fiber optic,Yes,Two year,Yes,Credit card (automatic),110.5,7069.25,No
1926-QUZNN,,Yes,,,Two year,Yes,Bank transfer (automatic),,1841.2,No
3707-GNWHM,Male,Yes,Fiber optic,No,Month-to-month,Yes,Mailed check,74.25,74.25,Yes
7016-NVRIC,Male,Yes,Fiber optic,No,One year,No,Bank transfer (automatic),90.1,2656.7,No
5829-NVSQN,Female,Yes,DSL,No,One year,Yes,Bank transfer (automatic),68.75,1689.45,No
9565-AXSMR,Male,Yes,,,Two year,No,Mailed check,,1054.75,No
8922-LIEGH,Female,Yes,Fiber optic,No,Month-to-month,Yes,Electronic check,89.7,2187.55,Yes
8869-LIHMK,Female,Yes,Fiber optic,Yes,Two year,Yes,Bank transfer (automatic),115.1,7334.05,No
8245-UMPYT,Female,Yes,Fiber optic,Yes,Month-to-month,Yes,Electronic check,96.4,1581.2,Yes
5186-SAMNZ,Male,Yes,,,Month-to-month,Yes,Bank transfer (automatic),,69.5,Yes
0447-RXSGD,Male,Yes,Fiber optic,Yes,Month-to-month,Yes,Bank transfer (automatic),99.65,2404.85,No
4927-WWOOZ,,Yes,,,Month-to-month,Yes,Electronic check,,171.45,No
5788-YPOEG,Female,Yes,DSL,Yes,Two year,No,Mailed check,84.75,2839.45,No
5373-SFODM,Male,Yes,Fiber optic,No,Month-to-month,Yes,Credit card (automatic),85.25,3132.75,Yes
0661-KBKPA,Male,Yes,,,One year,Yes,Mailed check,,3942.45,No
9081-WWXKP,Female,Yes,No,No internet service,Two year,No,Credit card (automatic),20.25,873.4,No
0784-ZQJZX,Male,Yes,No,No internet service,Two year,No,Credit card (automatic),19.9,1529.65,No
3133-PZNSR,Male,Yes,Fiber optic,No,Two year,Yes,Credit card (automatic),97.75,6991.6,No
5766-ZJYBB,,Yes,,,Month-to-month,No,Mailed check,,19.4,Yes
8931-GJJIQ,Female,Yes,Fiber optic,No,Month-to-month,Yes,Electronic check,83.3,803.3,Yes
4277-PVRAN,Female,Yes,Fiber optic,Yes,Month-to-month,Yes,Bank transfer (automatic),80.1,679.3,Yes
0022-TCJCI,Male,Yes,DSL,No,One year,No,Credit card (automatic),62.7,2791.5,Yes
0722-SVSFK,Female,Yes,Fiber optic,Yes,Month-to-month,Yes,Electronic check,100.4,715,No
3612-YVGSJ,Female,Yes,No,No internet service,Two year,Yes,Credit card (automatic),24.45,1681.6,No
9825-YCXWZ,Female,Yes,Fiber optic,Yes,One year,Yes,Bank transfer (automatic),101.1,4016.2,No
5397-NSKQG,,No,,,Two year,No,Credit card (automatic),,3281.65,No
8565-HBFNN,Male,Yes,Fiber optic,,One year,Yes,Credit card (automatic),,7317.1,No
2000-DHJUY,Female,Yes,DSL,Yes,Two year,Yes,Bank transfer (automatic),92.2,6474.45,No
0203-HHYIJ,Male,Yes,No,No internet service,One year,No,Bank transfer (automatic),25.3,676.35,Yes
8670-ERCJH,Male,Yes,Fiber optic,Yes,Two year,No,Bank transfer (automatic),113.4,8164.1,No
7758-UJWYS,Male,No,DSL,Yes,Two year,Yes,Electronic check,40.55,1325.85,No
2050-ONYDQ,Female,Yes,No,No internet service,Two year,No,Credit card (automatic),26,1654.85,No
7055-JCGNI,Female,Yes,Fiber optic,Yes,Two year,Yes,Credit card (automatic),111.95,7795.95,No
0739-UUAJR,Female,No,DSL,Yes,Two year,Yes,Credit card (automatic),53.8,3952.45,No
4826-DXMUP,,Yes,,,One year,Yes,Mailed check,,2495.15,No
0952-KMEEH,Male,Yes,Fiber optic,Yes,Month-to-month,No,Mailed check,98.15,1230.25,Yes
7285-KLOTR,Female,Yes,DSL,Yes,One year,No,Electronic check,78.85,876.75,No
0654-PQKDW,Female,Yes,DSL,Yes,One year,Yes,Bank transfer (automatic),70.75,4263.45,No
7175-NTIXE,Female,Yes,DSL,Yes,Month-to-month,Yes,Credit card (automatic),76.15,1992.95,No
7963-SHNDT,Female,No,DSL,No,Two year,No,Mailed check,39.1,1982.1,No
9796-BPKIW,Male,Yes,Fiber optic,,Month-to-month,Yes,Credit card (automatic),,562.7,No
0188-GWFLE,Male,Yes,No,,Month-to-month,No,Mailed check,,33.7,No
8129-GMVGI,Female,Yes,No,No internet service,Two year,No,Mailed check,20.05,1090.1,No
2882-DDZPG,Female,Yes,No,No internet service,Month-to-month,No,Bank transfer (automatic),19.45,227.45,No
3547-LQRIK,Female,Yes,No,No internet service,One year,No,Electronic check,26.9,1250.85,No
9137-NOQKA,Male,Yes,No,No internet service,Month-to-month,No,Electronic check,19.2,37.2,No
5843-TTHGI,Female,Yes,DSL,No,Month-to-month,Yes,Mailed check,50,892.7,No
1849-RJYIG,Female,Yes,DSL,Yes,Month-to-month,Yes,Electronic check,60,487.75,No
8868-GAGIO,Male,Yes,Fiber optic,No,Month-to-month,Yes,Mailed check,84.55,3713.95,No
4061-UKJWL,Male,Yes,DSL,No,Month-to-month,No,Mailed check,45.45,141.7,No
5380-XPJNZ,Female,Yes,No,No internet service,One year,No,Mailed check,20.05,678.2,No
8263-QMNTJ,Male,Yes,Fiber optic,Yes,Two year,Yes,Electronic check,115.55,8425.3,No
8178-EYZUO,Male,Yes,Fiber optic,No,Month-to-month,Yes,Electronic check,93.7,4154.8,Yes
3230-JCNZS,Female,Yes,Fiber optic,Yes,Two year,Yes,Credit card (automatic),99,7061.65,No
0277-ORXQS,Male,No,DSL,Yes,Two year,No,Bank transfer (automatic),50.55,3364.55,No
5130-IEKQT,Male,Yes,Fiber optic,Yes,Month-to-month,No,Mailed check,105.95,2655.25,Yes
3230-WYKIR,Male,Yes,DSL,Yes,One year,Yes,Credit card (automatic),82,1425.45,Yes
7996-BPXHY,Female,Yes,No,No internet service,Two year,Yes,Bank transfer (automatic),25,332.5,No
3227-WLKLI,Female,Yes,DSL,Yes,Two year,No,Bank transfer (automatic),91.55,5963.95,No
0407-BDJKB,Male,Yes,Fiber optic,Yes,Month-to-month,Yes,Electronic check,95.75,5742.9,Yes
2266-FUBDZ,Male,Yes,No,No internet service,Two year,No,Mailed check,19.35,278.85,No
8237-ULIXL,Female,Yes,No,No internet service,Two year,No,Credit card (automatic),24.85,1871.85,No
9600-UDOPK,Male,Yes,,,Month-to-month,Yes,Credit card (automatic),,2866.45,Yes
8216-AZUUZ,Female,Yes,,,Two year,Yes,Electronic check,,4303.65,No
9153-BTBVV,,Yes,,,Two year,No,Bank transfer (automatic),,1753,No
4074-SJFFA,Female,Yes,DSL,No,Month-to-month,Yes,Mailed check,54.75,54.75,Yes
3269-ATYWD,,Yes,,,Month-to-month,Yes,Bank transfer (automatic),,3759.05,Yes
5186-PEIZU,Female,Yes,No,,Month-to-month,No,Bank transfer (automatic),,617.65,No
1074-AMIOH,,Yes,,,Month-to-month,Yes,Bank transfer (automatic),,5935.1,No
4910-GMJOT,,Yes,,,Month-to-month,Yes,Electronic check,,94.6,Yes
0354-WYROK,Female,Yes,Fiber optic,Yes,Month-to-month,Yes,Electronic check,98.9,2911.3,Yes
4361-FEBGN,,Yes,,,Two year,No,Credit card (automatic),,982.95,No
7748-UMTRK,Female,Yes,Fiber optic,Yes,Month-to-month,Yes,Electronic check,101.3,2974.5,No
0380-ZCSBI,Male,Yes,No,No internet service,Month-to-month,No,Credit card (automatic),20,198.7,No
7145-FEJWU,Female,Yes,,,Month-to-month,Yes,Electronic check,,1275.65,No
6463-MVYRY,Female,Yes,DSL,Yes,Two year,No,Bank transfer (automatic),69.85,4003,No
3969-JQABI,Female,Yes,DSL,Yes,Month-to-month,Yes,Credit card (automatic),65.25,3791.6,No
9624-EGDEQ,,Yes,,,Two year,No,Mailed check,,813.3,No
1051-EQPZR,Female,Yes,No,No internet service,Month-to-month,No,Mailed check,19.6,780.25,No
5849-ASHZJ,Male,Yes,No,No internet service,One year,No,Credit card (automatic),20.05,552.9,No
5780-INQIK,Female,Yes,DSL,No,Month-to-month,No,Electronic check,49.4,408.25,No
7576-OYWBN,Male,Yes,Fiber optic,No,Month-to-month,Yes,Electronic check,76.05,231.8,Yes
4526-ZJJTM,Female,Yes,Fiber optic,No,Month-to-month,No,Bank transfer (automatic),88.4,2191.15,No
8384-FZBJK,Female,Yes,Fiber optic,Yes,Month-to-month,Yes,Electronic check,100.6,5611.7,No
3750-RNQKR,,Yes,,,Month-to-month,No,Mailed check,,246.25,No
0962-CQPWQ,Female,Yes,No,No internet service,Two year,No,Bank transfer (automatic),20.3,1296.15,No
3096-YXENJ,,Yes,,,Two year,Yes,Bank transfer (automatic),,7082.85,No
1265-BCFEO,Female,Yes,DSL,Yes,Two year,Yes,Bank transfer (automatic),80.45,5662.25,No
5837-LXSDN,Female,Yes,DSL,Yes,One year,Yes,Credit card (automatic),58.85,1215.45,No
5945-AZYHT,Male,Yes,Fiber optic,Yes,One year,Yes,Electronic check,109.6,7854.15,No
8325-QRPZR,Female,Yes,Fiber optic,No,Month-to-month,Yes,Electronic check,75.15,525,No
6384-VMJHP,Female,Yes,DSL,No,Two year,Yes,Credit card (automatic),73,5265.2,No
2262-SLNVK,Female,Yes,Fiber optic,No,Month-to-month,No,Electronic check,70.1,70.1,No
7730-CLDSV,Female,Yes,Fiber optic,No,Two year,Yes,Bank transfer (automatic),98.65,7129.45,No
1135-HIORI,Female,Yes,Fiber optic,Yes,One year,Yes,Electronic check,111.45,7266.95,No
0164-APGRB,Female,Yes,Fiber optic,Yes,Two year,Yes,Electronic check,114.9,8496.7,No
6481-ESCNL,Female,Yes,Fiber optic,Yes,Month-to-month,No,Bank transfer (automatic),100.55,2878.75,No
1790-NESIO,Female,Yes,,,Two year,Yes,Mailed check,,261.3,No
1550-EENBN,Female,Yes,Fiber optic,Yes,Month-to-month,No,Electronic check,104.35,3205.6,No
5539-TMZLF,Male,Yes,Fiber optic,No,Month-to-month,Yes,Electronic check,69.75,69.75,Yes
4323-SADQS,Male,No,DSL,No,Month-to-month,Yes,Electronic check,34.5,279.25,Yes
4446-BZKHU,,Yes,,,Month-to-month,Yes,Electronic check,,6281.45,Yes
5202-IVJNU,Female,No,DSL,No,Month-to-month,No,Credit card (automatic),30.1,1131.3,Yes
5976-JCJRH,Male,Yes,Fiber optic,No,Month-to-month,Yes,Electronic check,70.3,738.2,Yes
8198-RKSZG,Female,Yes,DSL,Yes,Month-to-month,No,Credit card (automatic),80.45,1137.05,No
0137-OCGAB,Female,Yes,Fiber optic,No,Month-to-month,Yes,Mailed check,80.2,80.2,Yes
3351-NQLDI,Female,Yes,Fiber optic,No,One year,Yes,Credit card (automatic),94.35,6341.45,Yes
9297-EONCV,Female,Yes,DSL,Yes,Two year,Yes,Bank transfer (automatic),91.35,6697.2,No
7593-JNWRU,Male,Yes,DSL,No,Month-to-month,Yes,Bank transfer (automatic),44.6,260.8,Yes
4588-YBNIB,Female,Yes,No,,Month-to-month,Yes,Mailed check,,19.6,Yes
1069-QJOEE,Male,Yes,No,No internet service,One year,No,Electronic check,19.9,505.45,No
3336-JORSO,Female,Yes,Fiber optic,Yes,Month-to-month,Yes,Electronic check,110.45,3655.45,Yes
7799-DSEWS,Male,Yes,DSL,Yes,Month-to-month,Yes,Electronic check,68.35,1299.8,No
8766-PAFNE,Male,Yes,DSL,Yes,Two year,Yes,Credit card (automatic),79.1,5564.85,No
5315-CKEQK,,Yes,,,One year,Yes,Electronic check,,1381.8,No
3130-ICDUP,,Yes,,,Month-to-month,No,Credit card (automatic),,188.1,No
0820-FNRNX,Male,Yes,DSL,No,Month-to-month,Yes,Mailed check,66.7,1077.05,No
0880-FVFWF,Male,Yes,Fiber optic,No,Month-to-month,Yes,Electronic check,86.4,4922.4,No
4611-ANLQC,Female,No,DSL,No,One year,No,Electronic check,50.05,2911.5,No
4213-HKBJO,,Yes,,,Two year,No,Credit card (automatic),,826.1,No
2792-LSHWX,,Yes,,,Month-to-month,Yes,Mailed check,,83.4,No
5028-GZLDO,Male,Yes,Fiber optic,No,Month-to-month,No,Credit card (automatic),70.7,140.7,Yes
0014-BMAQU,Male,Yes,Fiber optic,No,Two year,Yes,Credit card (automatic),84.65,5377.8,No
6861-XWTWQ,Male,Yes,Fiber optic,Yes,Month-to-month,Yes,Electronic check,99.25,665.45,Yes
9018-PCIOK,Female,Yes,DSL,No,Two year,Yes,Mailed check,64.75,3617.1,No
4837-QUSFT,Female,Yes,Fiber optic,Yes,One year,Yes,Bank transfer (automatic),100.15,6643.5,No
6877-TJMBR,Male,Yes,Fiber optic,Yes,Month-to-month,Yes,Electronic check,84.8,84.8,Yes
9953-ZMKSM,Male,Yes,No,No internet service,Two year,No,Mailed check,25.25,1559.3,No
0907-HQNTS,Female,Yes,Fiber optic,Yes,Two year,Yes,Credit card (automatic),113,7987.6,No
7665-NKLAV,Female,No,DSL,No,Two year,No,Credit card (automatic),40.65,1547.35,No
6769-DCQLI,,Yes,,,One year,Yes,Bank transfer (automatic),,5426.85,Yes
2433-KMEAS,Male,Yes,DSL,No,Month-to-month,Yes,Electronic check,54.45,1127.35,Yes
4391-LNRXK,Male,Yes,Fiber optic,No,Month-to-month,Yes,Bank transfer (automatic),94.95,2142.8,No
8250-ZNGGW,Female,Yes,DSL,,Month-to-month,No,Credit card (automatic),,287.85,No
2195-ZRVAX,Female,Yes,Fiber optic,No,Month-to-month,Yes,Electronic check,85.3,4045.65,Yes
3550-SAHFP,Female,Yes,Fiber optic,No,Month-to-month,Yes,Electronic check,83.35,2757.85,Yes
2011-TRQYE,Male,No,DSL,No,Month-to-month,Yes,Credit card (automatic),33.5,600,Yes
8562-GHPPI,Female,Yes,No,No internet service,Month-to-month,No,Credit card (automatic),19.8,19.8,No
5893-PYOLZ,Male,Yes,DSL,,Two year,Yes,Credit card (automatic),,4534.45,No
4986-MXSFP,Female,Yes,No,No internet service,Month-to-month,Yes,Mailed check,20,40.9,No
6131-FOYAS,Male,Yes,DSL,No,Month-to-month,Yes,Electronic check,59.6,2094.9,No
3027-YNWZU,Female,Yes,No,No internet service,Two year,No,Credit card (automatic),25,1584.8,No
5609-IMCGG,Female,Yes,Fiber optic,No,Month-to-month,Yes,Credit card (automatic),84.35,1302.65,No
4873-ILOLJ,,Yes,,,Month-to-month,Yes,Electronic check,,2238.5,Yes
4727-MCYZG,Male,Yes,DSL,No,Month-to-month,No,Mailed check,55.55,55.55,No
9481-WHGWY,,Yes,,,Two year,No,Credit card (automatic),,5437.75,No
2725-KXXWT,,Yes,,,Month-to-month,Yes,Electronic check,,90.75,Yes
9565-DJPIB,Female,Yes,Fiber optic,Yes,Month-to-month,No,Mailed check,89.6,365.65,Yes
4328-VUFWD,Female,Yes,DSL,,One year,No,Electronic check,,2209.15,No
3301-LSLWQ,Female,Yes,DSL,No,Month-to-month,Yes,Electronic check,66.1,1912.15,No
7473-ZBDSN,Female,Yes,No,No internet service,Two year,No,Mailed check,18.8,255.55,No
3166-PNEOF,Female,Yes,DSL,Yes,Two year,No,Credit card (automatic),86.45,5175.3,No
5639-NTUPK,Male,Yes,DSL,No,Month-to-month,Yes,Credit card (automatic),52.1,670.65,No
8780-YRMTT,Female,No,DSL,No,Two year,Yes,Mailed check,47.4,3177.25,No
8348-HFYIV,Male,No,DSL,,Month-to-month,Yes,Electronic check,,90.35,Yes
5140-FOMCQ,,Yes,,,One year,Yes,Credit card (automatic),,6557.75,No
6242-SGYTS,Male,Yes,Fiber optic,Yes,One year,Yes,Credit card (automatic),94.95,5791.85,No
8166-ORCHU,Male,Yes,Fiber optic,No,One year,Yes,Electronic check,93.55,3055.5,No
8414-OOEEL,Male,Yes,DSL,Yes,Two year,Yes,Credit card (automatic),79.5,5196.1,No
8454-AATJP,Female,Yes,Fiber optic,Yes,Two year,No,Credit card (automatic),115.05,8405,No
6849-WLEYG,Male,Yes,No,No internet service,Month-to-month,No,Mailed check,19.75,19.75,Yes
4659-NZRUF,Female,Yes,Fiber optic,No,Month-to-month,Yes,Electronic check,95.15,1789.25,Yes
4531-AUZNK,Female,Yes,Fiber optic,Yes,One year,Yes,Mailed check,95.15,5000.05,No
4191-XOVOM,Male,Yes,Fiber optic,Yes,Month-to-month,No,Electronic check,105.4,6713.2,No
2150-OEGBV,Male,Yes,No,No internet service,One year,No,Bank transfer (automatic),20.1,562.6,No
8429-XIBUM,Male,Yes,Fiber optic,Yes,Month-to-month,Yes,Bank transfer (automatic),101.35,2317.1,Yes
1855-CFULU,Female,Yes,No,No internet service,Month-to-month,No,Mailed check,20.05,91.45,No
4878-BUNFV,Male,Yes,No,No internet service,Two year,No,Mailed check,20.7,828.85,No
1872-EBWSC,,Yes,,,One year,No,Mailed check,,617.35,No
2608-BHKFN,Female,Yes,Fiber optic,No,Month-to-month,Yes,Credit card (automatic),70.05,266.9,Yes
7026-YMSBE,,Yes,,,One year,No,Mailed check,,625.05,No
7341-LXCAF,Male,Yes,Fiber optic,No,Month-to-month,Yes,Electronic check,74.65,301.4,Yes
6997-UVGOX,Male,Yes,DSL,Yes,Two year,No,Bank transfer (automatic),85.45,6029.9,No
9674-EHPPG,Male,No,DSL,No,Two year,No,Credit card (automatic),40.4,1842.7,No
9462-MJUAW,Male,Yes,DSL,No,Month-to-month,No,Mailed check,50.4,206.6,Yes
8128-YVJRG,,Yes,,,Month-to-month,Yes,Mailed check,,604.7,Yes
5440-VHLUL,Male,Yes,Fiber optic,Yes,One year,Yes,Bank transfer (automatic),105.2,7386.05,No
5781-BKHOP,Female,Yes,Fiber optic,Yes,Two year,No,Bank transfer (automatic),100.65,7334.05,No
4283-FUTGF,Male,Yes,Fiber optic,No,Month-to-month,Yes,Electronic check,79.85,1471.75,Yes
5213-TWWJU,Male,Yes,Fiber optic,No,Month-to-month,No,Electronic check,91,2626.15,No
1569-TTNYJ,Male,Yes,Fiber optic,No,Month-to-month,Yes,Electronic check,78.75,412.1,Yes
8628-MFKAX,Female,Yes,Fiber optic,Yes,Two year,Yes,Credit card (automatic),116.75,8277.05,No
2397-BRLOM,Male,Yes,Fiber optic,Yes,Month-to-month,Yes,Credit card (automatic),80.45,583.45,Yes
7629-WIXZF,,Yes,,,One year,Yes,Electronic check,,369.25,No
5445-GLVOT,,Yes,,,Month-to-month,Yes,Electronic check,,1049.05,No
3976-HXHCE,Male,Yes,No,No internet service,Two year,No,Bank transfer (automatic),19.3,1414.8,No
2466-NEJOJ,Male,Yes,No,No internet service,Month-to-month,No,Credit card (automatic),19.65,169.75,No
0254-KCJGT,Male,Yes,DSL,No,One year,Yes,Credit card (automatic),81.4,4354.45,No
5472-CVMDX,Female,No,DSL,No,Two year,No,Mailed check,38.9,2719.2,No
6461-SZMCV,Female,Yes,DSL,Yes,Two year,No,Bank transfer (automatic),87.95,6365.35,No
8150-QUDFX,Male,Yes,No,,Month-to-month,No,Mailed check,,51.6,No
9508-ILZDG,,Yes,,,Month-to-month,Yes,Electronic check,,3190.25,No
2346-DJQTB,Female,No,DSL,No,Month-to-month,No,Electronic check,24.15,812.5,No
1697-LYYYX,Female,Yes,No,No internet service,One year,No,Credit card (automatic),19.1,1143.8,No
1942-OQFRW,Male,Yes,DSL,No,Month-to-month,No,Electronic check,44,44,No
4749-VFKVB,Female,Yes,DSL,No,Month-to-month,Yes,Mailed check,50.1,50.1,Yes
9640-ZSLDC,,Yes,,,One year,No,Credit card (automatic),,3297,No
4231-LZUYM,,Yes,,,Two year,No,Bank transfer (automatic),,1887,No
7598-UAASY,,Yes,,,Month-to-month,No,Electronic check,,151.8,Yes
7938-OUHIO,Male,Yes,Fiber optic,Yes,Month-to-month,Yes,Electronic check,98.7,293.65,Yes
8510-AWCXC,Female,Yes,Fiber optic,Yes,Month-to-month,Yes,Electronic check,100.8,1308.1,Yes
6128-AQBMT,Male,No,DSL,Yes,Month-to-month,Yes,Electronic check,53.95,2215.4,No
3594-BDSOA,Female,Yes,No,No internet service,One year,No,Credit card (automatic),20.4,482.8,No
0431-APWVY,Female,Yes,Fiber optic,Yes,One year,Yes,Bank transfer (automatic),90.1,2598.95,Yes
5133-VRSAB,Male,No,DSL,No,Month-to-month,No,Mailed check,29.35,216.45,No
5996-DAOQL,Male,Yes,No,No internet service,Month-to-month,Yes,Mailed check,20.45,20.45,No
6838-YAUVY,Female,Yes,Fiber optic,No,Two year,Yes,Bank transfer (automatic),95.1,5064.85,No
0484-JPBRU,,Yes,,,Month-to-month,Yes,Bank transfer (automatic),,996.45,No
7883-ROJOC,Female,Yes,DSL,No,Month-to-month,No,Mailed check,44.9,839.65,No
0244-LGNFY,Female,Yes,DSL,Yes,Two year,No,Bank transfer (automatic),92.65,6733,No
7274-CGTOD,Male,No,DSL,No,Two year,Yes,Bank transfer (automatic),43.7,2618.3,No
4295-YURET,Female,Yes,DSL,Yes,Two year,Yes,Credit card (automatic),72.6,4084.35,No
3426-NIYYL,Male,Yes,DSL,No,Month-to-month,No,Electronic check,51.55,765.5,Yes
8225-BTJAU,Male,Yes,Fiber optic,No,Month-to-month,Yes,Electronic check,79.25,793.55,Yes
4635-EJYPD,Male,Yes,No,,Two year,No,Mailed check,,613.95,No
1866-ZSLJM,Male,Yes,No,No internet service,Month-to-month,No,Credit card (automatic),20.5,402.85,No
4636-TVXVG,Male,Yes,No,No internet service,One year,No,Bank transfer (automatic),19.95,1244.8,No
4236-UJPWO,Female,No,DSL,No,Month-to-month,No,Electronic check,24.5,46.4,No
9392-XBGTD,,Yes,,,Two year,No,Mailed check,,581.85,No
3387-VATUS,Male,Yes,Fiber optic,Yes,Month-to-month,Yes,Bank transfer (automatic),94.85,462.8,Yes
6402-SSEJG,Female,No,,,One year,No,Electronic check,,1540.2,No
1143-NMNQJ,Female,Yes,Fiber optic,No,Month-to-month,Yes,Electronic check,85.7,169.8,Yes
1169-SAOCL,Male,Yes,Fiber optic,Yes,One year,Yes,Bank transfer (automatic),106.65,5168.1,No
1110-KYLGQ,Female,Yes,Fiber optic,Yes,Month-to-month,No,Credit card (automatic),108.25,6780.1,No
9929-PLVPA,,Yes,,,Month-to-month,No,Credit card (automatic),,94.5,No
3518-PZXZQ,Female,Yes,DSL,Yes,Month-to-month,Yes,Mailed check,55.3,55.3,No
2371-JUNGC,Male,Yes,No,No internet service,Month-to-month,No,Mailed check,20.25,208,No
7693-QPEFS,Male,Yes,Fiber optic,No,Month-to-month,Yes,Bank transfer (automatic),72.95,3829.75,No
0924-BJCRC,Female,Yes,Fiber optic,No,Month-to-month,No,Electronic check,89.45,5294.6,No
5074-FBGHB,Male,Yes,Fiber optic,Yes,One year,Yes,Credit card (automatic),104.65,6889.8,No
2351-BKRZW,Female,Yes,DSL,Yes,Two year,No,Bank transfer (automatic),75.2,3254.35,No
4455-BFSPD,Female,Yes,Fiber optic,Yes,One year,No,Bank transfer (automatic),101.15,6383.9,No
0415-MOSGF,Female,Yes,DSL,No,Month-to-month,No,Mailed check,44.4,44.4,Yes
1724-BQUHA,,Yes,,,Month-to-month,Yes,Electronic check,,477.7,Yes
3948-KXDUF,,Yes,,,Two year,No,Bank transfer (automatic),,4447.55,No
2323-ARSVR,Male,Yes,Fiber optic,Yes,Two year,Yes,Electronic check,111.05,7321.05,No
0815-MFZGM,Female,Yes,Fiber optic,Yes,Two year,Yes,Credit card (automatic),99,4135,No
4826-XTSOH,Male,Yes,Fiber optic,Yes,Month-to-month,Yes,Electronic check,86.05,86.05,Yes
5480-XTFFL,,Yes,,,Two year,No,Mailed check,,697.7,No
8295-FHIVV,Male,Yes,No,No internet service,Month-to-month,Yes,Mailed check,19.4,168.65,No
2495-INZWQ,,No,,,Month-to-month,Yes,Electronic check,,174.3,Yes
9086-YJYXS,Male,Yes,DSL,Yes,One year,No,Bank transfer (automatic),77.2,2753.8,No
1179-INLAT,Male,Yes,No,No internet service,One year,Yes,Mailed check,19.45,69.25,No
7909-FIOIY,Female,No,DSL,,Month-to-month,Yes,Mailed check,,434.8,No
4139-SUGLD,Male,No,DSL,No,Month-to-month,No,Bank transfer (automatic),35.4,1077.5,Yes
6857-VWJDT,,Yes,,,Month-to-month,No,Mailed check,,95.65,Yes
6351-SCJKT,Male,No,DSL,No,Month-to-month,No,Mailed check,41.35,107.25,No
5468-BPMMO,Male,Yes,,,Month-to-month,No,Electronic check,,851.2,No
5624-BQSSA,Female,Yes,No,No internet service,Month-to-month,No,Mailed check,20.95,20.95,Yes
0197-PNKNK,Female,Yes,Fiber optic,No,One year,No,Bank transfer (automatic),84.45,5848.6,No
2439-QKJUL,,Yes,,,Month-to-month,No,Mailed check,,109.8,No
1194-SPVSP,,Yes,,,Month-to-month,No,Bank transfer (automatic),,19.65,No
9534-NSXEM,Male,Yes,No,No internet service,One year,Yes,Credit card (automatic),20.65,595.5,No
2408-WITXK,Female,No,DSL,No,Month-to-month,Yes,Electronic check,34.7,329.8,Yes
8929-KSWIH,Male,Yes,Fiber optic,Yes,Two year,No,Bank transfer (automatic),99.3,2513.5,No
2250-IVBWA,Male,Yes,Fiber optic,No,Month-to-month,No,Electronic check,81.05,5135.35,No
1810-MVMAI,,Yes,,,Month-to-month,No,Electronic check,,2000.2,No
9506-UXUSK,Male,Yes,Fiber optic,No,Month-to-month,Yes,Electronic check,70.15,931.75,No
1229-RCALF,Female,Yes,Fiber optic,Yes,One year,Yes,Electronic check,115,7396.15,No
3572-UOLYZ,Female,Yes,Fiber optic,No,Month-to-month,Yes,Bank transfer (automatic),84.8,3958.85,No
1429-UYJSV,Female,Yes,No,No internet service,One year,No,Mailed check,19.7,260.9,No
5577-OTWWW,Female,Yes,No,No internet service,Month-to-month,No,Bank transfer (automatic),19.75,297.3,Yes
6100-QQHEB,Male,Yes,Fiber optic,,Month-to-month,Yes,Electronic check,,1515.1,Yes
6366-XIVKZ,,Yes,,,Month-to-month,Yes,Mailed check,,816.8,No
3470-OBUET,Female,Yes,DSL,Yes,Two year,No,Credit card (automatic),74,4868.4,No
2770-NSVDG,Male,No,DSL,No,Month-to-month,No,Electronic check,29.1,688,No
9375-MHRRS,Male,Yes,DSL,No,Month-to-month,No,Mailed check,50.05,288.35,No
2634-HCZGT,Male,Yes,DSL,No,One year,Yes,Electronic check,60.05,3229.65,Yes
7503-QQRVF,Male,Yes,Fiber optic,No,Month-to-month,Yes,Credit card (automatic),74.3,1178.25,Yes
4860-YZGZM,Male,Yes,No,No internet service,Month-to-month,No,Electronic check,20,185.4,No
6599-GZWCM,Female,Yes,,,One year,Yes,Mailed check,,966.25,No
2691-NZETQ,Male,Yes,Fiber optic,Yes,Month-to-month,Yes,Electronic check,85.35,758.6,Yes
4404-HIBDJ,Female,Yes,DSL,Yes,One year,No,Mailed check,74.3,1863.8,Yes
5533-NHFRF,Male,No,DSL,No,Month-to-month,Yes,Electronic check,44.4,265.8,No
7037-MTYVW,Male,Yes,DSL,Yes,Two year,Yes,Bank transfer (automatic),85.4,3297,No
4760-THGOT,Female,Yes,Fiber optic,No,Month-to-month,Yes,Electronic check,94.1,4107.3,No
7295-JOMMD,Female,Yes,Fiber optic,Yes,Month-to-month,Yes,Bank transfer (automatic),98.1,396.3,Yes
4016-BJKTZ,Female,Yes,Fiber optic,Yes,Two year,No,Electronic check,108.9,2809.05,No
6584-VQMYT,Male,Yes,DSL,No,One year,No,Mailed check,56.2,1567.55,No
9838-BFCQT,Male,Yes,No,No internet service,Two year,No,Mailed check,26.1,1851.45,No
2790-XUYMV,Male,Yes,Fiber optic,No,One year,Yes,Credit card (automatic),85.45,6028.95,No
0581-MDMPW,Female,Yes,Fiber optic,,Month-to-month,Yes,Credit card (automatic),,2072.75,No
5013-SBUIH,Female,Yes,Fiber optic,Yes,Two year,Yes,Electronic check,109.65,5551.15,Yes
1023-BQXZE,Male,Yes,DSL,Yes,Two year,Yes,Bank transfer (automatic),74.35,4317.35,No
9163-GHAYE,Female,Yes,DSL,No,Month-to-month,No,Electronic check,48.85,736.8,No
3904-UKFRE,Male,Yes,Fiber optic,No,Month-to-month,Yes,Electronic check,80.1,336.15,No
5353-WILCI,Female,Yes,DSL,,Month-to-month,No,Electronic check,,1522.65,No
0709-TVGUR,Female,Yes,Fiber optic,No,Month-to-month,Yes,Electronic check,74.55,622.9,Yes
0058-EVZWM,Female,Yes,Fiber optic,Yes,Month-to-month,Yes,Bank transfer (automatic),89.8,4959.6,No
6023-YEBUP,Male,Yes,Fiber optic,Yes,Month-to-month,Yes,Electronic check,100.95,329.95,Yes
7209-JCUDS,Male,Yes,Fiber optic,Yes,Month-to-month,Yes,Electronic check,94.9,1048.85,Yes
7009-PCARS,Male,Yes,No,,One year,No,Bank transfer (automatic),,1001.5,No
0519-DRGTI,Female,Yes,No,No internet service,Month-to-month,No,Mailed check,20.35,442.6,No
1017-FBQMM,Female,Yes,Fiber optic,Yes,One year,Yes,Credit card (automatic),106.05,6703.5,No
3001-CBHLQ,Male,Yes,Fiber optic,,Month-to-month,Yes,Electronic check,,3351.55,Yes
1985-MBRYP,Female,Yes,No,No internet service,Two year,Yes,Bank transfer (automatic),19.65,779.25,No
6158-DWPZT,Male,No,DSL,No,One year,No,Bank transfer (automatic),24.1,259.8,Yes
9372-TXXPS,Female,Yes,,,Two year,No,Bank transfer (automatic),,3483.45,No
3259-QMXUN,Male,Yes,DSL,Yes,Two year,Yes,Electronic check,86.1,4890.5,No
1015-JPFYW,Male,Yes,No,No internet service,One year,No,Mailed check,19.45,136.75,No
6645-MXQJT,Male,Yes,Fiber optic,Yes,Month-to-month,No,Electronic check,97.1,184.15,No
4360-QRAVE,Male,No,DSL,No,Month-to-month,No,Electronic check,36.65,1315,No
8433-WPJTV,Female,Yes,Fiber optic,Yes,One year,Yes,Bank transfer (automatic),103.9,6767.1,No
5804-JMYIO,Female,Yes,No,No internet service,Two year,No,Mailed check,19.75,757.95,No
3763-GCZHZ,Male,Yes,Fiber optic,Yes,One year,Yes,Electronic check,104.05,6890,Yes
6484-LATFU,Male,Yes,No,No internet service,Two year,No,Mailed check,24.55,1657.4,No
7599-NTMDP,Female,No,DSL,Yes,Two year,No,Bank transfer (automatic),48.7,3008.55,No
0772-GYEQQ,,Yes,,,Month-to-month,Yes,Mailed check,,262.05,Yes
0536-ACXIP,Female,Yes,Fiber optic,Yes,Two year,Yes,Electronic check,109.55,8165.1,No
0936-NQLJU,Female,Yes,No,No internet service,Two year,No,Credit card (automatic),20.65,875.55,No
4831-EOBFE,Male,Yes,Fiber optic,Yes,Month-to-month,No,Credit card (automatic),94.65,2649.15,Yes
1575-KRZZE,Female,Yes,DSL,No,Month-to-month,No,Electronic check,55.2,220.65,No
3251-YMVWZ,Male,Yes,No,No internet service,One year,No,Bank transfer (automatic),24.05,1301.9,No
4102-OQUPX,,Yes,,,Month-to-month,Yes,Electronic check,,74.4,Yes
9170-GYZJC,Female,Yes,DSL,No,Month-to-month,No,Credit card (automatic),79.9,3326.2,Yes
4884-LEVMQ,Male,Yes,No,No internet service,Two year,Yes,Bank transfer (automatic),20.45,790,No
8857-CUPFQ,Male,Yes,No,No internet service,Two year,No,Mailed check,19.25,1237.65,No
7610-TVOPG,,Yes,,,Month-to-month,Yes,Electronic check,,378.6,No
3638-DIMPH,Female,Yes,DSL,No,One year,No,Electronic check,43.8,592.65,No
1845-ZLLIG,Male,Yes,DSL,No,Month-to-month,Yes,Mailed check,50.15,50.15,No
8559-WNQZS,Male,Yes,No,No internet service,Two year,No,Mailed check,20.45,20.45,No
3999-QGRJH,Male,Yes,Fiber optic,No,Month-to-month,Yes,Electronic check,69.7,560.85,Yes
1699-UOTXU,Male,Yes,DSL,No,Two year,No,Electronic check,61.4,3638.25,No
2454-RPBRZ,Female,Yes,Fiber optic,Yes,Month-to-month,Yes,Electronic check,98.1,1060.2,Yes
0635-WKOLD,Male,Yes,DSL,Yes,One year,No,Credit card (automatic),70.75,2921.75,No
5993-JSUWV,Female,Yes,DSL,,Two year,Yes,Bank transfer (automatic),,4017.45,No
4518-FZBSX,Male,Yes,No,No internet service,One year,No,Mailed check,20.25,854.9,No
5387-ASZNZ,,Yes,,,One year,Yes,Credit card (automatic),,4174.35,No
6988-CJEYV,Male,Yes,Fiber optic,Yes,Month-to-month,No,Electronic check,98.7,4920.55,No
2002-MZHWP,Female,Yes,No,No internet service,Month-to-month,No,Mailed check,20.5,20.5,Yes
3097-FQTVJ,Female,Yes,No,No internet service,Two year,No,Mailed check,20,810.3,No
5465-BUBFA,Female,Yes,No,No internet service,Two year,No,Bank transfer (automatic),19.3,772.4,No
7299-GNVPL,Female,Yes,Fiber optic,No,Month-to-month,No,Mailed check,84.4,1936.85,No
9743-DQKQW,Male,No,DSL,No,Month-to-month,No,Electronic check,25.1,79.8,No
1215-VFYVK,Female,No,DSL,No,Month-to-month,No,Mailed check,48.25,202.25,No
9371-BITHB,Female,Yes,No,No internet service,Two year,No,Mailed check,19.85,1070.5,No
2265-CYWIV,Female,Yes,Fiber optic,Yes,Month-to-month,Yes,Electronic check,99.6,347.65,Yes
9093-FPDLG,Female,Yes,Fiber optic,No,Month-to-month,Yes,Electronic check,94.2,999.9,No
0541-FITGH,Female,Yes,DSL,No,Month-to-month,Yes,Mailed check,62.15,113.1,No
6985-HAYWX,Female,Yes,Fiber optic,No,Month-to-month,No,Bank transfer (automatic),79.3,2015.8,No
7508-KBIMB,Male,Yes,DSL,No,One year,Yes,Credit card (automatic),56.25,1454.25,No
6838-HVLXG,Female,Yes,No,No internet service,Month-to-month,No,Mailed check,20.3,246.7,No
2277-DJJDL,Male,Yes,Fiber optic,,Month-to-month,Yes,Electronic check,,6017.9,No
1897-OKVMW,,Yes,,,Two year,Yes,Mailed check,,5817.45,No
5485-ITNPC,Male,Yes,DSL,Yes,Two year,Yes,Bank transfer (automatic),85.9,5595.3,No
0233-FTHAV,Female,Yes,Fiber optic,No,One year,Yes,Bank transfer (automatic),79.2,4765,No
4644-PIZRT,Male,Yes,DSL,Yes,One year,Yes,Bank transfer (automatic),70.35,1201.65,No
8922-NPKBJ,Male,Yes,No,No internet service,Two year,No,Mailed check,19.35,867.3,No
2740-TVLFN,Male,Yes,DSL,No,Month-to-month,Yes,Electronic check,50.15,50.15,No
7771-CFQRQ,Female,Yes,DSL,No,Two year,No,Bank transfer (automatic),63.8,3007.25,No
9512-PHSMG,Female,Yes,No,No internet service,Month-to-month,Yes,Mailed check,20.55,252.75,No
6963-EZQEE,,Yes,,,Two year,Yes,Credit card (automatic),,6306.5,No
2452-KDRRH,Male,Yes,,,Month-to-month,Yes,Credit card (automatic),,6841.05,No
2004-OCQXK,Female,Yes,Fiber optic,No,Month-to-month,Yes,Electronic check,81.95,81.95,Yes
5027-QPKTE,Male,Yes,Fiber optic,No,Month-to-month,Yes,Electronic check,69.35,451.1,Yes
4146-SVFUD,Male,Yes,DSL,No,Month-to-month,No,Mailed check,44.6,44.6,No
1564-HJUVY,Male,Yes,,,Month-to-month,Yes,Bank transfer (automatic),,226.2,No
3617-XLSGQ,,Yes,,,Two year,No,Bank transfer (automatic),,7082.5,No
7517-LDMPS,Female,Yes,Fiber optic,No,Month-to-month,Yes,Electronic check,84.6,1017.35,No
7244-KXYZN,Female,Yes,No,No internet service,One year,No,Credit card (automatic),20.45,527.35,No
5226-NOZFC,Male,Yes,Fiber optic,Yes,Month-to-month,Yes,Electronic check,85.75,2146.5,No
2672-HUYVI,Female,Yes,Fiber optic,Yes,Month-to-month,Yes,Electronic check,91.1,455.3,Yes
1400-WIVLL,Male,Yes,Fiber optic,Yes,Two year,No,Electronic check,107.95,5969.85,No
7508-MYBOG,Male,Yes,Fiber optic,Yes,Month-to-month,Yes,Electronic check,86.1,1235.55,Yes
8148-NLEGT,Female,Yes,No,No internet service,Two year,No,Electronic check,22.95,1014.25,No
0148-DCDOS,,Yes,,,Month-to-month,Yes,Bank transfer (automatic),,2362.1,Yes
8347-GDTMP,Female,Yes,No,No internet service,Two year,No,Credit card (automatic),19.45,1225.65,No
9992-RRAMN,Male,Yes,Fiber optic,No,Month-to-month,Yes,Electronic check,85.1,1873.7,Yes
6746-WAUWT,Male,Yes,No,No internet service,One year,Yes,Credit card (automatic),19.7,386.5,No
0310-MVLET,,Yes,,,Month-to-month,Yes,Electronic check,,6010.05,Yes
0428-IKYCP,Male,Yes,Fiber optic,Yes,Month-to-month,Yes,Bank transfer (automatic),87,1850.65,No
4550-VBOFE,Male,Yes,Fiber optic,,Month-to-month,Yes,Electronic check,,7101.5,Yes
2187-PKZAY,Male,Yes,Fiber optic,No,Month-to-month,Yes,Bank transfer (automatic),79.95,1043.4,No
4003-OCTMP,Female,Yes,DSL,,One year,Yes,Electronic check,,1910.75,No
6652-YFFJO,Female,Yes,,,Month-to-month,Yes,Electronic check,,716.1,No
7225-IILWY,Male,Yes,No,No internet service,Two year,No,Mailed check,25.75,1686.15,No
5248-RPYWW,Female,Yes,DSL,Yes,Two year,Yes,Bank transfer (automatic),90.15,6716.45,No
7923-IYJWY,Male,Yes,Fiber optic,,Two year,Yes,Credit card (automatic),,7839.85,No
3170-GWYKC,Female,Yes,Fiber optic,Yes,Month-to-month,Yes,Bank transfer (automatic),104.95,6236.75,No
5696-QURRL,Male,Yes,DSL,,Month-to-month,Yes,Mailed check,,45.05,Yes
7409-KIUTL,Female,Yes,Fiber optic,No,Month-to-month,Yes,Electronic check,71,71,Yes
9830-ECLEN,Male,No,DSL,Yes,One year,No,Mailed check,50,2919.85,No
1732-VHUBQ,Female,Yes,Fiber optic,No,Month-to-month,No,Bank transfer (automatic),70.55,3309.25,Yes
0495-RVCBF,Female,Yes,Fiber optic,No,Month-to-month,Yes,Electronic check,79.7,79.7,Yes
2668-TZSPS,,Yes,,,Month-to-month,No,Mailed check,,20.45,No
7854-EDSSA,Male,Yes,DSL,No,Month-to-month,No,Electronic check,59,1254.7,Yes
8869-TORSS,Female,Yes,DSL,No,One year,Yes,Credit card (automatic),60.35,2896.4,Yes
7446-SFAOA,Female,Yes,No,No internet service,One year,Yes,Bank transfer (automatic),19.85,717.5,No
9522-ZSINC,Male,Yes,No,No internet service,One year,Yes,Electronic check,19.95,253.8,No
8234-GSZYK,Male,Yes,No,No internet service,Two year,No,Bank transfer (automatic),26.45,1110.05,No
6505-OZNPG,Female,No,DSL,Yes,Two year,Yes,Mailed check,63.4,348.8,No
6164-HAQTX,Male,No,DSL,Yes,Two year,No,Bank transfer (automatic),53.95,3888.65,No
0679-IDSTG,Female,Yes,Fiber optic,No,Month-to-month,Yes,Electronic check,69.25,69.25,Yes
7765-LWVVH,Female,Yes,Fiber optic,Yes,Two year,Yes,Electronic check,95.1,6843.15,No
1658-TJVOA,Female,Yes,Fiber optic,No,Month-to-month,Yes,Electronic check,74.1,450.9,No
0953-LGOVU,,No,,,Month-to-month,No,Mailed check,,432.25,No
2115-BFTIW,Male,Yes,Fiber optic,No,Month-to-month,No,Mailed check,70.95,1767.35,Yes
4692-NNQRU,Female,Yes,Fiber optic,No,One year,No,Electronic check,79.2,1742.45,No
7742-MYPGI,,Yes,,,Month-to-month,Yes,Mailed check,,297.35,No
0611-DFXKO,Male,Yes,Fiber optic,Yes,Month-to-month,Yes,Mailed check,89,1820.45,Yes
7780-OTDSO,Male,Yes,Fiber optic,Yes,Month-to-month,Yes,Electronic check,99.4,1742.95,Yes
9619-GSATL,Female,Yes,DSL,No,One year,No,Electronic check,55.45,2444.25,No
5622-UEJFI,Female,Yes,No,No internet service,Two year,Yes,Credit card (automatic),25.4,949.8,No
9747-DDZOS,Female,Yes,Fiber optic,No,Month-to-month,No,Bank transfer (automatic),73.5,73.5,Yes
0674-DGMAQ,Male,Yes,Fiber optic,No,Month-to-month,Yes,Electronic check,93.5,2970.8,No
6203-HBZPA,Male,No,DSL,Yes,Two year,No,Credit card (automatic),63.9,3334.95,No
0484-FFVBJ,Male,Yes,DSL,Yes,One year,Yes,Bank transfer (automatic),64.85,2010.95,No
0301-FIDRB,Female,No,DSL,Yes,Two year,Yes,Bank transfer (automatic),63.8,4684.3,No
4139-JPIAM,Male,No,DSL,No,Month-to-month,Yes,Credit card (automatic),44.45,2181.55,No
2181-TIDSV,Male,Yes,No,No internet service,Two year,Yes,Bank transfer (automatic),19.95,1303.25,No
2761-XECQW,Male,No,DSL,No,Month-to-month,Yes,Mailed check,43.35,371.4,No
1936-CZAKF,Male,No,DSL,Yes,Two year,No,Credit card (automatic),49.65,2409.9,No
9453-PATOS,Female,Yes,DSL,Yes,Two year,No,Mailed check,85.1,6155.4,No
0564-JJHGS,Male,Yes,Fiber optic,Yes,Month-to-month,Yes,Electronic check,95.5,829.1,Yes
3348-CFRNX,Female,Yes,Fiber optic,Yes,Month-to-month,Yes,Mailed check,92.35,2602.9,Yes
4402-FTBXC,Male,Yes,Fiber optic,Yes,Month-to-month,No,Mailed check,89.8,4667,No
1428-GTBJJ,Male,Yes,Fiber optic,No,Month-to-month,Yes,Electronic check,74.55,824.75,Yes
2931-XIQBR,Female,Yes,Fiber optic,Yes,One year,No,Mailed check,103.05,5153.5,No
0106-UGRDO,Female,Yes,Fiber optic,Yes,Two year,Yes,Electronic check,116,8182.85,No
5542-TBBWB,Male,Yes,Fiber optic,No,Month-to-month,Yes,Electronic check,69.9,69.9,No
1930-QPBVZ,Male,Yes,Fiber optic,No,Two year,No,Bank transfer (automatic),95.1,6683.4,No
2606-PKWJB,,No,,,One year,No,Mailed check,,1564.05,No
5322-ZSMZY,Male,Yes,No,No internet service,Two year,No,Mailed check,25.75,755.6,No
8059-UDZFY,Female,Yes,Fiber optic,Yes,Month-to-month,Yes,Bank transfer (automatic),105.35,3465.05,No
7740-BTPUX,Male,Yes,Fiber optic,Yes,Two year,Yes,Electronic check,113.6,6292.7,No
5220-AGAAX,Male,Yes,No,No internet service,Two year,Yes,Bank transfer (automatic),24,1664.3,No
0208-BPQEJ,,Yes,,,Month-to-month,No,Bank transfer (automatic),,198.1,No
9435-JMLSX,Male,Yes,DSL,Yes,Two year,Yes,Bank transfer (automatic),86.1,6045.9,No
3352-ALMCK,Male,Yes,Fiber optic,Yes,Month-to-month,Yes,Mailed check,102.65,4108.15,No
5312-IRCFR,Female,Yes,Fiber optic,No,One year,Yes,Electronic check,92.85,5980.75,No
5294-IMHHT,Male,Yes,Fiber optic,No,One year,No,Bank transfer (automatic),97.75,5043.2,No
8802-UNOJF,Male,Yes,Fiber optic,No,Month-to-month,Yes,Mailed check,83.8,1029.75,Yes
6313-GIDIT,Male,No,DSL,Yes,Month-to-month,Yes,Electronic check,54.45,2854.55,Yes
6176-YJWAS,Male,Yes,Fiber optic,Yes,Two year,Yes,Credit card (automatic),97.95,7114.25,No
5310-NOOVA,Male,Yes,No,No internet service,Two year,No,Electronic check,19.95,907.05,No
4526-EXKKN,,Yes,,,Two year,Yes,Mailed check,,973.95,No
5311-IHLEI,Male,No,DSL,Yes,Month-to-month,Yes,Bank transfer (automatic),50.95,605.75,No
3987-KQDDU,Male,Yes,Fiber optic,No,Month-to-month,No,Electronic check,75.6,661.55,No
3404-JNXAX,Female,Yes,Fiber optic,No,Month-to-month,Yes,Electronic check,80.75,4116.9,No
5131-PONJI,Male,Yes,Fiber optic,Yes,Month-to-month,Yes,Credit card (automatic),90.4,4494.65,No
2845-AFFTX,,Yes,,,Month-to-month,Yes,Electronic check,,4259.3,Yes
3489-VSFRD,,Yes,,,One year,Yes,Credit card (automatic),,3282.75,No
3345-JHUEO,Male,Yes,No,No internet service,Month-to-month,Yes,Electronic check,20.2,55.7,No
5815-HGGHV,Male,Yes,DSL,No,One year,Yes,Mailed check,64.15,1274.45,No
5260-UMPWX,Female,Yes,No,No internet service,Month-to-month,Yes,Credit card (automatic),20.25,493.95,No
2249-YPRNG,Female,Yes,Fiber optic,Yes,Month-to-month,Yes,Bank transfer (automatic),105.85,2239.65,Yes
7410-YTJIK,,Yes,,,Month-to-month,No,Mailed check,,480.75,Yes
4626-GYCZP,Male,Yes,Fiber optic,Yes,Month-to-month,Yes,Electronic check,93.85,635.6,Yes
5649-RXQTV,Male,Yes,Fiber optic,Yes,Month-to-month,Yes,Electronic check,99,5038.15,No
2674-MIAHT,Female,Yes,Fiber optic,No,Month-to-month,Yes,Mailed check,80.3,324.2,No
2576-HXMPA,Female,Yes,No,No internet service,Month-to-month,No,Credit card (automatic),19.55,19.55,No
7587-AOVVU,Male,Yes,Fiber optic,Yes,Month-to-month,No,Electronic check,100.75,2793.55,No
5590-BYNII,Male,Yes,Fiber optic,Yes,Month-to-month,Yes,Electronic check,100.75,2095,Yes
6898-MDLZW,Male,Yes,DSL,No,Month-to-month,Yes,Mailed check,53.75,648.65,No
3237-AJGEH,Female,No,DSL,No,Month-to-month,Yes,Mailed check,31,95.05,Yes
4707-YNOQA,,Yes,,,One year,Yes,Credit card (automatic),,917.15,No
9357-UJRUN,Male,Yes,DSL,No,One year,Yes,Electronic check,58.35,1346.9,No
1591-NFNLQ,Male,Yes,Fiber optic,No,Month-to-month,No,Credit card (automatic),80,4242.35,Yes
8648-PFRMP,Female,No,,,Month-to-month,Yes,Electronic check,,672.7,No
7663-CUXZB,Male,Yes,Fiber optic,Yes,Two year,No,Electronic check,113.75,6561.25,No
0258-NOKBL,Male,Yes,Fiber optic,No,Month-to-month,No,Electronic check,90.4,268.45,No
1163-VIPRI,Female,Yes,Fiber optic,Yes,Two year,No,Electronic check,109.3,7337.55,No
2815-CPTUL,Male,Yes,Fiber optic,No,Month-to-month,Yes,Mailed check,70.25,331.9,Yes
9348-ROUAI,Female,Yes,DSL,Yes,Two year,No,Credit card (automatic),90.3,5194.05,No
9443-JUBUO,Male,No,DSL,Yes,Two year,Yes,Credit card (automatic),65.25,4478.85,No
0596-BQCEQ,Female,Yes,Fiber optic,Yes,Month-to-month,Yes,Electronic check,100.15,6283.3,Yes
1481-ZUWZA,Male,Yes,Fiber optic,No,Month-to-month,Yes,Credit card (automatic),94.5,2659.4,Yes
3043-TYBNO,Male,Yes,DSL,No,Month-to-month,No,Mailed check,60.65,196.9,No
4830-FAXFM,Male,Yes,No,No internet service,Month-to-month,Yes,Credit card (automatic),24.1,439.2,No
5906-BFOZT,,Yes,,,Month-to-month,Yes,Mailed check,,19.5,No
2960-NKRSO,Male,Yes,Fiber optic,No,Month-to-month,Yes,Electronic check,85.95,2107.15,No
8996-ZROXE,Male,Yes,DSL,No,One year,Yes,Electronic check,53.5,3035.8,No
5598-IKHQQ,Female,Yes,No,No internet service,Two year,No,Credit card (automatic),25.45,1866.45,No
0397-ZXWQF,,Yes,,,Two year,No,Bank transfer (automatic),,1430.95,No
5266-PFRQK,Male,Yes,No,No internet service,One year,Yes,Credit card (automatic),20.85,1071.6,No
4674-HGNUA,Male,Yes,DSL,Yes,Two year,No,Credit card (automatic),89.9,6457.15,No
6765-MBQNU,Female,Yes,No,No internet service,One year,No,Mailed check,26,684.05,No
9786-IJYDL,Female,Yes,,,Two year,Yes,Mailed check,,3914.05,No
1303-SRDOK,Female,Yes,Fiber optic,No,Two year,Yes,Credit card (automatic),69.05,3842.6,No
3769-MHZNV,Female,Yes,No,No internet service,Two year,No,Mailed check,20.1,670.35,No
6295-OSINB,Male,Yes,Fiber optic,Yes,Two year,Yes,Electronic check,109.65,7880.25,No
3308-MHOOC,Male,Yes,No,No internet service,Month-to-month,Yes,Mailed check,19.2,19.2,No
2309-OSFEU,Male,No,DSL,No,Month-to-month,Yes,Mailed check,33.9,298.45,Yes
2207-QPJED,Female,Yes,Fiber optic,,Month-to-month,No,Electronic check,,3371.75,No
4177-JPDFU,Male,No,DSL,No,Month-to-month,No,Mailed check,34,442.45,No
2239-CFOUJ,Male,Yes,No,No internet service,One year,No,Mailed check,20.4,20.4,No
8046-DNVTL,Male,No,DSL,No,Two year,Yes,Credit card (automatic),38.6,2345.55,No
2209-XADXF,Female,No,DSL,No,Month-to-month,No,Bank transfer (automatic),25.25,25.25,No
6620-JDYNW,Female,Yes,DSL,No,Month-to-month,Yes,Mailed check,60.6,1156.35,No
1891-FZYSA,Male,Yes,Fiber optic,Yes,Month-to-month,Yes,Electronic check,89.95,6143.15,Yes
4770-UEZOX,Male,Yes,Fiber optic,No,Month-to-month,Yes,Electronic check,74.75,144.8,No
1038-RQOST,Male,Yes,No,No internet service,Month-to-month,No,Mailed check,20.6,414.95,No
7613-LLQFO,Male,Yes,Fiber optic,Yes,Month-to-month,Yes,Electronic check,84.45,1059.55,Yes
4568-TTZRT,Male,Yes,No,No internet service,Month-to-month,No,Mailed check,20.4,181.8,No
9513-DXHDA,Male,Yes,DSL,Yes,One year,No,Electronic check,81.7,2212.55,No
2640-PMGFL,Male,Yes,Fiber optic,No,Month-to-month,Yes,Electronic check,79.5,2180.55,Yes
3801-HMYNL,Male,Yes,Fiber optic,Yes,Month-to-month,No,Mailed check,89.15,89.15,Yes
0516-QREYC,Female,Yes,No,No internet service,Month-to-month,Yes,Mailed check,20.3,459.95,No
9685-WKZGT,Male,Yes,Fiber optic,No,Month-to-month,Yes,Electronic check,74.95,1036.75,Yes
6022-UGGSO,Female,Yes,Fiber optic,No,Month-to-month,Yes,Electronic check,74.4,2276.95,Yes
8084-OIVBS,Female,Yes,No,No internet service,One year,No,Mailed check,20,211.95,No
8896-BQTTI,Male,Yes,No,No internet service,Month-to-month,Yes,Mailed check,25,25,No
3865-QBWSJ,Male,Yes,Fiber optic,No,Month-to-month,Yes,Mailed check,80.45,3162.65,No
3352-RICWQ,Female,Yes,No,No internet service,Two year,No,Mailed check,19.75,210.65,No
2160-GPFXD,,Yes,,,Two year,Yes,Credit card (automatic),,3566.7,No
2065-MMKGR,Female,Yes,DSL,Yes,One year,Yes,Credit card (automatic),71,2080.1,No
5857-TYBCJ,Male,Yes,Fiber optic,Yes,Month-to-month,Yes,Electronic check,89.2,4040.2,No
1498-NHTLT,Male,Yes,DSL,Yes,Two year,Yes,Electronic check,86.75,5186,No
4484-CGXFK,Female,Yes,DSL,,Month-to-month,Yes,Electronic check,,196.15,Yes
1402-PTHGN,Female,Yes,DSL,No,One year,Yes,Mailed check,61.5,1087.45,No
4176-RELJR,,Yes,,,Two year,No,Credit card (automatic),,1672.15,No
6214-EDAKZ,Female,Yes,DSL,No,Month-to-month,No,Electronic check,55.15,1206.05,Yes
5199-FPUSP,Male,No,DSL,No,One year,No,Credit card (automatic),34.05,1113.95,No
6377-KSLXC,Male,Yes,No,No internet service,Month-to-month,No,Mailed check,19.95,107.05,No
1796-JANOW,Female,Yes,No,No internet service,Month-to-month,No,Mailed check,19.95,38.15,No
0238-WHBIQ,Male,Yes,DSL,Yes,Two year,No,Credit card (automatic),89.7,6339.3,No
8735-NBLWT,Male,Yes,,,Month-to-month,No,Mailed check,,184.1,No
6651-RLGGM,Male,Yes,No,No internet service,Two year,No,Mailed check,26.3,1688.9,No
6127-ISGTU,Female,Yes,Fiber optic,Yes,Month-to-month,Yes,Electronic check,84.95,1378.25,Yes
1614-JBEBI,Female,Yes,No,,Month-to-month,Yes,Mailed check,,137.6,No
8740-XLHDR,Male,No,DSL,No,Month-to-month,Yes,Mailed check,43.25,219,Yes
1208-DNHLN,Male,Yes,DSL,No,One year,Yes,Credit card (automatic),48.35,1067.15,Yes
1761-AEZZR,Male,Yes,Fiber optic,Yes,Month-to-month,Yes,Electronic check,79.55,79.55,Yes
3923-CSIHK,Female,Yes,Fiber optic,No,Month-to-month,Yes,Electronic check,71.05,3444.85,Yes
5696-EXCYS,,Yes,,,Two year,No,Credit card (automatic),,369.05,No
5795-KTGUD,Female,Yes,Fiber optic,Yes,Two year,Yes,Bank transfer (automatic),110.8,7553.6,No
7120-RFMVS,Male,Yes,Fiber optic,Yes,Month-to-month,No,Electronic check,84.5,84.5,Yes
7924-GJZFI,Female,Yes,,,Month-to-month,Yes,Electronic check,,1813.1,No
4702-HDRKD,Male,No,DSL,Yes,One year,Yes,Bank transfer (automatic),49.35,3321.35,No
8512-WIWYV,Male,Yes,No,No internet service,One year,No,Credit card (automatic),20.35,707.5,No
5897-ZYEKH,Female,Yes,Fiber optic,Yes,One year,Yes,Electronic check,105.6,7112.15,No
5456-ITGIC,Male,No,DSL,Yes,Two year,Yes,Credit card (automatic),64.45,4641.1,No
7317-GGVPB,Male,Yes,Fiber optic,Yes,Two year,Yes,Credit card (automatic),108.6,7690.9,Yes
1406-PUQVY,Male,Yes,DSL,No,Month-to-month,Yes,Electronic check,49.9,49.9,No
1322-AGOQM,Male,No,DSL,No,Month-to-month,No,Bank transfer (automatic),30.3,1380.1,Yes
3677-IYRBF,Female,No,DSL,,Month-to-month,Yes,Electronic check,,78.65,Yes
5692-FPTAH,Female,Yes,DSL,No,Month-to-month,Yes,Mailed check,45.4,45.4,Yes
9114-AAFQH,,Yes,,,One year,Yes,Electronic check,,3094.65,No
8715-KKTFG,Female,Yes,Fiber optic,Yes,One year,Yes,Bank transfer (automatic),103.3,6518.35,No
1550-LOAHA,Female,Yes,Fiber optic,No,Month-to-month,No,Bank transfer (automatic),84.15,2585.95,Yes
1728-BQDMA,Female,Yes,DSL,No,Month-to-month,No,Electronic check,44.45,82.7,No
0268-QKIWO,Female,Yes,No,No internet service,Month-to-month,No,Electronic check,19.75,58.85,Yes
0876-WDUUZ,Female,Yes,,,Month-to-month,Yes,Credit card (automatic),,425.9,Yes
5117-ZSMHQ,Female,Yes,DSL,Yes,Two year,No,Bank transfer (automatic),89.9,6342.7,No
5151-HQRDG,Male,Yes,DSL,No,Month-to-month,Yes,Mailed check,55.05,2030.75,No
0960-HUWBM,Male,Yes,Fiber optic,Yes,Two year,Yes,Bank transfer (automatic),104.1,6700.05,No
6465-GSRCL,Female,Yes,Fiber optic,Yes,One year,Yes,Bank transfer (automatic),106.6,7244.7,No
0617-FHSGK,Male,Yes,Fiber optic,No,Month-to-month,No,Credit card (automatic),75.2,3678.3,Yes
0263-FJTQO,Male,Yes,DSL,Yes,Two year,Yes,Credit card (automatic),70.5,3486.65,No
7319-ZNRTR,Male,Yes,No,No internet service,One year,No,Electronic check,19.6,411.15,No
2858-MOFSQ,Female,Yes,,,One year,Yes,Mailed check,,937.5,Yes
7503-EPSZW,Female,Yes,No,No internet service,Two year,Yes,Mailed check,24.05,1559.15,No
7089-XXAYG,Male,No,DSL,Yes,One year,Yes,Credit card (automatic),38.1,970.4,No
8118-LSUEL,Male,Yes,Fiber optic,Yes,Month-to-month,Yes,Electronic check,106.4,2483.5,Yes
8070-AAWZP,Male,No,DSL,No,Month-to-month,No,Mailed check,34.25,828.2,No
1666-JXLKU,,Yes,,,Month-to-month,Yes,Electronic check,,3810.55,No
7855-DIWPO,Female,Yes,Fiber optic,No,Month-to-month,Yes,Electronic check,68.65,1493.2,No
5133-POWUA,Male,Yes,DSL,No,Month-to-month,Yes,Mailed check,45.8,45.8,No
5652-MSDEY,Female,Yes,Fiber optic,No,Month-to-month,Yes,Mailed check,75.75,777.3,No
7005-CCBKV,Male,Yes,Fiber optic,No,Month-to-month,Yes,Electronic check,84.4,556.35,Yes
1810-BOHSY,Male,Yes,Fiber optic,No,One year,Yes,Credit card (automatic),96.4,4911.05,No
1784-BXEFA,Female,Yes,No,No internet service,Month-to-month,Yes,Mailed check,20.55,187.35,No
7351-MHQVU,Female,No,DSL,No,Month-to-month,No,Credit card (automatic),50.95,307.6,No
9224-VTYID,Male,Yes,DSL,Yes,Two year,Yes,Mailed check,90.5,4318.35,No
9500-IWPXQ,Female,Yes,DSL,No,One year,Yes,Electronic check,79.4,4820.55,No
5762-TJXGK,Female,No,DSL,Yes,Two year,Yes,Bank transfer (automatic),58.75,3038.55,No
4504-YOULA,Female,Yes,DSL,No,Month-to-month,Yes,Credit card (automatic),59.45,2136.9,No
5569-IDSEY,Male,Yes,Fiber optic,Yes,One year,Yes,Bank transfer (automatic),105.7,7472.15,No
4250-FDVOU,Female,Yes,DSL,,Month-to-month,No,Electronic check,,389.1,Yes
7284-ZZLOH,,Yes,,,Two year,No,Credit card (automatic),,2296.25,No
5277-ZLOOR,,Yes,,,Month-to-month,Yes,Electronic check,,187.45,Yes
2141-RRYGO,Female,Yes,DSL,Yes,Month-to-month,Yes,Bank transfer (automatic),68.65,261.25,Yes
1777-JYQPJ,Male,No,DSL,,Month-to-month,No,Mailed check,,38.45,No
6376-GAHQE,Male,Yes,Fiber optic,Yes,Month-to-month,No,Electronic check,77.85,299.2,Yes
3401-URHDA,Male,Yes,DSL,No,One year,No,Credit card (automatic),59.9,3043.6,No
1599-EAHXY,Male,Yes,No,No internet service,One year,No,Credit card (automatic),23.95,1506.4,No
8631-XVRZL,Male,Yes,No,No internet service,One year,Yes,Mailed check,20.15,163.7,No
5052-PNLOS,Male,Yes,Fiber optic,Yes,Month-to-month,Yes,Bank transfer (automatic),105.35,323.25,Yes
3853-LYGAM,Male,Yes,Fiber optic,No,Month-to-month,Yes,Bank transfer (automatic),95.65,1640,No
6979-ZNSFF,Female,Yes,Fiber optic,Yes,Month-to-month,Yes,Electronic check,87.05,762.1,Yes
5751-USDBL,Male,Yes,DSL,Yes,Two year,No,Mailed check,81,3846.35,No
5680-LQOGP,Female,Yes,DSL,Yes,Two year,Yes,Credit card (automatic),82.45,5646.6,No
2386-LAHRK,Male,Yes,DSL,Yes,Month-to-month,Yes,Mailed check,53.5,53.5,Yes
8189-DUKMV,Female,Yes,No,No internet service,One year,No,Bank transfer (automatic),20.5,79.05,No
6032-IGALN,Female,No,DSL,No,Month-to-month,Yes,Mailed check,25.1,25.1,Yes
9931-DCEZH,Male,Yes,DSL,No,One year,Yes,Credit card (automatic),54.4,1516.6,No
1898-JSNDC,Female,Yes,DSL,Yes,One year,Yes,Credit card (automatic),58.6,2224.5,No
0315-LVCRK,Male,Yes,Fiber optic,No,Month-to-month,No,Electronic check,84.8,888.75,No
3911-RSNHI,Female,No,DSL,Yes,Two year,Yes,Credit card (automatic),61.4,4310.35,No
2410-CIYFZ,Male,Yes,No,No internet service,Month-to-month,No,Mailed check,20.4,42.9,No
4248-HCETZ,Male,Yes,Fiber optic,No,Month-to-month,Yes,Mailed check,79.65,2365.15,Yes
5505-OVWQW,Female,Yes,No,No internet service,One year,No,Mailed check,20.15,353.65,No
7271-AJDTL,Female,Yes,Fiber optic,Yes,Month-to-month,Yes,Credit card (automatic),94.45,5073.1,No
1867-TJHTS,Female,Yes,Fiber optic,No,Month-to-month,Yes,Bank transfer (automatic),79.8,4526.85,No
0516-WJVXC,,Yes,,,Month-to-month,No,Electronic check,,308.25,Yes
9174-FKWZE,,Yes,,,Month-to-month,Yes,Electronic check,,19.45,Yes
6860-YRJZP,Male,Yes,Fiber optic,No,Month-to-month,Yes,Electronic check,74.05,678.45,No
4429-WYGFR,Male,Yes,DSL,No,Month-to-month,No,Bank transfer (automatic),49.15,1237.3,No
2817-LVCPP,Female,Yes,No,No internet service,Two year,No,Credit card (automatic),19.4,1023.95,No
5038-ETMLM,,Yes,,,Two year,Yes,Bank transfer (automatic),,8182.75,No
5056-FIMPT,Female,Yes,Fiber optic,Yes,One year,Yes,Credit card (automatic),106,4532.3,No
4521-WFJAI,Male,Yes,No,No internet service,Two year,Yes,Bank transfer (automatic),25.95,1444.05,No
6569-KTMDU,Female,Yes,No,No internet service,Month-to-month,No,Mailed check,19.1,19.1,No
8809-RIHDD,Male,Yes,Fiber optic,Yes,Two year,Yes,Electronic check,103.4,7372.65,Yes
8809-XKHMD,Male,Yes,Fiber optic,No,Two year,Yes,Bank transfer (automatic),100.55,7325.1,No
0396-YCHWO,Male,Yes,Fiber optic,Yes,Month-to-month,Yes,Electronic check,95.4,3474.2,No
0867-LDTTC,Male,Yes,DSL,Yes,Month-to-month,No,Bank transfer (automatic),75.15,392.65,No
4822-NGOCH,Female,Yes,Fiber optic,No,Month-to-month,Yes,Electronic check,84.45,1058.6,Yes
9391-DXGGG,Female,Yes,Fiber optic,No,One year,No,Credit card (automatic),89.15,3990.75,No
9844-FELAJ,Female,Yes,Fiber optic,Yes,One year,Yes,Electronic check,107.9,7475.85,No
2122-SZZZD,Male,Yes,No,No internet service,One year,No,Credit card (automatic),19.5,835.5,No
5307-DZCVC,Female,Yes,Fiber optic,Yes,Month-to-month,Yes,Credit card (automatic),85.95,2628.6,Yes
3148-AOIQT,Female,Yes,No,No internet service,Two year,Yes,Credit card (automatic),24.95,1718.35,No
8679-JOEVF,Female,Yes,DSL,Yes,Month-to-month,No,Electronic check,59.4,1023.9,Yes
8395-ETZKQ,Male,Yes,No,No internet service,One year,No,Bank transfer (automatic),19.5,1193.55,No
6692-YQHXC,Male,Yes,Fiber optic,No,Month-to-month,Yes,Credit card (automatic),69.95,1205.5,No
3889-VWBID,Male,Yes,DSL,Yes,Two year,No,Bank transfer (automatic),82.85,5776.45,No
5222-JCXZT,Male,Yes,No,No internet service,Month-to-month,No,Mailed check,19,78.9,No
9754-CLVZW,Female,No,DSL,,Month-to-month,No,Credit card (automatic),,1025.15,No
1432-FPAXX,Female,No,DSL,No,Month-to-month,Yes,Electronic check,30.6,856.35,Yes
2739-CCZMB,Male,Yes,No,No internet service,Month-to-month,No,Credit card (automatic),20.35,122,No
7080-TNUWP,,Yes,,,One year,Yes,Bank transfer (automatic),,6602.9,No
0496-AHOOK,Male,Yes,DSL,Yes,One year,No,Bank transfer (automatic),74.4,1712.9,No
8336-TAVKX,Female,Yes,DSL,No,Two year,No,Bank transfer (automatic),78.45,5682.25,No
2468-SJFLM,Male,Yes,Fiber optic,,Month-to-month,Yes,Mailed check,,74.3,No
3181-VTHOE,Male,No,DSL,No,One year,Yes,Bank transfer (automatic),51.05,3635.15,No
7168-HDQHG,Female,Yes,No,No internet service,Month-to-month,No,Bank transfer (automatic),19.2,702.9,No
4803-AXVYP,Female,Yes,Fiber optic,Yes,Month-to-month,Yes,Electronic check,99.55,3734.25,Yes
3884-HCSWG,Female,Yes,Fiber optic,No,Month-to-month,Yes,Electronic check,70,1144.5,Yes
4567-AKPIA,Female,Yes,Fiber optic,Yes,One year,Yes,Bank transfer (automatic),109.1,4454.25,No
5077-DXTCG,Female,Yes,DSL,No,Month-to-month,Yes,Electronic check,45.3,45.3,Yes
1142-WACZW,Male,No,DSL,No,Month-to-month,No,Bank transfer (automatic),29.85,75.6,Yes
7901-HXJVA,Male,Yes,Fiber optic,No,Month-to-month,No,Electronic check,76.45,1117.55,No
5649-ANRML,Male,Yes,Fiber optic,No,Month-to-month,Yes,Credit card (automatic),95.1,180.25,Yes
4892-VLANZ,,Yes,,,Month-to-month,No,Mailed check,,19.8,Yes
5924-IFQTT,Male,Yes,DSL,Yes,Month-to-month,Yes,Electronic check,72.8,930.05,No
7968-QUXNS,Male,Yes,No,No internet service,Month-to-month,No,Mailed check,18.95,110.15,No
2919-HBCJO,Female,Yes,Fiber optic,No,Month-to-month,Yes,Bank transfer (automatic),76.65,333.6,Yes
4236-XPXAV,Female,Yes,Fiber optic,Yes,Month-to-month,Yes,Mailed check,99.15,465.05,Yes
8903-WMRNW,Female,Yes,Fiber optic,Yes,Month-to-month,No,Electronic check,101.75,1669.4,No
2452-SNHFZ,Female,Yes,Fiber optic,No,Month-to-month,No,Credit card (automatic),75.45,3545.1,No
3629-WEAAM,,Yes,,,Month-to-month,No,Mailed check,,504.05,No
6029-CSMJE,Male,No,DSL,No,Month-to-month,Yes,Mailed check,25.65,440.2,No
7993-NQLJE,,Yes,,,Month-to-month,No,Mailed check,,1151.55,No
9909-DFRJA,Female,Yes,Fiber optic,No,One year,Yes,Bank transfer (automatic),95.85,2475.35,No
9099-FTUHS,,Yes,,,Month-to-month,No,Electronic check,,1249.25,No
0581-BXBUB,Female,Yes,Fiber optic,No,Month-to-month,No,Electronic check,72.75,317.75,No
4962-CHQPW,Male,Yes,No,No internet service,One year,No,Mailed check,19.85,535.05,No
9467-ROOLM,Female,Yes,No,No internet service,Month-to-month,No,Mailed check,19.05,461.3,No
3030-YZADT,Male,Yes,DSL,No,Month-to-month,No,Mailed check,44.95,431,Yes
7410-KTVFV,Male,Yes,DSL,No,Month-to-month,Yes,Mailed check,49.55,878.35,Yes
5150-ITWWB,Male,Yes,Fiber optic,Yes,Month-to-month,Yes,Electronic check,94.85,335.75,No
2253-KPMNB,Female,No,DSL,No,Two year,No,Bank transfer (automatic),46.25,3121.4,No
1345-ZUKID,Male,Yes,No,No internet service,One year,No,Mailed check,19.35,324.8,No
6429-SHBCB,Male,Yes,DSL,Yes,Month-to-month,No,Mailed check,69.6,1394.55,No
9281-OFDMF,,Yes,,,Month-to-month,No,Electronic check,,3413.25,No
2603-HVKCG,,Yes,,,Month-to-month,Yes,Electronic check,,3143.65,No
1834-WULEG,Male,Yes,No,No internet service,One year,No,Mailed check,20.25,439.75,No
9097-ZUBYC,Male,Yes,DSL,No,Month-to-month,No,Bank transfer (automatic),48.8,664.4,No
5148-ORICT,Female,Yes,DSL,No,Two year,Yes,Mailed check,74.35,4759.55,No
4893-GYUJU,Female,Yes,No,No internet service,One year,Yes,Mailed check,19.35,1033,No
4578-PHJYZ,Male,Yes,DSL,,One year,Yes,Electronic check,,3482.85,No
7272-QDCKA,Male,Yes,Fiber optic,Yes,One year,No,Electronic check,100.2,2688.45,No
8908-SLFCJ,Female,Yes,No,No internet service,Two year,Yes,Credit card (automatic),20.85,435.25,No
8393-DLHGA,,Yes,,,Month-to-month,Yes,Electronic check,,2448.75,Yes
9766-HGEDE,Female,Yes,No,No internet service,One year,No,Mailed check,19.35,307,No
6968-MHOMU,Male,No,DSL,Yes,One year,Yes,Credit card (automatic),45,2689.35,No
7395-IGJOS,Male,Yes,Fiber optic,No,Month-to-month,No,Bank transfer (automatic),81.5,1329.2,Yes
5044-XDPYX,Female,Yes,No,No internet service,Two year,No,Mailed check,25.5,1281.25,No
1814-WFGVS,Male,No,DSL,Yes,Two year,No,Mailed check,48.9,3527,No
2834-SPCJV,Male,Yes,Fiber optic,Yes,Month-to-month,No,Electronic check,84.1,4348.65,Yes
3721-WKIIL,Female,Yes,No,No internet service,Two year,Yes,Mailed check,19.6,561.15,No
6734-CKRSM,Female,Yes,No,No internet service,Month-to-month,No,Mailed check,20,63.6,No
1265-ZFOSD,Female,Yes,,,Two year,Yes,Mailed check,,5129.3,No
6568-POCUI,Female,Yes,Fiber optic,Yes,Two year,Yes,Credit card (automatic),95.2,4285.8,No
7890-VYYWG,Male,No,DSL,Yes,Month-to-month,Yes,Mailed check,36.45,93.7,Yes
5197-LQXXH,Female,Yes,DSL,,Two year,Yes,Credit card (automatic),,5894.5,No
9907-SWKKF,,No,,,Month-to-month,No,Mailed check,,25.05,Yes
3457-PQBYH,Female,Yes,No,No internet service,Two year,No,Credit card (automatic),20.3,1160.75,No
7682-AZNDK,,Yes,,,Month-to-month,Yes,Electronic check,,3091.75,No
0587-DMGBH,Female,Yes,DSL,No,Month-to-month,Yes,Electronic check,49.85,365.55,Yes
5384-ZTTWP,Female,Yes,No,No internet service,Month-to-month,No,Mailed check,19.8,272.95,No
3745-HRPHI,Male,No,DSL,Yes,Two year,No,Bank transfer (automatic),54.65,3632,No
7636-OWBPG,Male,No,DSL,No,Month-to-month,Yes,Credit card (automatic),29.35,381.2,No
1231-YNDEK,Male,Yes,No,No internet service,Two year,Yes,Bank transfer (automatic),19.15,1035.5,No
1407-DIGZV,Female,Yes,No,No internet service,Two year,No,Mailed check,19.1,52,No
6397-JNZZG,Female,No,DSL,Yes,Month-to-month,No,Credit card (automatic),55.55,2342.2,Yes
0570-BFQHT,Female,Yes,Fiber optic,No,Month-to-month,No,Electronic check,80.55,653.9,No
4393-OBCRR,,Yes,,,One year,No,Mailed check,,71.2,No
3523-QRQLL,,Yes,,,One year,Yes,Bank transfer (automatic),,1498.2,Yes
8564-LDKFL,Male,Yes,Fiber optic,Yes,One year,Yes,Bank transfer (automatic),106,4178.65,No
3696-DFHHB,Female,Yes,No,No internet service,Two year,No,Bank transfer (automatic),25.5,1821.8,No
0895-DQHEW,Male,Yes,Fiber optic,Yes,Month-to-month,Yes,Electronic check,104.3,5278.15,Yes
4717-GHADL,Female,Yes,DSL,Yes,Two year,Yes,Mailed check,79.6,4024.2,No
5501-TVMGM,Male,Yes,DSL,No,Month-to-month,Yes,Electronic check,55.25,55.25,No
5879-HMFFH,Female,Yes,DSL,Yes,Two year,No,Bank transfer (automatic),88.05,6520.8,No
6772-WFQRD,,Yes,,,One year,Yes,Bank transfer (automatic),,854.9,No
3810-DVDQQ,Female,Yes,Fiber optic,Yes,Two year,Yes,Bank transfer (automatic),117.6,8308.9,No
6972-SNKKW,Female,Yes,No,No internet service,Month-to-month,No,Mailed check,20,109.2,No
3694-GLTJM,,Yes,,,Month-to-month,Yes,Credit card (automatic),,92.05,No
8550-XSXUQ,Male,Yes,DSL,,One year,Yes,Credit card (automatic),,3420.5,No
8149-RSOUN,Female,Yes,Fiber optic,Yes,Month-to-month,Yes,Electronic check,93.85,93.85,Yes
9055-MOJJJ,Female,Yes,DSL,Yes,One year,No,Mailed check,65.8,4068,No
4359-INNWN,Female,Yes,No,No internet service,One year,No,Credit card (automatic),20.05,337.9,No
0585-EGDDA,Male,Yes,Fiber optic,No,Month-to-month,Yes,Electronic check,80,3168.75,No
4032-RMHCI,Female,No,DSL,No,One year,No,Credit card (automatic),35.4,1412.4,No
0549-CYCQN,Male,Yes,Fiber optic,No,One year,Yes,Bank transfer (automatic),79.6,3974.7,No
3481-JHUZH,Male,Yes,Fiber optic,No,Month-to-month,Yes,Electronic check,80.25,3439,No
7250-EQKIY,Female,Yes,DSL,No,Month-to-month,No,Mailed check,50.45,50.45,Yes
3594-IVHJZ,,Yes,,,Month-to-month,Yes,Mailed check,,42.45,No
6869-FGJJC,,Yes,,,One year,No,Credit card (automatic),,5461.45,No
3896-ZVNET,Female,Yes,No,No internet service,Two year,No,Mailed check,24.7,571.75,No
8205-VSLRB,Male,Yes,DSL,No,Two year,No,Credit card (automatic),77.3,5498.2,No
5960-MVTUK,,No,,,Month-to-month,Yes,Electronic check,,96.85,No
6817-WTYHE,Male,Yes,DSL,No,Month-to-month,No,Bank transfer (automatic),44.9,111.05,No
3082-VQXNH,Male,No,DSL,No,Month-to-month,No,Credit card (automatic),29.8,94.4,No
4013-UBXWQ,Female,Yes,DSL,Yes,Month-to-month,Yes,Electronic check,74.65,521.1,Yes
4931-TRZWN,Female,Yes,DSL,Yes,Month-to-month,Yes,Electronic check,71.95,923.85,No
0750-EKNGL,Male,Yes,No,No internet service,Month-to-month,No,Mailed check,20.75,141.1,No
7669-LCRSD,Male,Yes,DSL,Yes,Month-to-month,Yes,Mailed check,56.3,628.65,No
3567-PQTSO,Male,Yes,Fiber optic,Yes,One year,Yes,Electronic check,105.25,5576.3,No
5519-NPHVG,Female,Yes,Fiber optic,Yes,Month-to-month,Yes,Electronic check,94.2,1046.1,Yes
8043-PNYSD,Male,Yes,No,No internet service,Two year,No,Mailed check,19.55,1245.6,No
9938-EKRGF,Female,Yes,DSL,Yes,Month-to-month,No,Mailed check,84.45,1287.85,No
2703-AMTUL,Male,Yes,DSL,No,One year,No,Mailed check,53.65,1939.35,No
0928-JMXNP,Male,No,DSL,No,Month-to-month,Yes,Electronic check,29.9,118.25,No
8173-RXAYP,Female,Yes,No,No internet service,Two year,No,Mailed check,19.7,452.55,No
4825-XJGDM,Female,No,DSL,No,One year,No,Credit card (automatic),43.7,2696.55,No
5402-HTOTQ,Male,Yes,DSL,No,Month-to-month,No,Electronic check,55.3,875.35,No
6734-JDTTV,Male,Yes,No,No internet service,Two year,Yes,Credit card (automatic),19.85,1267.05,No
7850-THJMU,,Yes,,,Two year,No,Credit card (automatic),,494.9,No
3890-RTCMS,Male,Yes,DSL,No,Month-to-month,Yes,Mailed check,49.45,799,No
8849-GYOKR,,Yes,,,One year,No,Bank transfer (automatic),,5763.3,Yes
3148-BLQJT,Male,Yes,No,No internet service,Month-to-month,No,Mailed check,20.1,20.1,Yes
3717-FDJFU,Male,Yes,No,No internet service,Two year,No,Mailed check,20.45,106.9,No
3665-JATSN,Female,No,DSL,No,Month-to-month,Yes,Electronic check,39.7,710.05,No
7966-YOTQW,,Yes,,,Month-to-month,Yes,Credit card (automatic),,568.2,No
0461-CVKMU,Female,Yes,Fiber optic,No,Month-to-month,No,Electronic check,83.8,1900.25,Yes
8806-EAGWC,Male,Yes,DSL,Yes,Month-to-month,No,Mailed check,55.15,159.15,Yes
8853-TZDGH,Female,Yes,Fiber optic,Yes,Two year,Yes,Bank transfer (automatic),111.6,8012.75,No
7779-LGOVN,Male,Yes,Fiber optic,No,Month-to-month,Yes,Electronic check,86.65,856.65,Yes
4324-BZCKL,Female,Yes,DSL,No,Month-to-month,Yes,Mailed check,55.55,551.3,No
6924-TDGMT,Male,Yes,No,No internet service,One year,Yes,Mailed check,20.55,184.95,No
9710-ZUSHQ,Female,Yes,Fiber optic,Yes,Month-to-month,Yes,Bank transfer (automatic),106.75,4056.75,Yes
1536-YHDOE,Male,Yes,DSL,No,One year,Yes,Mailed check,62.1,1096.65,No
8123-QBNAZ,Female,Yes,Fiber optic,Yes,Month-to-month,Yes,Credit card (automatic),104.5,3684.95,No
3629-ZNKXA,,Yes,,,Month-to-month,Yes,Electronic check,,1752.45,No
4827-LTQRJ,Female,Yes,Fiber optic,Yes,One year,Yes,Credit card (automatic),110.6,7210.85,No
7711-YIJWC,,Yes,,,One year,No,Bank transfer (automatic),,5264.5,No
5482-VXSXJ,Male,Yes,Fiber optic,Yes,Month-to-month,Yes,Mailed check,93.2,2157.3,No
7365-BVCJH,Male,No,DSL,No,Month-to-month,Yes,Electronic check,24.4,24.4,No
9620-ENEJV,Female,Yes,Fiber optic,No,Month-to-month,No,Credit card (automatic),70.55,433.95,No
4183-WCSEP,Male,Yes,Fiber optic,,Month-to-month,Yes,Electronic check,,2435.15,Yes
2378-YIZKA,Female,Yes,DSL,Yes,Two year,Yes,Credit card (automatic),85,5607.75,No
5498-TXHLF,,Yes,,,Month-to-month,No,Electronic check,,2874.15,Yes
0689-DSXGL,,Yes,,,Month-to-month,No,Bank transfer (automatic),,4433.3,No
6818-DJXAA,Female,Yes,Fiber optic,Yes,Month-to-month,Yes,Electronic check,91.1,964.35,No
9722-UJOJR,Male,Yes,Fiber optic,No,Month-to-month,Yes,Electronic check,70.75,1974.8,Yes
0464-WJTKO,Female,Yes,No,No internet service,Two year,No,Bank transfer (automatic),20.1,1460.85,No
8902-ZEOVF,Male,Yes,No,No internet service,One year,No,Mailed check,20.05,951.55,No
6778-EICRF,Male,Yes,DSL,Yes,One year,No,Mailed check,74.8,1821.2,No
2662-NNTDK,Male,Yes,,,One year,No,Credit card (automatic),,1600.95,No
4132-KALRO,,Yes,,,Month-to-month,Yes,Mailed check,,399.25,No
3902-FOIGH,Male,Yes,Fiber optic,Yes,Month-to-month,Yes,Electronic check,101.35,1218.55,Yes
6772-KSATR,Male,Yes,Fiber optic,No,Month-to-month,Yes,Electronic check,81.7,81.7,Yes
7112-OPOTK,Male,Yes,Fiber optic,No,Month-to-month,No,Electronic check,68.25,2171.15,Yes
2874-YXVVA,Female,Yes,Fiber optic,Yes,Month-to-month,Yes,Electronic check,105.1,3634.8,No
1245-HARPS,Female,Yes,No,No internet service,Two year,No,Mailed check,20.4,292.4,No
4210-QFJMF,,Yes,,,Month-to-month,Yes,Electronic check,,317.25,Yes
4323-ELYYB,,Yes,,,One year,No,Mailed check,,218.55,No
4293-ETKAP,Female,Yes,DSL,Yes,Two year,Yes,Bank transfer (automatic),79.4,5071.9,No
6064-PUPMC,Male,Yes,DSL,No,One year,No,Credit card (automatic),57.2,1423.35,No
6504-VBLFL,Male,Yes,DSL,No,Two year,No,Electronic check,58.6,3068.6,No
6322-PJJDJ,Male,Yes,Fiber optic,Yes,Two year,Yes,Electronic check,94.8,4690.65,No
0330-BGYZE,Male,Yes,Fiber optic,,One year,No,Bank transfer (automatic),,6157.6,No
1085-LDWAM,Female,Yes,No,No internet service,One year,Yes,Credit card (automatic),20.35,1442.65,No
7586-ZATGZ,Male,Yes,Fiber optic,Yes,Month-to-month,Yes,Electronic check,84.9,3369.05,No
7197-VOJMM,,Yes,,,Two year,Yes,Credit card (automatic),,4671.65,No
3318-OSATS,Male,Yes,Fiber optic,Yes,Month-to-month,Yes,Electronic check,95.45,3474.05,Yes
5828-AVIPD,Male,Yes,Fiber optic,Yes,One year,Yes,Electronic check,100.95,1875.55,Yes
1843-TLSGD,Female,Yes,No,No internet service,Two year,No,Mailed check,20.85,272.35,No
9626-VFRGG,,Yes,,,Month-to-month,Yes,Bank transfer (automatic),,3645.05,No
7075-BNDVQ,Female,No,,,Month-to-month,No,Mailed check,,135.75,No
9143-CANJF,Female,Yes,DSL,No,Month-to-month,No,Electronic check,55.15,1319.85,No
7284-BUYEC,Female,No,DSL,Yes,Month-to-month,Yes,Credit card (automatic),50.95,229.4,No
2041-JIJCI,Female,Yes,DSL,No,Month-to-month,Yes,Electronic check,64,370.25,No
1086-LXKFY,Female,Yes,Fiber optic,No,Month-to-month,Yes,Mailed check,69.1,69.1,Yes
4900-MSOMT,,Yes,,,Two year,No,Bank transfer (automatic),,5714.2,No
2229-VWQJH,Female,Yes,DSL,No,Month-to-month,Yes,Credit card (automatic),49.3,1233.25,No
9194-GFVOI,Female,Yes,DSL,Yes,Two year,No,Credit card (automatic),84.35,3571.6,No
1336-EZFZY,Female,Yes,No,No internet service,Month-to-month,No,Mailed check,20.05,83.3,No
4282-MSACW,,Yes,,,One year,Yes,Credit card (automatic),,8035.95,No
1403-LKLIK,Female,Yes,No,No internet service,One year,No,Mailed check,20.1,579.4,No
2636-ALXXZ,Female,Yes,Fiber optic,No,Month-to-month,Yes,Electronic check,69.6,69.6,Yes
7774-OJSXI,Male,Yes,Fiber optic,Yes,One year,Yes,Electronic check,103.45,3066.45,Yes
7786-WBJYI,Female,Yes,Fiber optic,No,Month-to-month,No,Bank transfer (automatic),77.95,305.55,Yes
0136-IFMYD,Male,Yes,Fiber optic,Yes,Two year,Yes,Electronic check,109.95,7634.25,No
5144-TVGLP,,Yes,,,Month-to-month,No,Electronic check,,3653,No
9643-AVVWI,Female,Yes,Fiber optic,,Month-to-month,Yes,Electronic check,,241.3,No
0253-ZTEOB,Female,Yes,DSL,Yes,Two year,No,Electronic check,79.65,3870.3,No
2706-QZIHY,,Yes,,,Two year,No,Mailed check,,387.9,No
6061-PQHMK,Female,Yes,No,No internet service,One year,No,Credit card (automatic),19.9,527.5,No
9885-CSMWE,Female,Yes,Fiber optic,Yes,Month-to-month,No,Electronic check,78.45,78.45,Yes
6137-MFAJN,Female,No,DSL,Yes,Month-to-month,Yes,Electronic check,44.8,2104.55,No
9122-UMROB,Male,Yes,No,No internet service,Month-to-month,No,Mailed check,20.3,20.3,No
4232-JGKIY,Male,Yes,No,,Month-to-month,No,Electronic check,,19.2,No
2402-TAIRZ,Female,Yes,Fiber optic,No,One year,No,Electronic check,80.05,3019.1,No
9659-ZTWSM,Male,Yes,Fiber optic,Yes,One year,Yes,Bank transfer (automatic),107.35,7051.95,No
9139-TWBAS,Female,No,DSL,,One year,No,Bank transfer (automatic),,1190.5,No
6685-GBWJZ,Male,Yes,DSL,,One year,No,Credit card (automatic),,4448.8,No
5016-ETTFF,Male,No,DSL,No,Month-to-month,No,Mailed check,29.5,255.25,Yes
3866-MDTUB,,Yes,,,Month-to-month,Yes,Electronic check,,146.9,Yes
2195-VVRJF,,Yes,,,Month-to-month,Yes,Credit card (automatic),,1011.05,No
3913-RDSJZ,Female,Yes,No,No internet service,Two year,No,Mailed check,25.55,1714.95,No
8058-JMEQO,Female,Yes,Fiber optic,No,Month-to-month,Yes,Electronic check,84.45,762.5,Yes
4203-QGNZA,Female,Yes,No,No internet service,Month-to-month,No,Mailed check,20.25,535.35,No
5043-TRZWM,Female,Yes,Fiber optic,No,Month-to-month,No,Electronic check,75.55,75.55,No
0697-ZMSWS,Male,Yes,Fiber optic,No,Month-to-month,Yes,Electronic check,85.65,338.9,Yes
7657-DYEPJ,Male,Yes,DSL,Yes,One year,Yes,Credit card (automatic),70.15,2497.35,Yes
9494-BDNNC,Male,Yes,Fiber optic,No,One year,No,Electronic check,95.3,6273.4,No
1640-PLFMP,,Yes,,,Month-to-month,Yes,Electronic check,,70.25,No
5366-OBVMR,Female,Yes,DSL,No,Month-to-month,Yes,Mailed check,50.3,908.75,No
8276-MQBYC,Male,Yes,Fiber optic,Yes,Month-to-month,Yes,Electronic check,97.8,4913.3,Yes
7644-OMVMY,Male,Yes,No,No internet service,Two year,No,Mailed check,19.85, ,No
7593-XFKDI,,Yes,,,Month-to-month,No,Mailed check,,46.3,Yes
4573-JKNAE,Male,Yes,No,No internet service,Two year,No,Bank transfer (automatic),19.35,212.3,No
0337-CNPZE,Female,Yes,Fiber optic,Yes,Month-to-month,Yes,Electronic check,106.3,4443.45,Yes
9817-APLHW,Male,Yes,No,No internet service,Month-to-month,No,Electronic check,25,316.2,No
8380-MQINP,Female,Yes,No,No internet service,Two year,No,Mailed check,20.3,1079.05,No
0840-DFEZH,Female,Yes,Fiber optic,No,Month-to-month,Yes,Electronic check,75.35,564.65,No
1513-XNPPH,Female,Yes,Fiber optic,No,Month-to-month,Yes,Electronic check,89.4,1095.65,Yes
8690-ZVLCL,Female,Yes,DSL,Yes,Two year,No,Credit card (automatic),88,6161.9,No
6015-VVHHE,Female,Yes,Fiber optic,Yes,Month-to-month,Yes,Credit card (automatic),83.15,446.05,Yes
1125-SNVCK,Female,Yes,DSL,No,Month-to-month,No,Mailed check,43.8,2106.05,No
0384-LPITE,Male,No,DSL,Yes,One year,No,Credit card (automatic),62.05,2511.55,No
4616-EWBNJ,Female,Yes,No,No internet service,One year,No,Bank transfer (automatic),20.1,318.6,No
6347-DCUIK,Male,Yes,Fiber optic,No,Month-to-month,Yes,Mailed check,74.15,811.8,Yes
1335-HQMKX,Female,Yes,Fiber optic,Yes,One year,Yes,Electronic check,101.35,7323.15,No
2545-EBUPK,,Yes,,,Month-to-month,Yes,Electronic check,,186.05,No
6923-AQONU,,Yes,,,Two year,No,Mailed check,,454,No
2172-EJXVF,Female,Yes,Fiber optic,Yes,One year,Yes,Electronic check,105.9,7521.95,No
0897-FEGMU,Female,Yes,Fiber optic,Yes,Month-to-month,Yes,Electronic check,99.5,1056.95,Yes
7663-RGWBC,Male,Yes,DSL,No,Month-to-month,Yes,Mailed check,44.15,44.15,Yes
1120-BMWUB,Female,Yes,DSL,No,Month-to-month,Yes,Mailed check,53.9,834.15,Yes
9124-LHCJQ,,Yes,,,Month-to-month,Yes,Mailed check,,85.45,Yes
4536-PLEQY,Male,Yes,Fiber optic,No,Month-to-month,Yes,Credit card (automatic),85.05,999.8,No
7029-IJEJK,Female,No,DSL,No,One year,No,Bank transfer (automatic),44.1,2369.7,No
8871-JLMHM,Female,Yes,Fiber optic,No,Two year,No,Credit card (automatic),90.2,6297.65,No
2235-ZGKPT,Female,Yes,DSL,No,Month-to-month,No,Mailed check,50.85,239.55,Yes
3891-PUQOD,Female,Yes,DSL,No,Month-to-month,No,Electronic check,59.2,59.2,Yes
5447-VYTKW,Male,Yes,DSL,No,Month-to-month,No,Mailed check,53.45,1461.45,No
3623-FQBOX,Male,Yes,No,No internet service,Month-to-month,Yes,Mailed check,19.95,416.4,No
0689-NKYLF,,Yes,,,Month-to-month,Yes,Electronic check,,1060.6,Yes
8659-HDIYE,Female,Yes,DSL,No,Month-to-month,No,Credit card (automatic),74.65,4869.35,No
3658-KIBGF,,Yes,,,Month-to-month,Yes,Electronic check,,54.9,Yes
3474-BAFSJ,Male,No,DSL,Yes,Two year,Yes,Bank transfer (automatic),57.5,3265.95,No
5519-YLDGW,Female,Yes,Fiber optic,Yes,Month-to-month,Yes,Electronic check,103.9,2254.2,Yes
3865-ZFZIB,Male,Yes,No,No internet service,Two year,No,Mailed check,19.65,358.15,No
1855-AGAWH,Male,Yes,Fiber optic,,One year,Yes,Electronic check,,2939.8,No
7109-CQYUZ,Male,Yes,DSL,Yes,Two year,Yes,Mailed check,89.25,4652.4,No
1370-GGAWX,Female,Yes,Fiber optic,No,One year,Yes,Electronic check,94.15,4408.45,No
4680-KUTAJ,Female,Yes,DSL,No,Month-to-month,Yes,Electronic check,55.6,580.8,No
5307-UVGNB,Female,No,DSL,,Month-to-month,Yes,Bank transfer (automatic),,2495.2,No
4946-EDSEW,Female,Yes,No,No internet service,Month-to-month,Yes,Mailed check,19.25,180.3,Yes
2883-ILGWO,Male,Yes,Fiber optic,Yes,Month-to-month,Yes,Bank transfer (automatic),104.9,5913.95,No
2516-VQRRV,Female,Yes,Fiber optic,No,Month-to-month,Yes,Mailed check,75.45,158.4,Yes
7580-UGXNC,Female,Yes,DSL,No,Month-to-month,No,Mailed check,54.85,104.2,Yes
3642-BYHDO,Female,Yes,No,No internet service,Two year,No,Bank transfer (automatic),19.9,1389.35,No
9629-NHXFW,Female,Yes,No,No internet service,Month-to-month,Yes,Mailed check,19.4,19.4,No
2696-RZVZW,Male,Yes,No,No internet service,Two year,No,Credit card (automatic),25.05,1629.2,No
5766-FTRTS,Male,Yes,DSL,Yes,Two year,No,Mailed check,84.45,6033.1,No
0396-HUJBP,Female,Yes,No,,Month-to-month,No,Mailed check,,44.4,No
5178-LMXOP,Male,Yes,Fiber optic,Yes,Month-to-month,Yes,Electronic check,95.1,95.1,Yes
8879-ZKJOF,,Yes,,,One year,Yes,Bank transfer (automatic),,3320.75,No
6285-FTQBF,Male,Yes,No,No internet service,Two year,No,Credit card (automatic),25.55,1867.7,No
8185-UPYBR,Male,Yes,Fiber optic,No,Month-to-month,Yes,Electronic check,75.5,438,Yes
4585-HETAI,Female,Yes,Fiber optic,No,Month-to-month,Yes,Electronic check,73.75,325.45,Yes
7526-BEZQB,Male,Yes,Fiber optic,Yes,Month-to-month,Yes,Electronic check,96.05,1148.1,Yes
1474-JUWSM,Female,Yes,,,One year,Yes,Electronic check,,3972.25,No
3530-CRZSB,Female,Yes,No,No internet service,Month-to-month,No,Mailed check,20.65,155.9,No
8498-XXGWA,Female,Yes,,,Month-to-month,Yes,Mailed check,,3673.15,No
9617-INGJY,Male,Yes,Fiber optic,No,Month-to-month,Yes,Mailed check,70.6,70.6,No
0621-TSSMU,Male,Yes,No,No internet service,One year,No,Credit card (automatic),19.95,1126.75,No
7234-KMNRQ,Male,Yes,No,No internet service,Month-to-month,No,Mailed check,19,73.45,No
7636-PEPNS,Female,Yes,DSL,No,One year,Yes,Mailed check,44.1,2413.05,No
4683-WYDOU,Male,Yes,Fiber optic,,Two year,Yes,Bank transfer (automatic),,6912.7,No
9052-DHNKM,Male,Yes,DSL,No,One year,No,Electronic check,61.55,1581.95,No
6794-HKIAJ,Male,Yes,,,Month-to-month,No,Bank transfer (automatic),,5586.45,No
5578-NKCXI,Female,Yes,Fiber optic,Yes,One year,No,Credit card (automatic),99.25,5846.65,No
1642-HMARX,Female,Yes,DSL,Yes,Two year,Yes,Electronic check,91.7,6424.7,No
3096-WPXBT,Female,Yes,Fiber optic,No,One year,Yes,Credit card (automatic),100.7,6018.65,No
8434-PNQZX,,Yes,,,Two year,Yes,Credit card (automatic),,3373.4,No
5950-AAAGJ,Male,Yes,Fiber optic,Yes,Month-to-month,No,Bank transfer (automatic),84.3,1537.9,No
4299-OPXEJ,Female,Yes,No,No internet service,Two year,Yes,Bank transfer (automatic),19.55,1080.55,No
4951-UKAAQ,Female,Yes,Fiber optic,No,Month-to-month,Yes,Electronic check,88.95,355.2,Yes
9618-LFJRU,Female,Yes,No,No internet service,Month-to-month,No,Credit card (automatic),20.45,82.85,No
6693-DJWTY,Female,Yes,DSL,,One year,No,Credit card (automatic),,2016.45,No
0744-GKNGE,Female,Yes,Fiber optic,No,Month-to-month,Yes,Bank transfer (automatic),86.8,5327.25,No
6447-EGDIV,,Yes,,,One year,No,Mailed check,,683.25,No
1167-OYZJF,Female,Yes,,,Two year,Yes,Bank transfer (automatic),,1263.05,No
2108-YKQTY,Female,Yes,DSL,No,Month-to-month,No,Credit card (automatic),50.7,151.3,Yes
4806-DXQCE,Female,Yes,Fiber optic,Yes,Two year,Yes,Electronic check,113.65,7714.65,No
4918-QLLIW,Male,Yes,DSL,Yes,Month-to-month,No,Credit card (automatic),53.4,188.7,Yes
7056-IMHCC,Male,Yes,Fiber optic,Yes,Month-to-month,Yes,Electronic check,101.9,5549.4,Yes
4854-SSLTN,,Yes,,,Two year,No,Mailed check,,130.5,No
5294-DMSFH,Female,Yes,Fiber optic,Yes,Month-to-month,Yes,Credit card (automatic),87.8,2621.75,No
4837-PZTIC,Female,No,DSL,,Two year,No,Mailed check,,1875.25,No
1625-JAIIY,Female,Yes,Fiber optic,Yes,One year,Yes,Electronic check,83,5685.8,Yes
0603-OLQDC,Male,Yes,DSL,Yes,Month-to-month,Yes,Mailed check,69.85,837.5,No
3272-VUHPV,Female,Yes,DSL,No,Month-to-month,No,Bank transfer (automatic),56.3,401.5,No
4176-FXYBO,Male,Yes,Fiber optic,Yes,Month-to-month,No,Electronic check,109.55,6118.95,No
1063-DHQJF,Male,Yes,Fiber optic,Yes,Two year,Yes,Mailed check,92.15,6480.9,No
8663-UPDGF,Female,Yes,DSL,Yes,Month-to-month,Yes,Bank transfer (automatic),69.5,1800.05,No
6719-FGEDO,Female,Yes,Fiber optic,No,Two year,Yes,Bank transfer (automatic),97,7104.2,No
1837-YQUCE,,No,,,Two year,Yes,Bank transfer (automatic),,4214.25,No
2947-DOMLJ,Male,Yes,DSL,No,Month-to-month,No,Mailed check,50.6,50.6,Yes
4112-LUEIZ,Male,Yes,Fiber optic,Yes,Month-to-month,Yes,Electronic check,89.5,863.1,Yes
0369-ZGOVK,,Yes,,,One year,Yes,Bank transfer (automatic),,1992.2,No
4510-HIMLV,Male,Yes,Fiber optic,No,Month-to-month,Yes,Electronic check,69.8,69.8,Yes
9919-KNPOO,Female,Yes,Fiber optic,Yes,Month-to-month,Yes,Electronic check,94.3,1948.35,No
8749-JMNKX,Male,Yes,Fiber optic,Yes,Month-to-month,Yes,Bank transfer (automatic),93.8,4750.95,Yes
7872-BAAZR,Female,Yes,No,No internet service,One year,No,Bank transfer (automatic),19.55,1007.9,No
9391-LMANN,Male,Yes,Fiber optic,No,One year,No,Electronic check,95.95,5036.9,No
2430-USGXP,,Yes,,,Month-to-month,Yes,Electronic check,,2391.8,Yes
8174-TBVCF,Female,Yes,DSL,Yes,Two year,Yes,Credit card (automatic),94.8,6859.05,No
1698-XFZCI,,Yes,,,One year,Yes,Electronic check,,6521.9,No
1877-HKBQX,Female,Yes,DSL,No,One year,Yes,Mailed check,54.6,617.85,No
4450-DLLMH,Male,Yes,Fiber optic,No,Month-to-month,Yes,Credit card (automatic),71.3,157.75,No
0428-AXXLJ,Male,Yes,No,No internet service,One year,Yes,Bank transfer (automatic),19.5,516.3,No
2746-DIJLO,,Yes,,,One year,Yes,Credit card (automatic),,2364,No
5955-ERIHD,Male,Yes,,,Month-to-month,Yes,Electronic check,,1687.95,Yes
0917-EZOLA,Male,Yes,,,Two year,Yes,Bank transfer (automatic),,7689.95,Yes
3508-VLHCZ,Female,Yes,DSL,Yes,Two year,Yes,Credit card (automatic),90.55,6239.05,No
4086-ATNFV,Female,Yes,DSL,No,One year,Yes,Mailed check,60.8,2042.05,No
0468-YRPXN,Male,Yes,Fiber optic,Yes,Month-to-month,Yes,Credit card (automatic),98.8,2807.1,No
5996-NRVXR,Male,Yes,Fiber optic,Yes,One year,Yes,Credit card (automatic),98.15,4116.8,No
3739-YBWAB,Male,No,DSL,No,One year,No,Mailed check,35.35,1317.95,No
7047-FWEYA,Female,Yes,Fiber optic,Yes,One year,Yes,Electronic check,103.15,4594.65,No
2000-MPKCA,Female,Yes,Fiber optic,Yes,One year,Yes,Electronic check,107.75,6332.75,No
9762-YAQAA,Male,Yes,Fiber optic,No,One year,No,Credit card (automatic),81.4,3213.75,No
5949-EBSQK,Male,Yes,DSL,No,Month-to-month,No,Credit card (automatic),61.45,229.55,Yes
5473-KHBPS,Female,Yes,Fiber optic,Yes,One year,Yes,Credit card (automatic),95.7,4976.15,No
0100-DUVFC,Male,Yes,Fiber optic,Yes,One year,Yes,Electronic check,104.8,7308.95,No
5397-TUPSH,Male,Yes,Fiber optic,No,One year,Yes,Bank transfer (automatic),70.95,4555.2,No
8950-MTZNV,Male,Yes,DSL,No,Month-to-month,Yes,Mailed check,44.95,44.95,No
0326-VDYXE,Female,Yes,Fiber optic,Yes,One year,Yes,Electronic check,97.65,6982.5,No
6773-LQTVT,Female,No,,,Month-to-month,Yes,Mailed check,,1025.15,No
7274-RTAPZ,Male,Yes,Fiber optic,Yes,Month-to-month,Yes,Electronic check,90.55,90.55,Yes
0436-TWFFZ,Female,Yes,DSL,Yes,Two year,Yes,Mailed check,85.25,5714.2,No
8566-YPRGL,Female,Yes,No,No internet service,Month-to-month,Yes,Mailed check,19.5,19.5,No
0311-UNPFF,,Yes,,,Month-to-month,Yes,Bank transfer (automatic),,2274.35,Yes
6609-MXJHJ,Female,Yes,No,No internet service,Two year,Yes,Mailed check,25.1,789.55,No
2669-OIDSD,,Yes,,,Month-to-month,Yes,Credit card (automatic),,4834,No
8400-WZICQ,Female,Yes,DSL,No,Month-to-month,No,Electronic check,55.7,3131.8,No
3834-XUIFC,Male,Yes,Fiber optic,No,Month-to-month,Yes,Mailed check,85.2,602.55,Yes
9576-SYUHJ,Male,Yes,Fiber optic,,Month-to-month,Yes,Electronic check,,3369.25,No
0410-IPFTY,,Yes,,,Month-to-month,Yes,Bank transfer (automatic),,2674.15,No
2831-EBWRN,Male,Yes,DSL,No,Month-to-month,Yes,Electronic check,45.9,199.75,No
9430-NKQLY,Male,Yes,No,No internet service,Two year,Yes,Credit card (automatic),25.1,1790.8,No
8414-MYSHR,Male,Yes,Fiber optic,,Month-to-month,Yes,Electronic check,,449.75,Yes
0247-SLUJI,Male,Yes,No,No internet service,Month-to-month,No,Mailed check,19.7,19.7,No
9402-ORRAH,,Yes,,,Month-to-month,Yes,Electronic check,,1400.3,No
6483-OATDN,Male,Yes,DSL,No,Month-to-month,Yes,Credit card (automatic),51.3,411.6,No
1293-HHSHJ,Female,Yes,No,No internet service,One year,No,Mailed check,21.1,741,No
4840-ORQXB,Female,Yes,Fiber optic,Yes,Month-to-month,No,Electronic check,104.75,5841.35,No
7599-FKVXZ,Male,Yes,Fiber optic,Yes,Month-to-month,Yes,Bank transfer (automatic),106.15,4512.7,Yes
3982-DQLUS,Male,Yes,Fiber optic,No,Month-to-month,Yes,Electronic check,85.75,5688.45,No
8610-ZIKJJ,Female,Yes,No,No internet service,One year,No,Mailed check,20.3,31.9,No
3756-VNWDH,Male,Yes,Fiber optic,Yes,One year,Yes,Electronic check,100.75,6674.65,No
7801-KICAO,Female,Yes,Fiber optic,No,Month-to-month,Yes,Electronic check,74.15,1345.75,No
7673-LPRNY,,Yes,,,One year,Yes,Electronic check,,1843.05,No
8229-TNIQA,Female,Yes,DSL,,Month-to-month,Yes,Mailed check,,196.95,Yes
6060-QBMGV,,Yes,,,Two year,No,Credit card (automatic),,1433.8,No
7339-POGZN,Female,Yes,DSL,No,Month-to-month,No,Electronic check,50.7,214.55,No
2828-SLQPF,Male,Yes,DSL,No,Month-to-month,Yes,Bank transfer (automatic),45,865.85,No
4465-VDKIQ,Female,Yes,,,Month-to-month,No,Electronic check,,1358.6,No
2921-XWDJH,,Yes,,,Month-to-month,Yes,Electronic check,,3147.15,No
6221-AVQYL,Male,Yes,Fiber optic,No,Month-to-month,Yes,Credit card (automatic),73.25,131.05,Yes
2558-BUOZZ,Male,Yes,Fiber optic,Yes,One year,No,Bank transfer (automatic),94.8,4535.85,No
9257-AZMTZ,Female,Yes,No,No internet service,Two year,No,Bank transfer (automatic),20.1,1078.75,No
0003-MKNFE,Male,Yes,DSL,No,Month-to-month,No,Mailed check,59.9,542.4,No
0975-UYDTX,Female,Yes,DSL,Yes,One year,Yes,Credit card (automatic),90.1,2312.55,No
7743-EXURX,Male,Yes,DSL,No,Month-to-month,Yes,Electronic check,51.05,415.05,Yes
4682-BLBUC,Male,Yes,DSL,Yes,One year,Yes,Electronic check,70.95,3250.45,No
0975-VOOVL,Female,No,DSL,No,Month-to-month,No,Mailed check,29.2,98.5,No
5968-VXZLG,Male,Yes,DSL,No,Month-to-month,Yes,Bank transfer (automatic),46.6,87.9,No
5569-KGJHX,,Yes,,,Month-to-month,Yes,Bank transfer (automatic),,754.65,Yes
4988-IQIGL,Male,Yes,Fiber optic,No,Month-to-month,Yes,Electronic check,75.35,75.35,Yes
5201-FRKKS,Male,Yes,Fiber optic,No,Month-to-month,No,Bank transfer (automatic),74.3,1952.25,No
9799-CAYJJ,Female,Yes,Fiber optic,No,Month-to-month,Yes,Electronic check,69.3,153.8,No
7730-IUTDZ,Male,Yes,Fiber optic,No,Month-to-month,Yes,Electronic check,75.2,3198.6,Yes
0426-TIRNE,Female,Yes,No,No internet service,Month-to-month,No,Mailed check,20.9,20.9,Yes
5443-SCMKX,Female,Yes,Fiber optic,No,One year,Yes,Electronic check,94.3,5610.15,No
8295-KMENE,Female,Yes,DSL,Yes,Two year,Yes,Mailed check,76.45,4519.5,No
6738-ISCBM,Male,No,DSL,Yes,One year,Yes,Electronic check,54,2440.25,No
9821-BESNZ,Male,Yes,Fiber optic,Yes,One year,Yes,Electronic check,104.25,6860.6,No
3678-MNGZX,,Yes,,,Two year,No,Bank transfer (automatic),,1377.7,No
1335-NTIUC,,No,,,Month-to-month,Yes,Electronic check,,190.25,No
2916-BQZLN,Male,Yes,Fiber optic,No,Month-to-month,Yes,Electronic check,84.75,1651.95,No
4558-CGYCZ,Male,Yes,No,No internet service,Month-to-month,No,Mailed check,19.75,78.3,No
2368-GAKKQ,Female,Yes,Fiber optic,Yes,Two year,Yes,Bank transfer (automatic),113.65,7939.25,No
8710-YGLWG,Male,Yes,DSL,,Month-to-month,Yes,Mailed check,,44.9,No
3199-XGZCY,Female,Yes,Fiber optic,No,Month-to-month,Yes,Electronic check,75.25,576.7,No
3785-KTYSH,Male,Yes,No,No internet service,Two year,No,Mailed check,24.6,1279,No
6814-ZPWFQ,Male,Yes,No,No internet service,One year,No,Bank transfer (automatic),25,1260.7,No
4063-EIKNQ,,Yes,,,Month-to-month,No,Bank transfer (automatic),,267.35,No
6993-YCOBK,Male,Yes,Fiber optic,Yes,Two year,Yes,Electronic check,110.6,6586.85,No
5206-HPJKM,Male,Yes,DSL,No,Month-to-month,Yes,Credit card (automatic),55.5,934.15,No
7587-RZNME,Male,Yes,DSL,No,Month-to-month,Yes,Electronic check,43.3,123.65,Yes
0748-RDGGM,Male,Yes,Fiber optic,Yes,One year,Yes,Bank transfer (automatic),109.5,7534.65,Yes
8393-JMVMB,,Yes,,,Month-to-month,No,Mailed check,,19.45,No
5019-GQVCR,Male,Yes,Fiber optic,Yes,Month-to-month,Yes,Electronic check,84.85,3645.6,No
6036-TTFYU,Female,Yes,No,No internet service,Month-to-month,No,Mailed check,19.6,314.45,No
2550-AEVRU,Female,Yes,DSL,No,One year,No,Electronic check,53.45,3053,No
0969-RGKCU,Male,Yes,No,No internet service,One year,No,Credit card (automatic),19.8,677.05,No
0378-CJKPV,Female,Yes,Fiber optic,Yes,Two year,No,Credit card (automatic),112.1,7965.95,No
4706-AXVKM,Female,Yes,Fiber optic,No,Month-to-month,Yes,Credit card (automatic),84.8,906.85,Yes
5889-JTMUL,Female,Yes,Fiber optic,Yes,Month-to-month,Yes,Electronic check,95.05,4888.7,Yes
9026-RNUJS,Male,Yes,DSL,No,Month-to-month,No,Electronic check,50.35,237.25,Yes
3746-EUBYR,,Yes,,,Month-to-month,Yes,Bank transfer (automatic),,74.6,Yes
2332-EFBJY,Male,Yes,No,No internet service,Month-to-month,Yes,Mailed check,19.7,342.4,Yes
2880-FPNAE,Male,Yes,,,Month-to-month,Yes,Electronic check,,140.1,No
1703-MGIAB,Female,Yes,DSL,Yes,Month-to-month,Yes,Mailed check,69,1108,No
4311-QTTAI,Female,Yes,No,No internet service,One year,No,Credit card (automatic),19.35,295.55,No
9474-PHLYD,Female,Yes,DSL,No,Month-to-month,Yes,Electronic check,59.45,892.65,Yes
4318-RAJVY,Female,Yes,No,No internet service,One year,Yes,Mailed check,19.8,198.25,No
2165-VOEGB,Female,Yes,Fiber optic,Yes,One year,Yes,Bank transfer (automatic),105.2,4822.85,Yes
3612-YUNGG,Male,Yes,Fiber optic,Yes,Two year,Yes,Credit card (automatic),109.2,6741.15,No
2254-DLXRI,Female,Yes,Fiber optic,No,Month-to-month,Yes,Mailed check,79.15,79.15,No
5062-CJJKH,Male,Yes,DSL,No,One year,No,Mailed check,53.65,1355.45,No
9028-LIHRP,Male,Yes,Fiber optic,,Two year,No,Credit card (automatic),,7209,No
2219-MVUSO,Male,Yes,DSL,,Month-to-month,Yes,Mailed check,,438.4,Yes
1053-MXTTK,Female,Yes,,,Two year,Yes,Bank transfer (automatic),,7726.35,No
1530-ZTDOZ,Female,No,DSL,Yes,Month-to-month,No,Bank transfer (automatic),40.65,2070.75,No
1301-LOPVR,Male,No,DSL,No,One year,Yes,Credit card (automatic),55.35,1636.95,No
0853-TWRVK,Male,Yes,Fiber optic,No,Two year,No,Bank transfer (automatic),105.6,7581.5,No
8914-RBTSB,Male,Yes,Fiber optic,Yes,Month-to-month,No,Electronic check,93.8,3019.5,Yes
6212-ATMLK,Female,Yes,Fiber optic,Yes,Month-to-month,Yes,Electronic check,95.7,4729.75,No
8200-LGKSR,Male,Yes,DSL,Yes,Two year,No,Electronic check,83.2,6126.1,No
1568-BEKZM,Male,Yes,DSL,Yes,Two year,No,Credit card (automatic),90.05,6333.4,No
0670-ANMUU,Male,Yes,,,One year,No,Credit card (automatic),,6687.85,No
6897-RWMUB,Male,Yes,DSL,No,Two year,Yes,Bank transfer (automatic),68.05,4158.25,No
0963-ZBDRN,Male,Yes,Fiber optic,,Month-to-month,Yes,Electronic check,,3183.4,Yes
7594-RQHXR,Female,Yes,Fiber optic,,Month-to-month,Yes,Electronic check,,79.6,Yes
6999-CHVCF,Male,Yes,Fiber optic,No,Two year,Yes,Bank transfer (automatic),102.1,7149.35,No
6134-KWTBV,Male,Yes,No,No internet service,Two year,No,Bank transfer (automatic),23.4,1429.65,No
1077-HUUJM,Female,Yes,Fiber optic,No,Month-to-month,Yes,Electronic check,71.05,472.65,No
6331-EWIEB,Male,Yes,Fiber optic,Yes,Month-to-month,Yes,Electronic check,85.25,1734.5,Yes
0895-LNKRC,Male,Yes,No,No internet service,One year,No,Mailed check,19.45,113.5,No
2045-BMBTJ,Female,No,DSL,Yes,Month-to-month,Yes,Bank transfer (automatic),59.45,1884.65,No
8417-GSODA,Male,Yes,Fiber optic,Yes,One year,No,Bank transfer (automatic),92.2,2568.15,No
5171-EPLKN,,Yes,,,Two year,No,Credit card (automatic),,470,No
4452-QIIEB,Male,Yes,DSL,No,Month-to-month,No,Mailed check,43.9,278.4,No
5998-VVEJY,Male,Yes,Fiber optic,No,Month-to-month,Yes,Electronic check,80.5,2088.8,Yes
1624-NALOJ,Male,Yes,Fiber optic,No,Month-to-month,Yes,Electronic check,89.8,502.6,Yes
6741-EGCBI,Male,Yes,Fiber optic,No,Month-to-month,Yes,Credit card (automatic),90.5,2595.85,No
7820-ZYGNY,Male,Yes,Fiber optic,No,One year,No,Credit card (automatic),90.45,5825.5,No
4317-VTEOA,Male,Yes,DSL,No,Month-to-month,Yes,Electronic check,50.75,50.75,Yes
9677-AVKED,Female,Yes,DSL,Yes,One year,Yes,Electronic check,84.6,4449.75,No
1670-SVOWZ,Female,Yes,Fiber optic,,Month-to-month,Yes,Credit card (automatic),,1208.35,Yes
2227-JRSJX,Female,Yes,Fiber optic,Yes,Month-to-month,Yes,Bank transfer (automatic),99.15,1956.4,No
9847-HNVGP,Male,Yes,No,No internet service,One year,No,Mailed check,19.95,310.6,No
6696-YDAYZ,Male,Yes,No,No internet service,Two year,No,Mailed check,20.5,290.55,No
8980-WQFWL,,Yes,,,Month-to-month,Yes,Electronic check,,2096.1,No
1730-ZMAME,Female,Yes,Fiber optic,No,Month-to-month,Yes,Electronic check,79.5,2665,No
6506-EYCNH,,Yes,,,Month-to-month,Yes,Bank transfer (automatic),,543.8,No
4634-JLRJT,Female,Yes,No,,Month-to-month,Yes,Mailed check,,20.35,No
9501-UKKNL,Male,No,DSL,Yes,Month-to-month,Yes,Electronic check,51.7,3005.8,No
2560-QTSBS,Female,Yes,No,No internet service,One year,Yes,Bank transfer (automatic),23.3,1623.15,No
7541-YLXCL,Male,Yes,DSL,No,One year,Yes,Mailed check,65.4,2498.4,Yes
4795-WRNVT,,Yes,,,Month-to-month,No,Mailed check,,2586,No
6080-TCMYC,Male,Yes,Fiber optic,No,Month-to-month,Yes,Electronic check,81.2,3292.3,No
0260-ZDLGK,Female,Yes,DSL,Yes,Month-to-month,Yes,Mailed check,72.9,651.4,Yes
7860-UXCRM,Male,Yes,DSL,Yes,Two year,No,Credit card (automatic),74.5,4674.55,No
6357-JJPQT,Female,Yes,Fiber optic,Yes,Month-to-month,Yes,Electronic check,80.5,232.35,No
2292-XQWSV,Male,No,DSL,Yes,One year,No,Mailed check,60.3,2448.5,No
9552-TGUZV,Male,Yes,Fiber optic,No,Month-to-month,Yes,Mailed check,75,658.1,No
5913-INRQV,Male,Yes,Fiber optic,Yes,One year,No,Mailed check,90.15,3128.8,No
8722-NGNBH,Male,No,DSL,No,Month-to-month,No,Mailed check,40,223.45,Yes
6210-KBBPI,Male,Yes,Fiber optic,Yes,Month-to-month,Yes,Credit card (automatic),99.45,919.4,Yes
9643-YBLUR,Male,Yes,DSL,No,Month-to-month,Yes,Credit card (automatic),69.05,653.95,No
8734-FNWVH,Male,Yes,DSL,No,Month-to-month,No,Bank transfer (automatic),59.7,1825.5,No
9447-YPTBX,Female,Yes,No,No internet service,One year,Yes,Bank transfer (automatic),19.85,943.1,No
0133-BMFZO,Female,Yes,Fiber optic,No,Month-to-month,Yes,Electronic check,86.25,181.65,Yes
6128-CZOMY,,Yes,,,Month-to-month,Yes,Electronic check,,45.65,Yes
9540-JYROE,,Yes,,,Month-to-month,Yes,Mailed check,,551.35,Yes
9026-LHEVG,Female,No,DSL,No,Month-to-month,No,Electronic check,40.75,359.4,No
2260-USTRB,Female,Yes,Fiber optic,No,Month-to-month,Yes,Bank transfer (automatic),70.2,115.95,Yes
3656-TKRVZ,Female,Yes,DSL,No,Month-to-month,No,Electronic check,55.35,165.2,Yes
7011-CVEUC,Male,Yes,Fiber optic,Yes,Month-to-month,Yes,Credit card (automatic),95.7,2338.35,No
6185-TASNN,Male,Yes,DSL,No,Month-to-month,No,Electronic check,46.3,46.3,No
7925-PNRGI,Female,Yes,DSL,Yes,Month-to-month,No,Mailed check,81.3,3541.1,No
8623-TMRBY,Male,Yes,Fiber optic,No,Month-to-month,Yes,Electronic check,84.2,4146.05,Yes
1552-CZCLL,,Yes,,,Month-to-month,No,Credit card (automatic),,1087.25,No
3038-PQIUY,Female,Yes,DSL,No,Month-to-month,Yes,Bank transfer (automatic),66.15,2522.4,No
1501-SGHBW,Male,Yes,DSL,No,Month-to-month,No,Mailed check,45.85,81,Yes
9313-CDOGY,Male,Yes,No,No internet service,Month-to-month,No,Electronic check,19.6,717.3,No
8148-BPLZQ,Male,Yes,DSL,,Month-to-month,Yes,Electronic check,,1734.2,No
2623-DRYAM,,Yes,,,One year,Yes,Electronic check,,7069.3,No
9987-LUTYD,Female,Yes,DSL,No,One year,No,Mailed check,55.15,742.9,No
3208-YPIOE,,Yes,,,Month-to-month,No,Electronic check,,3017.65,Yes
4488-KQFDT,Female,Yes,Fiber optic,Yes,One year,Yes,Electronic check,103.95,6423,No
2612-RANWT,Female,Yes,Fiber optic,Yes,Month-to-month,Yes,Bank transfer (automatic),100.15,1164.3,Yes
5693-PIPCS,Male,Yes,,,Two year,Yes,Credit card (automatic),,4220.35,No
0491-KAPQG,Male,Yes,Fiber optic,No,Month-to-month,Yes,Electronic check,73.7,1558.7,No
1925-LFCZZ,Male,No,DSL,Yes,One year,Yes,Bank transfer (automatic),50.05,2743.45,No
8039-EQPIM,Male,No,DSL,Yes,Two year,No,Bank transfer (automatic),60.25,4055.5,No
6900-PXRMS,,Yes,,,Month-to-month,No,Electronic check,,2710.25,Yes
8707-RMEZH,Female,Yes,Fiber optic,No,One year,No,Credit card (automatic),87.3,6055.55,No
3346-BRMIS,,No,,,Month-to-month,Yes,Electronic check,,810.7,Yes
3209-ZPKFI,Male,Yes,DSL,No,Month-to-month,No,Electronic check,54.25,2538.2,No
6479-VDGRK,Female,Yes,DSL,Yes,Two year,No,Bank transfer (automatic),85.3,6129.2,No
9373-WSLOY,Male,No,DSL,Yes,Month-to-month,Yes,Electronic check,50,1750.85,No
2933-FILNV,Female,No,DSL,,Month-to-month,Yes,Mailed check,,36.55,Yes
3569-JFODW,Female,Yes,DSL,Yes,Two year,No,Credit card (automatic),90.95,6652.45,No
9819-FBNSV,Male,Yes,Fiber optic,No,Month-to-month,Yes,Bank transfer (automatic),72.25,2575.45,No
9544-PYPSJ,Female,Yes,Fiber optic,No,Month-to-month,Yes,Credit card (automatic),96.1,6019.35,No
1591-XWLGB,Female,Yes,No,No internet service,Two year,No,Credit card (automatic),19.85,1379.6,No
0396-UKGAI,,Yes,,,Month-to-month,Yes,Bank transfer (automatic),,1284.2,No
3243-ZHOHY,Female,Yes,No,No internet service,One year,No,Mailed check,20.1,296.15,No
5186-EJEGL,Male,Yes,DSL,Yes,Month-to-month,Yes,Mailed check,69.5,653.25,No
7527-QNRUS,Male,Yes,No,No internet service,Two year,Yes,Mailed check,25.15,412.6,No
9986-BONCE,Female,Yes,No,No internet service,Month-to-month,No,Bank transfer (automatic),20.95,85.5,Yes
2722-JMONI,Female,Yes,DSL,No,Month-to-month,Yes,Electronic check,49.55,49.55,Yes
2203-GHNWN,Female,Yes,Fiber optic,No,Month-to-month,Yes,Mailed check,79.65,1928.7,No
3878-AVSOQ,Female,Yes,Fiber optic,No,Month-to-month,Yes,Electronic check,71.25,71.25,No
3258-SYSWS,Male,Yes,Fiber optic,Yes,Two year,No,Bank transfer (automatic),113.8,7845.8,No
5296-PSYVW,Female,Yes,No,No internet service,Two year,No,Electronic check,24.55,1750.7,No
6319-QSUSR,Female,Yes,No,No internet service,Month-to-month,No,Credit card (automatic),19.7,216.2,No
4083-EUGRJ,Male,Yes,No,No internet service,Month-to-month,No,Mailed check,20.25,178.5,Yes
7579-OOPEC,Female,Yes,DSL,No,Month-to-month,No,Credit card (automatic),50.15,115.1,Yes
0512-FLFDW,,Yes,,,One year,Yes,Credit card (automatic),,6029,No
1771-OADNZ,Male,Yes,Fiber optic,No,Month-to-month,Yes,Electronic check,95.9,2745.2,Yes
0487-CRLZF,Female,Yes,DSL,,Two year,Yes,Bank transfer (automatic),,3721.9,No
2107-FBPTK,Female,Yes,Fiber optic,Yes,Month-to-month,Yes,Electronic check,104.1,3121.1,No
9451-WLYRI,Female,Yes,No,No internet service,One year,No,Credit card (automatic),19.05,990.45,No
8219-VYBVI,Male,Yes,No,No internet service,Two year,No,Mailed check,25,1004.35,No
1991-VOPLL,Female,Yes,No,No internet service,Month-to-month,No,Mailed check,19.05,157.65,No
9738-QLWTP,Male,Yes,Fiber optic,No,One year,No,Electronic check,81.9,3219.75,No
1016-DJTSV,Male,Yes,Fiber optic,No,Month-to-month,Yes,Electronic check,69.7,572.85,No
9419-IPPBE,Female,Yes,Fiber optic,No,One year,Yes,Electronic check,90.15,4554.85,No
0174-QRVVY,Male,Yes,No,No internet service,Two year,No,Credit card (automatic),25.35,1847.55,No
5699-BNCAS,Male,Yes,No,No internet service,Two year,Yes,Mailed check,24.65,1766.75,No
2900-PHPLN,,Yes,,,Two year,Yes,Credit card (automatic),,1462.05,No
0612-RTZZA,Female,No,DSL,No,Month-to-month,No,Electronic check,25.25,25.25,Yes
8106-GWQOK,,No,,,Two year,Yes,Bank transfer (automatic),,2193.2,No
8751-EDEKA,Female,Yes,Fiber optic,No,Month-to-month,No,Credit card (automatic),89.9,2433.5,No
6878-GGDWG,Female,Yes,No,No internet service,Month-to-month,No,Bank transfer (automatic),19.4,641.15,No
4039-PIMHX,Male,Yes,DSL,No,Two year,No,Mailed check,49.8,2398.4,No
8450-LUGUK,Female,Yes,No,No internet service,Two year,Yes,Bank transfer (automatic),24.1,861.85,No
3604-WLABM,,Yes,,,Month-to-month,No,Electronic check,,583,No
0795-GMVQO,Male,Yes,Fiber optic,Yes,One year,No,Credit card (automatic),109.9,7332.4,No
2259-OUUSZ,Male,No,DSL,,One year,Yes,Credit card (automatic),,249.55,No
1142-IHLOO,Female,Yes,Fiber optic,Yes,One year,No,Credit card (automatic),87.55,4475.9,No
6410-LEFEN,,Yes,,,Month-to-month,No,Electronic check,,416.45,Yes
4633-MKHYU,Female,Yes,Fiber optic,Yes,Month-to-month,Yes,Mailed check,88.4,788.6,No
6257-RJOHI,Male,Yes,DSL,No,Month-to-month,Yes,Mailed check,50.8,202.3,No
1545-JFUML,Male,Yes,Fiber optic,Yes,Two year,Yes,Electronic check,99,6994.6,No
3194-ORPIK,Female,Yes,Fiber optic,,Month-to-month,Yes,Bank transfer (automatic),,4116.15,Yes
7826-VVKWT,Female,Yes,Fiber optic,Yes,Two year,Yes,Electronic check,96.55,2263.45,No
1353-GHZOS,,Yes,,,One year,Yes,Bank transfer (automatic),,1374.35,No
2587-EKXTS,Male,Yes,Fiber optic,Yes,Month-to-month,Yes,Electronic check,111.5,4915.15,No
5442-BXVND,Female,Yes,No,No internet service,Month-to-month,No,Bank transfer (automatic),24.25,838.5,No
8816-VXNZD,Female,Yes,Fiber optic,No,Month-to-month,Yes,Electronic check,75.1,75.1,Yes
9378-FXTIZ,Female,Yes,DSL,Yes,One year,Yes,Credit card (automatic),70.15,3715.65,Yes
1723-HKXJQ,Male,Yes,Fiber optic,Yes,Month-to-month,Yes,Electronic check,101.75,4273.45,Yes
7825-GKXMW,Female,Yes,DSL,No,Month-to-month,No,Electronic check,45.8,45.8,Yes
9753-OYLBX,Female,Yes,No,No internet service,Month-to-month,No,Mailed check,20.5,20.5,No
2364-UFROM,Male,Yes,DSL,Yes,One year,No,Electronic check,70.4,2044.75,No
6656-JWRQX,Female,No,DSL,No,Month-to-month,No,Mailed check,30.55,30.55,No
6473-ULUHT,Male,Yes,DSL,Yes,Month-to-month,No,Electronic check,84.9,1398.25,No
1240-KNSEZ,Male,Yes,No,No internet service,Month-to-month,Yes,Mailed check,20.1,20.1,Yes
0836-SEYLU,Male,No,DSL,Yes,Month-to-month,No,Mailed check,40.65,328.95,Yes
4433-JCGCG,Male,Yes,Fiber optic,Yes,Month-to-month,Yes,Electronic check,101,4680.05,Yes
3716-BDVDB,Male,Yes,Fiber optic,No,Month-to-month,Yes,Electronic check,69.1,69.1,Yes
7688-AWMDX,Male,Yes,DSL,No,Two year,No,Bank transfer (automatic),54.5,3778.2,No
2842-BCQGE,Male,Yes,Fiber optic,No,Month-to-month,Yes,Credit card (automatic),75.35,3161.4,No
7244-QWYHG,Male,No,,,One year,Yes,Bank transfer (automatic),,2188.45,No
5899-MQZZL,Female,Yes,Fiber optic,No,Month-to-month,Yes,Mailed check,75,999.45,Yes
6849-OYAMU,Male,Yes,Fiber optic,Yes,One year,No,Bank transfer (automatic),100,1888.65,Yes
5312-UXESG,Female,Yes,Fiber optic,Yes,Month-to-month,No,Bank transfer (automatic),98.05,3990.6,No
9488-HGMJH,Female,Yes,Fiber optic,No,Month-to-month,Yes,Electronic check,71.15,71.15,Yes
6038-GCYEC,Female,No,DSL,Yes,Month-to-month,Yes,Credit card (automatic),54.15,1240.25,Yes
2150-WLKUW,Female,Yes,DSL,Yes,One year,No,Bank transfer (automatic),63.9,2635,No
7159-FVYPK,,Yes,,,Month-to-month,Yes,Bank transfer (automatic),,235,No
7032-LMBHI,Female,Yes,DSL,Yes,One year,No,Bank transfer (automatic),64.65,2347.85,No
1150-WFARN,Female,Yes,Fiber optic,Yes,Two year,Yes,Credit card (automatic),108.75,7156.2,Yes
6088-BXMRG,Female,Yes,Fiber optic,Yes,Month-to-month,Yes,Electronic check,98.85,3089.6,No
3144-AUDBS,Female,Yes,DSL,No,Month-to-month,Yes,Electronic check,49.15,270.8,Yes
4821-SJHJV,Female,Yes,Fiber optic,Yes,Month-to-month,No,Electronic check,89.6,2901.8,No
7346-MEDWM,,Yes,,,Month-to-month,Yes,Electronic check,,4949.1,No
1137-DGOWI,Female,Yes,DSL,No,One year,No,Bank transfer (automatic),70.25,2198.9,No
5616-PRTNT,Male,Yes,No,No internet service,Month-to-month,Yes,Electronic check,19.4,374.5,Yes
3812-LRZIR,Female,Yes,No,No internet service,Two year,No,Electronic check,24.5,761.95,No
4818-QIUFN,Female,Yes,Fiber optic,No,Month-to-month,Yes,Electronic check,79.15,1520.9,Yes
9483-GCPWE,,Yes,,,One year,No,Mailed check,,190.25,No
4227-OJHAL,Female,Yes,DSL,,One year,Yes,Credit card (automatic),,5163,No
9220-CXRSC,Female,Yes,DSL,No,Two year,No,Credit card (automatic),61.4,4059.85,No
4993-JCRGJ,Male,Yes,Fiber optic,No,Month-to-month,Yes,Mailed check,84.3,2281.6,No
9537-JALFH,Male,Yes,,,Two year,No,Bank transfer (automatic),,1356.7,No
6698-OXETB,Male,Yes,No,No internet service,Two year,No,Mailed check,20.4,231.45,No
2103-ZRXFN,Male,Yes,DSL,No,Month-to-month,No,Mailed check,50.75,50.75,No
3724-BSCVH,,Yes,,,One year,No,Mailed check,,242.4,No
4877-TSOFF,Female,Yes,DSL,No,One year,Yes,Bank transfer (automatic),75.75,4264.25,No
9209-NWPGU,Male,Yes,DSL,Yes,One year,No,Electronic check,65.4,2774.55,No
6961-VCPMC,Male,Yes,Fiber optic,No,Month-to-month,Yes,Electronic check,80.4,3605.2,Yes
7306-YDSOI,Male,Yes,DSL,No,Two year,Yes,Bank transfer (automatic),59.75,4069.9,No
5288-AHOUP,Male,Yes,Fiber optic,No,Month-to-month,Yes,Electronic check,78.5,874.2,No
6688-UZPWD,Female,Yes,Fiber optic,Yes,Month-to-month,Yes,Electronic check,102,1145.35,Yes
0655-YDGFJ,Male,Yes,DSL,No,Month-to-month,No,Bank transfer (automatic),48.95,1323.7,No
8468-EHYJA,Female,Yes,Fiber optic,Yes,Month-to-month,Yes,Electronic check,99.65,5497.05,No
6823-SIDFQ,Male,Yes,No,No internet service,One year,No,Credit card (automatic),18.25,534.7,No
1097-FSPVW,Female,Yes,DSL,No,Month-to-month,No,Credit card (automatic),54.55,2455.05,No
2839-RFSQE,Female,Yes,No,,Month-to-month,No,Mailed check,,38.7,Yes
8328-SKJNO,Male,No,DSL,No,One year,No,Bank transfer (automatic),40.65,947.4,No
7010-ZMVBF,Female,Yes,No,No internet service,Month-to-month,No,Mailed check,20.45,357,No
5201-CBWYG,Male,Yes,No,No internet service,One year,No,Bank transfer (automatic),24.8,1476.25,No
0968-GSIKN,Female,Yes,Fiber optic,No,Month-to-month,Yes,Mailed check,70.8,70.8,Yes
1965-DDBWU,Male,Yes,Fiber optic,No,Month-to-month,Yes,Credit card (automatic),89.05,1448.6,Yes
9057-SIHCH,Female,Yes,Fiber optic,Yes,Month-to-month,Yes,Electronic check,96.6,291.9,Yes
6352-GIGGQ,Male,Yes,DSL,Yes,One year,Yes,Bank transfer (automatic),88.8,5903.15,No
3635-QQRQD,Male,Yes,No,No internet service,Two year,Yes,Credit card (automatic),20.05,1201.65,No
6771-XWBDM,Female,Yes,Fiber optic,Yes,Month-to-month,Yes,Credit card (automatic),104.5,5921.35,Yes
2897-DOVND,Male,Yes,Fiber optic,No,Month-to-month,Yes,Electronic check,69.8,146.65,No
3082-YVEKW,,Yes,,,Two year,Yes,Bank transfer (automatic),,1759.4,No
0191-EQUUH,Female,No,DSL,No,Two year,No,Bank transfer (automatic),35.05,844.45,No
7134-HBPBS,Female,Yes,Fiber optic,Yes,Two year,Yes,Bank transfer (automatic),108.1,7774.05,No
3489-HHPFY,Female,Yes,Fiber optic,Yes,Month-to-month,Yes,Electronic check,84.05,134.05,No
2926-JEJJC,Female,Yes,No,No internet service,One year,Yes,Bank transfer (automatic),20.2,140.95,No
8601-QACRS,Female,Yes,DSL,No,Month-to-month,Yes,Mailed check,50.6,249.95,Yes
4950-BDEUX,Male,No,DSL,Yes,Month-to-month,No,Electronic check,49.2,1701.65,No
5789-LDFXO,Male,Yes,No,No internet service,One year,No,Electronic check,24.6,592.65,No
0508-OOLTO,Female,Yes,Fiber optic,No,Month-to-month,Yes,Electronic check,71.65,135.75,No
2984-TBYKU,Male,Yes,Fiber optic,No,Two year,Yes,Credit card (automatic),104.9,7732.65,No
9822-WMWVG,Female,Yes,Fiber optic,Yes,Month-to-month,Yes,Electronic check,106.5,4282.4,No
2391-SOORI,Male,Yes,DSL,No,Month-to-month,No,Electronic check,49.35,219.65,Yes
9040-KZVWO,Male,Yes,Fiber optic,No,One year,No,Bank transfer (automatic),75.5,2018.1,No
2645-QTLMB,Male,Yes,Fiber optic,Yes,Month-to-month,Yes,Electronic check,94.25,669,Yes
4806-HIPDW,Female,Yes,Fiber optic,No,Month-to-month,Yes,Electronic check,68.95,68.95,Yes
1548-ARAGG,Female,Yes,DSL,No,Month-to-month,Yes,Mailed check,58.5,224.85,No
6339-RZCBJ,Male,Yes,DSL,Yes,Two year,No,Credit card (automatic),78.9,3771.5,No
4424-TKOPW,Male,Yes,Fiber optic,Yes,Month-to-month,Yes,Electronic check,93.85,196.75,Yes
4415-WNGVR,Female,Yes,DSL,Yes,One year,Yes,Electronic check,79.2,943.85,No
2522-AHJXR,Male,Yes,Fiber optic,Yes,Month-to-month,Yes,Bank transfer (automatic),109.45,6572.85,No
0412-UCCNP,Male,Yes,,,Two year,Yes,Electronic check,,3175.85,No
1816-FLZDK,,No,,,Month-to-month,No,Mailed check,,29.15,No
7096-UCLNH,Male,Yes,No,No internet service,Month-to-month,No,Mailed check,20.05,20.05,No
8443-ZRDBZ,Male,Yes,Fiber optic,No,Month-to-month,Yes,Electronic check,76.05,318.9,Yes
9136-ALYBR,Male,No,DSL,No,Month-to-month,Yes,Mailed check,24.45,24.45,Yes
4615-PIVVU,Female,Yes,DSL,,Two year,No,Credit card (automatic),,2762.75,No
8885-QSQBX,Female,Yes,DSL,No,Month-to-month,No,Bank transfer (automatic),49.55,49.55,No
7479-NITWS,Male,Yes,Fiber optic,Yes,Month-to-month,Yes,Credit card (automatic),89.35,631.85,Yes
8617-ENBDS,Male,Yes,Fiber optic,No,Month-to-month,Yes,Credit card (automatic),73.6,232.5,No
9385-NXKDA,Female,Yes,DSL,Yes,Two year,Yes,Credit card (automatic),82.65,5919.35,No
0430-IHCDJ,Male,Yes,DSL,No,Month-to-month,Yes,Electronic check,49,749.25,No
2959-MJHIC,Male,Yes,Fiber optic,Yes,Month-to-month,Yes,Electronic check,80.35,307.4,Yes
6674-KVJHG,Female,Yes,No,No internet service,One year,No,Electronic check,25.2,245.15,No
1814-DKOLC,Female,Yes,No,,Month-to-month,No,Mailed check,,134.75,No
4201-JMNGR,Female,Yes,DSL,No,Month-to-month,Yes,Electronic check,55.8,55.8,Yes
9351-HXDMR,Male,Yes,Fiber optic,Yes,Two year,Yes,Credit card (automatic),110.9,8240.85,No
3537-HPKQT,Female,Yes,Fiber optic,No,Month-to-month,Yes,Credit card (automatic),77.75,4266.4,No
2129-ALKBS,Female,Yes,No,No internet service,Month-to-month,Yes,Electronic check,26.2,1077.5,No
5821-MMEIL,Female,Yes,No,No internet service,Two year,No,Bank transfer (automatic),19.9,1115.6,No
5960-WPXQM,Male,Yes,Fiber optic,Yes,Month-to-month,Yes,Electronic check,79.05,79.05,Yes
0684-AOSIH,Male,Yes,Fiber optic,Yes,Month-to-month,Yes,Electronic check,95,95,Yes
8260-NGFNY,Female,No,DSL,,Month-to-month,No,Mailed check,,25.2,Yes
1309-XGFSN,Male,Yes,DSL,Yes,One year,Yes,Electronic check,80.85,4079.55,No
1866-RZZQS,Male,Yes,Fiber optic,Yes,Month-to-month,Yes,Electronic check,98.4,4187.75,Yes
6968-URWQU,Male,Yes,DSL,Yes,One year,Yes,Mailed check,56.35,2391.15,No
4742-TXUEX,Female,Yes,No,No internet service,Two year,No,Bank transfer (automatic),19.3,890.5,No
9631-XEYKE,Male,Yes,DSL,No,Month-to-month,No,Bank transfer (automatic),50.4,137.25,No
8631-NBHFZ,Male,Yes,,,Two year,No,Credit card (automatic),,5154.6,Yes
1335-MXCSE,Male,Yes,DSL,No,Two year,Yes,Credit card (automatic),55.25,3119.9,No
8873-TMKGR,Male,Yes,No,No internet service,One year,No,Mailed check,19.1,529.5,No
8800-JOOCF,,Yes,,,Month-to-month,Yes,Electronic check,,966.55,No
1469-LBJQJ,Female,Yes,Fiber optic,Yes,Month-to-month,Yes,Electronic check,105.2,6936.85,No
4958-XCBDQ,Male,Yes,Fiber optic,Yes,Month-to-month,Yes,Electronic check,101.4,3496.3,Yes
8337-UPOAQ,,Yes,,,Month-to-month,Yes,Electronic check,,914.3,Yes
0064-YIJGF,Male,Yes,Fiber optic,No,Month-to-month,Yes,Bank transfer (automatic),75.75,1929,No
2386-OWURY,Female,Yes,Fiber optic,Yes,Month-to-month,Yes,Electronic check,95.3,5817.7,No
1725-IQNIY,Male,Yes,Fiber optic,Yes,Two year,No,Bank transfer (automatic),109.75,6110.2,Yes
0310-VQXAM,Male,Yes,No,No internet service,Month-to-month,No,Mailed check,19.85,178.8,No
6598-RFFVI,Male,Yes,No,No internet service,One year,No,Credit card (automatic),19.3,28.3,Yes
3453-RTHJQ,Male,Yes,Fiber optic,No,Month-to-month,Yes,Electronic check,69.1,435,No
6712-OAWRH,Female,Yes,Fiber optic,Yes,Month-to-month,Yes,Electronic check,91.25,2351.8,Yes
6278-FEPBZ,Female,Yes,No,No internet service,Month-to-month,No,Mailed check,20.25,186.15,No
4280-DLSHD,Male,Yes,DSL,,Month-to-month,Yes,Mailed check,,445.85,No
1508-DFXCU,Male,Yes,Fiber optic,Yes,Month-to-month,Yes,Electronic check,81.45,912,No
8614-VGMMV,Female,Yes,DSL,No,Month-to-month,Yes,Electronic check,49.1,679.55,Yes
7868-BGSZA,Male,Yes,DSL,Yes,One year,Yes,Electronic check,80.2,3581.6,No
2800-QQUSO,Male,Yes,Fiber optic,Yes,Month-to-month,Yes,Electronic check,100.3,4222.95,No
2930-UOTMB,,Yes,,,Month-to-month,No,Credit card (automatic),,1994.3,Yes
7973-DZRKH,Female,Yes,Fiber optic,No,Two year,Yes,Credit card (automatic),90.95,5930.05,No
5914-DVBWJ,,Yes,,,Month-to-month,Yes,Electronic check,,1505.85,Yes
7698-YFGEZ,,Yes,,,Month-to-month,No,Mailed check,,20,No
2533-QVMSK,Male,Yes,Fiber optic,Yes,Two year,Yes,Electronic check,94.1,5638.3,Yes
9773-PEQBZ,Male,Yes,Fiber optic,No,Month-to-month,No,Electronic check,79.85,797.25,No
8644-XLFBW,,Yes,,,Month-to-month,Yes,Electronic check,,71.65,Yes
0650-BWOZN,Female,Yes,Fiber optic,No,Month-to-month,Yes,Electronic check,73.55,1359.45,No
8625-AZYZY,Male,Yes,Fiber optic,Yes,Month-to-month,Yes,Electronic check,104.65,2542.45,Yes
7785-RDVIG,Female,Yes,No,No internet service,Month-to-month,No,Mailed check,19.3,54.7,No
9602-WCXPI,Male,Yes,No,,One year,No,Credit card (automatic),,989.05,No
2903-YYTBW,Male,Yes,DSL,No,Month-to-month,No,Electronic check,44.55,44.55,No
3620-MWJNE,Male,Yes,DSL,No,Month-to-month,Yes,Mailed check,54.45,87.3,No
8573-JGCZW,Male,Yes,No,No internet service,One year,Yes,Bank transfer (automatic),19.65,351.55,No
6837-HAEVO,Male,Yes,Fiber optic,,Two year,Yes,Electronic check,,7297.75,No
6701-YVNQG,Male,Yes,DSL,Yes,Two year,Yes,Credit card (automatic),88.7,6301.7,No
9306-CPCBC,Female,Yes,Fiber optic,No,Month-to-month,Yes,Electronic check,74.25,210.3,Yes
4304-XUMGI,Male,Yes,DSL,No,Two year,Yes,Bank transfer (automatic),75.15,3822.45,No
9504-YAZWB,Female,Yes,No,No internet service,Two year,No,Mailed check,20.25,1048.45,No
8819-ZBYNA,Female,Yes,Fiber optic,Yes,Two year,Yes,Credit card (automatic),109.1,6393.65,No
6174-NRBTZ,Male,No,DSL,No,One year,Yes,Bank transfer (automatic),30.75,1489.3,No
9481-IEBZY,,Yes,,,Month-to-month,Yes,Credit card (automatic),,8061.5,No
1833-VGRUM,Female,Yes,Fiber optic,No,Month-to-month,Yes,Electronic check,74.2,74.2,Yes
6137-NICCO,Female,Yes,Fiber optic,Yes,Month-to-month,Yes,Mailed check,94.05,518.75,No
9065-ZCPQX,Male,Yes,DSL,No,Two year,No,Bank transfer (automatic),78.85,5763.15,No
6402-EJMWF,Male,Yes,DSL,No,Month-to-month,Yes,Mailed check,55.3,238.5,No
3620-EHIMZ,,Yes,,,Two year,No,Mailed check,,1031.7,No
3213-VVOLG,Male,Yes,No,No internet service,Two year,No,Mailed check,25.35, ,No
6870-ECSHE,Female,Yes,No,No internet service,One year,No,Mailed check,20.45,34.8,No
8747-UDCOI,Female,Yes,No,No internet service,Two year,No,Bank transfer (automatic),19.35,1319.95,No
8374-XGEJJ,Male,Yes,Fiber optic,,Month-to-month,Yes,Electronic check,,4388.4,Yes
2656-TABEH,Male,Yes,Fiber optic,Yes,Month-to-month,Yes,Electronic check,100.2,420.2,Yes
6946-LMSQS,Male,Yes,Fiber optic,No,One year,Yes,Electronic check,89.05,2177.45,Yes
4626-OZDTJ,Female,Yes,DSL,Yes,One year,Yes,Credit card (automatic),78.65,3950.85,No
9169-BSVIN,Male,Yes,DSL,Yes,Month-to-month,No,Bank transfer (automatic),74.75,827.05,No
2325-ZUSFD,Female,Yes,DSL,Yes,One year,Yes,Bank transfer (automatic),70.1,3913.3,Yes
8194-PEEBY,Female,Yes,No,No internet service,One year,No,Mailed check,19.9,533.5,No
6872-HXFNF,Female,Yes,DSL,No,One year,No,Bank transfer (automatic),58.35,3756.45,No
3932-CMDTD,,Yes,,,One year,Yes,Electronic check,,443.9,Yes
7714-YXSMB,Female,Yes,Fiber optic,Yes,Month-to-month,Yes,Bank transfer (automatic),100.5,2599.95,No
8387-UGUSU,Female,Yes,No,No internet service,Month-to-month,No,Mailed check,20.05,284.3,No
1080-BWSYE,Male,Yes,No,No internet service,Two year,No,Credit card (automatic),25.65,1740.8,No
4039-HEUNW,Male,Yes,,,Month-to-month,Yes,Electronic check,,3436.1,Yes
1194-HVAIF,Female,Yes,Fiber optic,Yes,Month-to-month,No,Credit card (automatic),95,2462.55,No
0812-WUPTB,Male,Yes,Fiber optic,No,Month-to-month,No,Mailed check,70.85,70.85,Yes
3594-UVONA,,Yes,,,One year,Yes,Credit card (automatic),,3110.1,Yes
0004-TLHLJ,Male,Yes,Fiber optic,No,Month-to-month,Yes,Electronic check,73.9,280.85,Yes
1767-TGTKO,Female,Yes,DSL,No,Month-to-month,Yes,Electronic check,45.45,411.75,No
8439-LTUGF,Male,Yes,No,No internet service,Month-to-month,Yes,Credit card (automatic),20,198.6,No
8805-JNRAZ,Female,Yes,DSL,No,Month-to-month,No,Mailed check,49.2,103.7,No
5089-IFSDP,Female,Yes,Fiber optic,Yes,Two year,Yes,Bank transfer (automatic),109.45,6144.55,Yes
6418-HNFED,Male,Yes,DSL,Yes,Two year,Yes,Credit card (automatic),83.25,4089.45,No
0206-OYVOC,Female,Yes,No,No internet service,Two year,Yes,Mailed check,19.25,864.2,No
7291-CDTMJ,Male,Yes,No,No internet service,Month-to-month,Yes,Bank transfer (automatic),19.65,19.65,No
7128-GGCNO,Male,Yes,Fiber optic,No,Month-to-month,No,Bank transfer (automatic),72.8,3249.4,No
0237-YFUTL,Female,Yes,Fiber optic,Yes,Month-to-month,Yes,Bank transfer (automatic),109.65,5405.8,No
7691-KGKGP,,Yes,,,Month-to-month,No,Credit card (automatic),,3363.8,No
6710-HSJRD,Male,Yes,,,Month-to-month,Yes,Electronic check,,7132.15,No
3675-EQOZA,Male,Yes,No,No internet service,Month-to-month,No,Bank transfer (automatic),20.65,93.55,No
0840-DCNZE,Male,Yes,DSL,Yes,One year,Yes,Bank transfer (automatic),86.95,4138.9,No
1732-FEKLD,Female,Yes,Fiber optic,Yes,One year,Yes,Bank transfer (automatic),94.75,5121.75,No
9862-KJTYK,Male,No,DSL,No,Month-to-month,Yes,Credit card (automatic),25.35,566.1,No
0479-HMSWA,,Yes,,,Two year,Yes,Electronic check,,2715.3,No
5854-KSRBJ,,Yes,,,Two year,No,Mailed check,,1782.05,No
0365-BZUWY,Male,Yes,Fiber optic,Yes,Month-to-month,Yes,Electronic check,102.55,1742.5,No
4817-VYYWS,Female,Yes,Fiber optic,Yes,Month-to-month,Yes,Electronic check,100.2,2983.8,Yes
5701-SVCWR,Female,Yes,No,No internet service,Month-to-month,No,Mailed check,24,24,No
3129-AAQOU,Female,Yes,No,No internet service,Two year,No,Mailed check,25.6,485.9,No
4922-CVPDX,Female,Yes,DSL,Yes,Two year,Yes,Credit card (automatic),73.5,1905.7,No
1396-QWFBJ,Female,Yes,Fiber optic,No,Month-to-month,Yes,Bank transfer (automatic),74.05,1565.7,Yes
1357-BIJKI,Male,Yes,Fiber optic,Yes,One year,Yes,Electronic check,98.25,4858.7,No
1099-BTKWT,Female,No,DSL,,One year,Yes,Electronic check,,3723.65,No
5299-SJCZT,Male,Yes,Fiber optic,Yes,Month-to-month,Yes,Bank transfer (automatic),101.55,298.35,Yes
2018-PZKMU,,Yes,,,Month-to-month,No,Electronic check,,970.45,No
7340-KEFQE,Female,No,DSL,No,Two year,No,Bank transfer (automatic),34.2,1782,No
4570-QHXHL,Female,Yes,DSL,No,Month-to-month,Yes,Electronic check,43.75,405.7,No
2403-BCASL,Male,Yes,Fiber optic,Yes,One year,Yes,Electronic check,111.95,4534.9,Yes
7392-YYPYJ,Male,Yes,Fiber optic,Yes,Month-to-month,Yes,Electronic check,100.65,2415.95,No
2898-LSJGD,Female,No,DSL,Yes,One year,Yes,Electronic check,55.95,1157.05,Yes
2223-GDSHL,Male,Yes,Fiber optic,,Two year,Yes,Bank transfer (automatic),,8297.5,No
7359-PTSXY,Male,Yes,DSL,No,Month-to-month,No,Electronic check,45.75,45.75,Yes
9470-RTWDV,,Yes,,,One year,Yes,Credit card (automatic),,2083.1,No
2176-OSJUV,Male,Yes,DSL,,Two year,No,Bank transfer (automatic),,4681.75,No
9348-YVOMK,Male,Yes,DSL,No,Month-to-month,Yes,Credit card (automatic),44.8,176.2,No
8104-OSKWT,Female,Yes,Fiber optic,No,Month-to-month,Yes,Electronic check,79.8,1001.2,No
4521-YEEHE,Female,Yes,Fiber optic,Yes,Month-to-month,Yes,Electronic check,88.85,1594.75,No
4090-KPJIP,Female,Yes,Fiber optic,No,Month-to-month,Yes,Electronic check,74.95,212.4,No
3786-WOVKF,Female,Yes,Fiber optic,,One year,Yes,Bank transfer (automatic),,7677.4,No
4503-BDXBD,,Yes,,,Month-to-month,No,Electronic check,,815.5,Yes
6086-ESGRL,Female,Yes,Fiber optic,No,Month-to-month,No,Credit card (automatic),80.15,80.15,Yes
2592-HODOV,Male,Yes,No,No internet service,One year,No,Credit card (automatic),19.3,259.65,No
3886-CERTZ,Female,Yes,Fiber optic,Yes,One year,Yes,Electronic check,109.25,8109.8,Yes
7995-ZHHNZ,Male,Yes,DSL,No,One year,No,Credit card (automatic),56.1,2386.85,No
3824-RHKVR,Female,Yes,No,No internet service,Month-to-month,No,Credit card (automatic),19.7,340.35,No
5816-SCGFC,Female,Yes,DSL,No,Month-to-month,Yes,Mailed check,51.3,419.35,No
5989-AXPUC,Female,Yes,Fiber optic,Yes,Two year,No,Mailed check,118.6,7990.05,No
4979-HPRFL,Male,Yes,No,No internet service,Two year,No,Bank transfer (automatic),24.15,1402.25,No
8590-OHDIW,Female,Yes,No,No internet service,One year,No,Mailed check,20.3,749.35,No
8015-IHCGW,Female,Yes,Fiber optic,Yes,Two year,Yes,Electronic check,115.5,8425.15,No
2332-TODQS,Female,Yes,No,No internet service,One year,No,Credit card (automatic),25.05,1171.5,No
9278-VZKCD,Female,Yes,Fiber optic,Yes,Month-to-month,Yes,Electronic check,109.1,5647.95,No
8008-OTEZX,Female,Yes,No,No internet service,One year,No,Mailed check,19.65,708.8,No
2773-OVBPK,,Yes,,,Two year,Yes,Bank transfer (automatic),,7567.2,No
5999-LCXAO,Female,No,DSL,No,Month-to-month,No,Mailed check,29.9,29.9,No
5206-XZZQI,Male,Yes,Fiber optic,No,Month-to-month,Yes,Mailed check,80.6,4348.1,No
4803-LBYPN,,Yes,,,Month-to-month,No,Mailed check,,635.9,No
5759-RCVCB,Female,No,,,Month-to-month,No,Credit card (automatic),,108.95,Yes
6372-RFVNS,Female,Yes,Fiber optic,Yes,Month-to-month,No,Electronic check,78.8,78.8,Yes
2139-FQHLM,,Yes,,,Month-to-month,No,Mailed check,,1682.4,No
8261-GWDBQ,Female,Yes,Fiber optic,Yes,Two year,Yes,Bank transfer (automatic),116.05,6925.9,No
1093-YSWCA,Male,Yes,No,No internet service,Two year,No,Credit card (automatic),19.55,223.15,No
8938-UMKPI,,Yes,,,Month-to-month,Yes,Electronic check,,5127.95,Yes
0991-BRRFB,Male,Yes,DSL,No,Month-to-month,No,Electronic check,49.4,874.8,Yes
3882-IYOIJ,Female,Yes,Fiber optic,Yes,Two year,No,Credit card (automatic),115.25,6758.45,No
8749-TZYEC,Male,Yes,No,No internet service,Two year,No,Credit card (automatic),24.8,1874.3,No
1755-FZQEC,,Yes,,,One year,No,Mailed check,,791.15,No
3115-JPJDD,Female,Yes,Fiber optic,No,One year,Yes,Credit card (automatic),81.25,4639.45,No
5600-KTXFM,,Yes,,,Month-to-month,No,Mailed check,,143.9,No
3871-IKPYH,Male,Yes,Fiber optic,No,Month-to-month,No,Electronic check,69.1,69.1,Yes
6319-IEJWJ,Male,Yes,Fiber optic,Yes,Month-to-month,Yes,Electronic check,90.2,1776.55,Yes
9025-AOMKI,Female,Yes,Fiber optic,Yes,Month-to-month,Yes,Bank transfer (automatic),93.55,536.4,Yes
6339-TBELP,Male,Yes,Fiber optic,No,Two year,Yes,Credit card (automatic),86.4,6172,No
7964-YESJC,Female,Yes,DSL,No,Month-to-month,No,Mailed check,66.3,1559.45,No
6173-GOLSU,Male,Yes,Fiber optic,Yes,Month-to-month,Yes,Credit card (automatic),94.65,6079,No
5275-SQEIZ,Male,Yes,Fiber optic,No,Month-to-month,Yes,Mailed check,80.85,80.85,Yes
7716-YTYHG,Female,Yes,Fiber optic,No,One year,Yes,Mailed check,82.05,4029.95,Yes
9938-ZREHM,Female,Yes,DSL,No,One year,No,Mailed check,72.1,2658.4,No
7950-XWOVN,Male,No,DSL,No,Month-to-month,No,Mailed check,34.7,383.55,No
4390-KYULV,Male,Yes,No,No internet service,Month-to-month,Yes,Credit card (automatic),20.55,51.15,Yes
4647-MUZON,Female,Yes,Fiber optic,Yes,Month-to-month,Yes,Credit card (automatic),95.95,1745.5,No
9702-AIUJO,,Yes,,,One year,Yes,Bank transfer (automatic),,2230.85,No
8849-PRIQJ,Female,Yes,Fiber optic,Yes,One year,Yes,Electronic check,109.4,7281.6,No
8851-RAGOV,Female,Yes,DSL,No,Month-to-month,Yes,Mailed check,71.05,1837.7,No
1304-NECVQ,,Yes,,,Month-to-month,Yes,Electronic check,,149.55,Yes
5396-IZEPB,Male,Yes,No,No internet service,Month-to-month,No,Credit card (automatic),19.7,180.7,No
1729-VLAZJ,,No,,,One year,No,Mailed check,,411.45,No
8285-ABVLB,Female,Yes,No,No internet service,Two year,No,Credit card (automatic),19.85,1328.35,No
0701-TJSEF,,Yes,,,Month-to-month,Yes,Bank transfer (automatic),,576.95,No
5712-VBOXD,Female,Yes,No,No internet service,Month-to-month,Yes,Credit card (automatic),20.15,68.45,No
6629-LADHQ,Female,Yes,DSL,No,Month-to-month,No,Mailed check,50.95,123.05,No
8945-GRKHX,Female,Yes,Fiber optic,,Month-to-month,No,Electronic check,,78.65,Yes
1559-DTODC,Male,No,DSL,No,Month-to-month,Yes,Bank transfer (automatic),25.15,468.35,No
4797-MIWUM,Male,Yes,No,No internet service,Month-to-month,Yes,Bank transfer (automatic),20.25,174.7,No
6959-UWKHF,Male,Yes,DSL,No,Month-to-month,Yes,Electronic check,42.9,42.9,Yes
8720-RQSBJ,Male,Yes,DSL,No,Month-to-month,No,Electronic check,44,44,No
4537-CIBHB,Female,Yes,No,No internet service,One year,No,Mailed check,20.25,172.35,No
3815-SLMEF,Female,No,DSL,,Month-to-month,No,Mailed check,,139.35,Yes
5154-VEKBL,Female,No,DSL,Yes,Month-to-month,No,Mailed check,58.5,539.85,Yes
4324-AHJKS,Female,Yes,DSL,No,Month-to-month,No,Credit card (automatic),55.8,300.4,No
4355-CVPVS,,Yes,,,One year,No,Bank transfer (automatic),,4968,No
4495-LHSSK,Female,Yes,DSL,No,Month-to-month,No,Mailed check,57.65,992.7,No
5655-JSMZM,Male,Yes,Fiber optic,,Month-to-month,Yes,Electronic check,,4718.25,Yes
5915-ANOEI,Male,Yes,DSL,Yes,Two year,No,Mailed check,79.15,5536.5,No
9861-PDSZP,Female,Yes,Fiber optic,Yes,Two year,Yes,Credit card (automatic),108.05,7806.6,No
4505-EXZHB,Female,Yes,Fiber optic,No,Month-to-month,No,Electronic check,74.4,434.1,Yes
7225-CBZPL,Male,Yes,Fiber optic,,Month-to-month,Yes,Electronic check,,1563.9,No
6704-UTUKK,Male,No,,,Month-to-month,Yes,Electronic check,,1332.4,No
4587-VVTOX,Female,Yes,Fiber optic,Yes,Month-to-month,Yes,Electronic check,105.3,545.2,Yes
2019-HDCZY,Male,Yes,Fiber optic,Yes,Two year,No,Electronic check,102.6,6296.75,No
4652-NNHNY,Male,Yes,Fiber optic,No,Month-to-month,Yes,Bank transfer (automatic),73.85,1284.2,Yes
8788-DOXSU,Male,Yes,DSL,No,One year,Yes,Bank transfer (automatic),61.35,3645.5,No
7404-JLKQG,Female,Yes,,,Month-to-month,No,Electronic check,,161.45,No
7421-ZLUPA,Female,No,DSL,No,Month-to-month,Yes,Mailed check,29.25,226.95,No
8972-HJWNV,Female,Yes,Fiber optic,No,Month-to-month,Yes,Electronic check,84.55,646.85,Yes
3274-NSDWE,Female,Yes,No,No internet service,Two year,No,Credit card (automatic),19.6,1441.65,No
2632-IVXVF,Female,Yes,Fiber optic,Yes,Two year,No,Credit card (automatic),111.75,7511.3,No
3692-JHONH,Female,Yes,Fiber optic,Yes,One year,Yes,Electronic check,106.5,5621.85,No
8915-NNTRC,Male,Yes,Fiber optic,Yes,Two year,Yes,Credit card (automatic),107.7,7919.8,No
5914-GXMDA,Female,Yes,No,No internet service,One year,No,Mailed check,19.3,593.2,No
7463-IFMQU,,Yes,,,Two year,No,Bank transfer (automatic),,1423.65,No
2920-RNCEZ,Male,Yes,Fiber optic,No,Month-to-month,Yes,Credit card (automatic),69.95,69.95,No
2541-YGPKE,Male,Yes,DSL,No,One year,No,Credit card (automatic),63.7,2763.35,No
8515-OCTJS,Female,Yes,No,No internet service,Two year,No,Credit card (automatic),24.75,692.1,Yes
5382-TEMLV,Male,Yes,DSL,No,Month-to-month,Yes,Bank transfer (automatic),50.9,2298.55,No
3441-CGZJH,,No,,,One year,Yes,Credit card (automatic),,2640.55,No
9592-ERDKV,Male,Yes,DSL,Yes,One year,No,Mailed check,79.25,2911.8,No
2860-RANUS,Female,Yes,Fiber optic,No,Month-to-month,Yes,Credit card (automatic),85.8,1727.5,Yes
5261-QSHQM,Female,No,DSL,No,Month-to-month,Yes,Electronic check,24.45,86.6,Yes
4778-IZARL,,Yes,,,Two year,Yes,Credit card (automatic),,6705.7,No
0432-CAJZV,Male,Yes,Fiber optic,Yes,Month-to-month,No,Mailed check,90.7,237.65,No
7008-LZVOZ,Male,Yes,No,No internet service,Two year,Yes,Credit card (automatic),25.3,1672.35,No
8868-WOZGU,Male,Yes,Fiber optic,Yes,Month-to-month,Yes,Electronic check,105.7,2979.5,Yes
1200-TUZHR,Female,Yes,Fiber optic,No,Month-to-month,No,Electronic check,85.2,695.75,No
9365-CSLBQ,Male,Yes,No,No internet service,Two year,No,Mailed check,24.35,1654.6,No
1334-FJSVR,Male,No,DSL,No,Month-to-month,Yes,Electronic check,24.25,24.25,Yes
5884-FBCTL,Female,Yes,No,,Two year,No,Bank transfer (automatic),,1857.85,No
7130-CTCUS,Male,Yes,DSL,,Month-to-month,Yes,Bank transfer (automatic),,825.1,No
6242-FEGFD,Male,Yes,Fiber optic,No,Two year,No,Mailed check,96.6,6424.25,No
7625-XCQRH,Female,Yes,Fiber optic,No,Month-to-month,Yes,Electronic check,76.5,837.95,Yes
6194-HBGQN,Male,Yes,DSL,Yes,One year,Yes,Credit card (automatic),81.15,4126.2,No
7634-WSWDB,Female,No,DSL,No,Month-to-month,Yes,Electronic check,38.5,330.8,No
6986-IXNDM,Male,Yes,Fiber optic,Yes,Month-to-month,Yes,Electronic check,92.9,1337.45,No
1731-TVIUK,Female,Yes,Fiber optic,No,Month-to-month,Yes,Electronic check,93.5,362.2,Yes
2987-BJXIK,Female,Yes,DSL,Yes,Two year,No,Mailed check,84.7,5991.05,No
9769-TSBZE,Female,Yes,DSL,No,Two year,No,Electronic check,66,4891.5,No
0406-BPDVR,Female,Yes,Fiber optic,Yes,One year,Yes,Credit card (automatic),101.5,5373.1,Yes
0618-XWMSS,Male,Yes,Fiber optic,No,Month-to-month,Yes,Bank transfer (automatic),74.9,2068.55,Yes
1395-WSWXR,Male,Yes,,,Two year,No,Mailed check,,487.05,No
6023-GSSXW,Female,Yes,DSL,No,Two year,Yes,Credit card (automatic),61.45,4131.2,No
6752-APNJL,Male,Yes,DSL,No,Month-to-month,No,Mailed check,54.5,2301.15,No
5276-KQWHG,Female,Yes,Fiber optic,No,Month-to-month,Yes,Electronic check,69.6,131.65,Yes
0420-HLGXF,Female,Yes,Fiber optic,Yes,Month-to-month,Yes,Electronic check,99.75,4036,No
7446-KQISO,Male,Yes,,,Two year,Yes,Bank transfer (automatic),,4900.65,No
9823-EALYC,Male,Yes,,,Two year,Yes,Bank transfer (automatic),,5727.45,No
0582-AVCLN,Female,Yes,No,No internet service,Two year,No,Mailed check,20.3,743.05,No
5803-NQJZO,Male,Yes,,,Two year,Yes,Bank transfer (automatic),,4804.65,No
2565-JSLRY,Male,Yes,No,No internet service,Month-to-month,Yes,Mailed check,24.05,24.05,Yes
2607-DHDAK,Male,Yes,No,,Two year,Yes,Credit card (automatic),,1414.65,No
1073-XXCZD,Male,Yes,No,No internet service,Two year,No,Bank transfer (automatic),25.7,1443.65,No
0743-HRVFF,Female,No,DSL,Yes,One year,Yes,Electronic check,56.15,2898.95,No
4006-HKYHO,Male,Yes,DSL,Yes,Two year,Yes,Bank transfer (automatic),86.7,5309.5,No
3727-JEZTU,Female,Yes,No,No internet service,Month-to-month,No,Mailed check,20.4,20.4,No
8143-ETQTI,Female,Yes,No,No internet service,Two year,Yes,Mailed check,19.65,451.55,No
6689-KXGBO,Female,Yes,DSL,No,Month-to-month,No,Electronic check,50.55,50.55,Yes
9667-TKTVZ,,Yes,,,Month-to-month,Yes,Mailed check,,117.05,No
3657-COGMW,Female,Yes,Fiber optic,Yes,Month-to-month,No,Credit card (automatic),108.1,5839.3,No
8570-KLJYJ,Female,Yes,DSL,No,One year,No,Mailed check,54.45,1893.5,No
7754-IXRMC,Female,Yes,DSL,No,Month-to-month,No,Mailed check,45.35,45.35,No
9473-CBZOP,Female,Yes,DSL,No,One year,No,Mailed check,59,1654.45,No
2969-WGHQO,Female,Yes,DSL,Yes,One year,No,Electronic check,69.45,477.05,No
6615-NGGZJ,,Yes,,,Month-to-month,Yes,Electronic check,,1415.55,Yes
4334-HOWRP,Male,No,DSL,Yes,Two year,Yes,Credit card (automatic),64.95,4546,No
4255-DDUOU,Female,Yes,No,No internet service,Month-to-month,Yes,Mailed check,20.5,20.5,Yes
5863-OOKCL,Female,Yes,No,No internet service,Month-to-month,No,Mailed check,18.85,163.2,No
1686-STUHN,Male,Yes,No,No internet service,One year,No,Bank transfer (automatic),19.8,849.9,No
1329-VHWNP,Female,No,DSL,No,Month-to-month,No,Bank transfer (automatic),25.05,189.95,No
2984-MIIZL,Male,Yes,Fiber optic,No,Month-to-month,Yes,Bank transfer (automatic),74.8,321.9,Yes
0266-GMEAO,Male,Yes,Fiber optic,Yes,Two year,Yes,Credit card (automatic),114.3,8058.55,No
5590-YRFJT,Female,No,DSL,No,Month-to-month,Yes,Electronic check,24.45,482.8,Yes
5574-NXZIU,,Yes,,,Two year,No,Credit card (automatic),,7049.75,No
0019-GFNTW,Female,No,DSL,No,Two year,No,Bank transfer (automatic),45.05,2560.1,No
4256-ZWTZI,Female,Yes,DSL,No,Month-to-month,Yes,Mailed check,51,286.8,No
8309-PPCED,Female,Yes,Fiber optic,Yes,Two year,Yes,Bank transfer (automatic),110.45,7982.5,No
4098-NAUKP,,Yes,,,Month-to-month,Yes,Electronic check,,5683.6,No
5196-WPYOW,Male,Yes,DSL,No,One year,No,Mailed check,60.05,3994.05,No
4608-LCIMN,Male,Yes,DSL,No,Month-to-month,No,Bank transfer (automatic),44.65,369.15,No
1485-YDHMM,Male,Yes,Fiber optic,No,Month-to-month,Yes,Bank transfer (automatic),93.25,4631.7,No
4054-CUMIA,Female,Yes,No,No internet service,Month-to-month,Yes,Mailed check,20.25,401.95,No
0603-TPMIB,Female,Yes,No,No internet service,Two year,No,Mailed check,25.45,1534.05,No
2525-GVKQU,Female,Yes,No,No internet service,Two year,No,Mailed check,20.6,1093,No
8161-QYMTT,Male,Yes,Fiber optic,,Month-to-month,Yes,Electronic check,,701.3,No
9581-GVBXT,Male,No,DSL,No,One year,No,Mailed check,34.8,1980.3,No
5862-BRIXZ,Male,No,DSL,Yes,Two year,Yes,Bank transfer (automatic),60.75,2893.4,No
5404-GGUKR,Male,Yes,DSL,No,Month-to-month,Yes,Electronic check,51.35,262.3,No
3308-JSGML,Male,No,DSL,Yes,Two year,Yes,Credit card (automatic),64.05,3886.85,No
2126-GSEGL,Female,Yes,DSL,Yes,Two year,Yes,Bank transfer (automatic),84.8,5917.55,No
3677-TNKIO,Female,Yes,Fiber optic,No,Month-to-month,Yes,Credit card (automatic),71,914,Yes
0440-QEXBZ,Female,Yes,DSL,No,Month-to-month,Yes,Mailed check,50.15,2139.1,No
2434-EEVDB,,Yes,,,Two year,Yes,Credit card (automatic),,5948.7,No
6762-QVYJO,Female,No,DSL,,Two year,No,Mailed check,,3624.35,No
6199-IWKGC,Female,Yes,Fiber optic,Yes,One year,No,Electronic check,100.25,4753.85,No
2675-DHUTR,Male,Yes,Fiber optic,Yes,Month-to-month,Yes,Electronic check,98.9,5780.7,No
8152-VETUR,Female,Yes,Fiber optic,Yes,Two year,Yes,Credit card (automatic),97.7,6869.7,No
9667-EQRXU,Female,No,DSL,Yes,Month-to-month,Yes,Electronic check,40.3,1172.95,Yes
7446-YPODE,Male,Yes,DSL,No,Month-to-month,No,Bank transfer (automatic),60.25,662.95,No
9522-BNTHX,Female,No,DSL,,Month-to-month,Yes,Electronic check,,1765.95,No
4676-WLUHT,Male,No,,,Two year,No,Bank transfer (automatic),,2431.95,No
3329-WDIOK,Female,No,DSL,Yes,Month-to-month,Yes,Electronic check,50.6,155.35,Yes
7980-MHFLQ,Female,Yes,No,No internet service,Two year,No,Mailed check,24.9,1859.2,No
2873-ZLIWT,Female,Yes,Fiber optic,No,Month-to-month,Yes,Electronic check,84.85,3303.05,Yes
3415-TAILE,Female,Yes,DSL,,Month-to-month,No,Mailed check,,134.35,Yes
0757-WCUUZ,Male,Yes,DSL,No,Two year,No,Credit card (automatic),63.35,3409.1,No
1629-DQQVB,Female,Yes,DSL,No,Month-to-month,No,Bank transfer (automatic),50.1,709.5,No
1915-IOFGU,Female,Yes,Fiber optic,No,Month-to-month,No,Electronic check,70.5,70.5,Yes
3045-XETSH,Female,Yes,Fiber optic,No,Month-to-month,Yes,Electronic check,94.85,953.45,Yes
0374-AACSZ,Female,Yes,DSL,No,Month-to-month,No,Electronic check,50.15,50.15,No
7239-HZZCX,Male,Yes,No,No internet service,Month-to-month,No,Mailed check,19.75,19.75,Yes
4872-VXRIL,Male,Yes,DSL,No,One year,Yes,Bank transfer (automatic),64.65,3665.55,No
9140-CZQZZ,Female,Yes,DSL,Yes,Two year,Yes,Bank transfer (automatic),79.6,5515.8,No
3423-HHXAO,Female,Yes,No,No internet service,One year,Yes,Mailed check,19.5,272,No
9938-TKDGL,Male,Yes,Fiber optic,Yes,Two year,Yes,Electronic check,99.55,6668,No
0531-ZZJWQ,Male,Yes,Fiber optic,No,Month-to-month,Yes,Electronic check,74,4052.4,No
6537-QLGEX,Female,No,DSL,Yes,Month-to-month,Yes,Electronic check,38.9,664.4,No
2688-BHGOG,Male,Yes,Fiber optic,No,Month-to-month,Yes,Electronic check,79.55,718.55,No
7683-CBDKJ,Male,Yes,DSL,Yes,Month-to-month,Yes,Electronic check,65.45,937.6,Yes
0946-CLJTI,Male,Yes,Fiber optic,,Month-to-month,Yes,Electronic check,,5812.6,Yes
3160-TYXLT,Male,No,DSL,No,Month-to-month,Yes,Bank transfer (automatic),46.3,2546.85,No
1325-USMEC,Male,Yes,Fiber optic,Yes,Two year,Yes,Credit card (automatic),99.35,6944.5,No
0916-QOFDP,Female,Yes,Fiber optic,Yes,Month-to-month,Yes,Electronic check,95.8,1346.3,No
0628-CNQRM,Male,Yes,DSL,Yes,One year,Yes,Bank transfer (automatic),67.5,1544.05,Yes
5606-AMZBO,Female,Yes,Fiber optic,No,Month-to-month,Yes,Credit card (automatic),78.15,765.15,No
6199-IPCAO,Female,Yes,No,No internet service,Two year,No,Mailed check,26.1,692.55,No
7665-TOALD,Female,Yes,Fiber optic,No,Month-to-month,Yes,Electronic check,69.6,69.6,Yes
0112-QWPNC,Male,Yes,DSL,Yes,One year,No,Electronic check,84.35,4059.35,Yes
0324-BRPCJ,Female,Yes,Fiber optic,Yes,Month-to-month,Yes,Electronic check,100.2,6851.65,Yes
2777-PHDEI,Female,Yes,Fiber optic,Yes,Month-to-month,No,Electronic check,78.05,78.05,Yes
5640-CAXOA,Female,No,DSL,No,One year,Yes,Credit card (automatic),40.35,1187.05,No
2235-EZAIK,,Yes,,,Two year,No,Credit card (automatic),,5401.9,No
3847-BAERP,Female,Yes,,,Month-to-month,Yes,Mailed check,,247,No
1196-AMORA,Male,Yes,Fiber optic,No,Month-to-month,No,Electronic check,73.6,520,Yes
4282-YMKNA,Female,Yes,Fiber optic,No,Month-to-month,Yes,Electronic check,74.75,706.6,Yes
1453-RZFON,Female,Yes,DSL,No,Month-to-month,No,Mailed check,49.9,49.9,No
8263-OKETD,Female,Yes,DSL,No,Month-to-month,Yes,Credit card (automatic),68.9,1370.35,No
0670-KDOMA,Female,Yes,No,No internet service,Month-to-month,Yes,Mailed check,20.25,20.25,No
2476-YGEFM,Female,Yes,Fiber optic,No,Month-to-month,Yes,Credit card (automatic),76,2215.25,No
8687-BAFGU,Male,Yes,Fiber optic,,Month-to-month,No,Electronic check,,74,No
0641-EVBOJ,Male,Yes,Fiber optic,No,Month-to-month,Yes,Mailed check,82.3,214.4,No
0829-XXPLX,,Yes,,,Month-to-month,Yes,Bank transfer (automatic),,1871.15,No
9974-JFBHQ,Male,Yes,Fiber optic,Yes,Month-to-month,Yes,Credit card (automatic),99.15,6171.2,No
5356-RHIPP,Male,Yes,No,No internet service,Month-to-month,Yes,Mailed check,20.2,20.2,Yes
6624-JDRDS,Female,No,DSL,No,Month-to-month,No,Bank transfer (automatic),29.45,161.45,No
0608-JDVEC,Male,Yes,No,No internet service,Two year,No,Electronic check,19.8,1013.2,No
9780-FKVVF,Male,Yes,DSL,,Month-to-month,Yes,Bank transfer (automatic),,336.7,No
1919-RTPQD,Male,Yes,DSL,No,Month-to-month,No,Electronic check,44.75,333.65,No
5214-NLTIT,Male,Yes,Fiber optic,No,Two year,Yes,Credit card (automatic),90.8,6511.8,No
3345-PBBFH,Male,Yes,DSL,No,Month-to-month,Yes,Bank transfer (automatic),49.55,393.45,No
5055-BRMNE,Female,Yes,Fiber optic,Yes,Two year,No,Credit card (automatic),106.7,7009.5,No
9189-JWSHV,Female,Yes,Fiber optic,Yes,Month-to-month,Yes,Electronic check,93.55,2264.05,Yes
2190-PHBHR,Female,Yes,Fiber optic,No,Two year,Yes,Credit card (automatic),94.45,6921.7,No
2650-GYRYL,Male,Yes,No,No internet service,One year,Yes,Bank transfer (automatic),19.45,600.25,No
0746-JTRFU,Male,No,DSL,No,Month-to-month,Yes,Electronic check,25.05,56.35,Yes
5208-FVQKB,Male,Yes,DSL,No,Two year,No,Mailed check,67.95,4664.15,No
7184-LRUUR,Female,Yes,DSL,Yes,One year,No,Bank transfer (automatic),65.25,1441.8,No
6627-CFOSN,Female,Yes,Fiber optic,No,Month-to-month,Yes,Bank transfer (automatic),99.45,5623.7,No
3982-JGSFD,Male,Yes,No,No internet service,One year,Yes,Credit card (automatic),20.35,695.85,No
1574-DYCWE,Female,Yes,No,No internet service,Two year,No,Mailed check,19.95,1028.75,No
7247-XOZPB,Male,Yes,DSL,Yes,One year,No,Bank transfer (automatic),77.4,4155.95,No
2466-FCCPT,Female,Yes,No,No internet service,One year,No,Bank transfer (automatic),19.7,395.6,No
6211-WWLTF,Male,Yes,Fiber optic,Yes,Two year,No,Credit card (automatic),99.7,6330.4,No
4826-TZEVA,Female,Yes,Fiber optic,,Month-to-month,No,Credit card (automatic),,2971.7,No
6016-NXBNJ,Male,Yes,No,,One year,Yes,Mailed check,,638,No
9138-EFSMO,Male,Yes,Fiber optic,No,One year,No,Bank transfer (automatic),78.95,2034.25,No
0576-WNXXC,Male,Yes,Fiber optic,No,Month-to-month,Yes,Electronic check,95.55,2510.2,Yes
4632-XJMEX,Male,Yes,DSL,,One year,No,Credit card (automatic),,3419.5,No
8910-LEDAG,Male,Yes,Fiber optic,No,Month-to-month,No,Credit card (automatic),71.55,2427.35,No
3452-GWUIN,Female,Yes,Fiber optic,Yes,Month-to-month,Yes,Electronic check,94.95,1760.25,No
2716-GFZOR,Male,Yes,Fiber optic,No,Month-to-month,Yes,Credit card (automatic),86.1,3551.65,No
3724-UCSHY,Male,Yes,No,,Month-to-month,No,Mailed check,,122.9,No
8626-XHBIE,Male,Yes,No,,Two year,Yes,Mailed check,,1424.2,No
4628-CTTLA,Male,No,DSL,Yes,Month-to-month,Yes,Electronic check,39.3,2111.45,Yes
3192-LNKRK,,Yes,,,Month-to-month,Yes,Mailed check,,2909.95,No
4439-YRNVD,Female,No,DSL,No,Month-to-month,No,Electronic check,36.25,374,No
2876-VBBBL,Female,Yes,No,No internet service,Month-to-month,Yes,Mailed check,20.25,20.25,Yes
6834-NXDCA,Female,No,DSL,No,Month-to-month,Yes,Electronic check,23.9,300.8,Yes
2208-UGTGR,Male,Yes,Fiber optic,Yes,Month-to-month,No,Electronic check,98.6,5581.05,No
3005-TYFRD,Female,Yes,Fiber optic,Yes,Month-to-month,Yes,Credit card (automatic),103.65,5676.65,No
8670-MEFCP,Female,Yes,DSL,Yes,Two year,Yes,Credit card (automatic),92.9,3379.25,No
3079-BCHLN,Male,Yes,No,No internet service,One year,No,Bank transfer (automatic),19.9,942.95,No
7777-UNYHB,Female,Yes,No,No internet service,Month-to-month,Yes,Credit card (automatic),20.1,232.4,No
5597-GLBUC,Female,Yes,Fiber optic,Yes,Month-to-month,Yes,Electronic check,85.45,85.45,Yes
7278-CKDNC,Male,Yes,Fiber optic,No,Month-to-month,Yes,Electronic check,80.5,2088.45,No
2748-MYRVK,Female,Yes,,,One year,No,Bank transfer (automatic),,6137,Yes
8450-UYIBU,Female,No,,,Month-to-month,Yes,Electronic check,,1434.6,No
2969-VAPYH,Female,Yes,DSL,No,One year,No,Credit card (automatic),60.5,3870,No
4822-YCXMX,Male,Yes,Fiber optic,No,Month-to-month,Yes,Electronic check,84.8,2043.45,Yes
7181-OQCUT,,Yes,,,Month-to-month,No,Mailed check,,2215,No
8474-UMLNT,Female,Yes,DSL,No,Month-to-month,No,Bank transfer (automatic),67.8,842.25,No
9821-POOTN,Male,Yes,Fiber optic,No,Month-to-month,Yes,Electronic check,75.2,2576.2,Yes
3836-FZSDJ,Male,Yes,No,No internet service,Two year,No,Bank transfer (automatic),24.85,1901,No
9142-XMYJH,Female,Yes,No,,Month-to-month,No,Credit card (automatic),,601.6,No
6559-ILWKJ,Male,No,DSL,,Two year,No,Electronic check,,3515.25,Yes
0187-QSXOE,Male,Yes,Fiber optic,Yes,Month-to-month,Yes,Electronic check,89,605.45,No
7733-UDMTP,Female,No,DSL,Yes,Month-to-month,Yes,Electronic check,55,3094.05,No
2649-HWLYB,Male,Yes,DSL,No,Two year,No,Bank transfer (automatic),76.15,4929.55,No
5214-CHIWJ,Male,Yes,No,No internet service,One year,No,Mailed check,20.3,595.05,No
4229-CZMLL,Male,Yes,Fiber optic,No,Month-to-month,Yes,Electronic check,74.9,469.8,Yes
6904-JLBGY,Female,Yes,Fiber optic,Yes,Two year,Yes,Credit card (automatic),117.35,8436.25,No
2465-BLLEU,Male,Yes,No,No internet service,Month-to-month,Yes,Mailed check,19.75,19.75,No
1685-VAYJF,Male,Yes,,,Month-to-month,No,Credit card (automatic),,492,No
8874-EJNSR,Male,Yes,No,No internet service,Two year,No,Mailed check,25.2,987.95,No
6917-YACBP,Female,Yes,Fiber optic,No,Month-to-month,Yes,Electronic check,89.75,5496.9,No
5049-MUBWG,Male,Yes,,,One year,No,Bank transfer (automatic),,1908.35,No
4223-WOZCM,Male,Yes,DSL,No,Month-to-month,No,Mailed check,49.95,107.1,No
0769-MURVM,Female,No,DSL,Yes,Two year,No,Bank transfer (automatic),65.7,4575.35,No
9253-VIFJQ,Male,Yes,DSL,No,One year,No,Credit card (automatic),67.05,4309.55,No
7030-FZTFM,Male,Yes,Fiber optic,Yes,Two year,No,Credit card (automatic),110.9,7922.75,No
9741-YLNTD,Male,Yes,Fiber optic,No,Month-to-month,Yes,Bank transfer (automatic),87.95,522.35,No
5917-RYRMG,Male,Yes,No,,One year,No,Credit card (automatic),,587.7,No
5120-ZBLAI,Female,Yes,DSL,Yes,One year,No,Bank transfer (automatic),75.7,3876.2,No
1194-BHJYC,Male,No,DSL,Yes,Two year,Yes,Mailed check,62.15,3778.85,No
3663-MITLP,Female,Yes,Fiber optic,Yes,Month-to-month,Yes,Electronic check,101.25,1457.25,Yes
0906-QVPMS,Male,Yes,Fiber optic,Yes,Two year,No,Bank transfer (automatic),115.15,8349.45,No
9025-ZRPVR,Male,Yes,No,No internet service,Month-to-month,Yes,Mailed check,18.95,185.6,Yes
1905-OEILC,,Yes,,,Month-to-month,No,Mailed check,,19.5,No
7858-GTZSP,,Yes,,,Month-to-month,Yes,Electronic check,,1066.9,No
3285-UCQVC,Female,No,DSL,No,Month-to-month,No,Credit card (automatic),28.6,973.55,Yes
6248-BSHKG,Male,Yes,No,No internet service,One year,No,Mailed check,20.4,1226.45,No
4685-TFLLS,Male,Yes,No,No internet service,One year,No,Bank transfer (automatic),19.8,342.3,No
3470-BTGQO,Male,Yes,DSL,No,Month-to-month,No,Mailed check,45.65,985.05,No
1209-VFFOC,Male,No,DSL,No,Two year,Yes,Mailed check,56.4,3948.45,No
8224-DWCKX,Male,Yes,Fiber optic,No,Month-to-month,Yes,Credit card (automatic),73.3,828.05,No
5482-PLVPE,Female,No,DSL,No,Month-to-month,No,Electronic check,24.35,41.85,Yes
4553-DVPZG,Female,Yes,Fiber optic,Yes,Month-to-month,Yes,Electronic check,101.35,6164.7,No
4902-OHLSK,Female,Yes,Fiber optic,Yes,Month-to-month,No,Electronic check,98.65,2862.75,Yes
6917-IAYHD,Male,No,DSL,No,Month-to-month,No,Mailed check,33.6,33.6,No
0495-ZBNGW,Male,Yes,Fiber optic,No,Month-to-month,Yes,Bank transfer (automatic),79.9,343.95,Yes
8620-RJPZN,Female,Yes,No,No internet service,Month-to-month,No,Electronic check,20.7,20.7,No
7572-KPVKK,Male,Yes,Fiber optic,Yes,Two year,Yes,Electronic check,104.05,6590.5,No
2642-MAWLJ,Female,Yes,No,No internet service,Two year,No,Bank transfer (automatic),20.25,717.95,No
2357-COQEK,Female,Yes,Fiber optic,Yes,Month-to-month,Yes,Electronic check,103.3,2890.65,Yes
7103-ZGVNT,,Yes,,,One year,No,Credit card (automatic),,4885.85,No
3737-GCSPV,Female,Yes,Fiber optic,Yes,Month-to-month,Yes,Credit card (automatic),96.2,1222.05,Yes
2027-WKXMW,Female,Yes,Fiber optic,Yes,Month-to-month,Yes,Electronic check,108.75,6871.7,No
7137-NAXML,,Yes,,,One year,No,Bank transfer (automatic),,405.6,No
2428-ZMCTB,Male,Yes,No,No internet service,Month-to-month,No,Credit card (automatic),19.75,208.25,No
2961-VNFKL,Female,Yes,No,No internet service,Two year,Yes,Credit card (automatic),25.95,1801.9,No
1768-HNVGJ,Female,Yes,DSL,,Month-to-month,Yes,Electronic check,,3062.45,No
6963-KQYQB,Female,Yes,,,Two year,No,Mailed check,,1764.75,No
5934-RMPOV,Female,Yes,Fiber optic,No,Month-to-month,Yes,Electronic check,84.75,1816.75,No
1207-BLKSA,,Yes,,,Two year,No,Mailed check,,1255.1,No
4088-YLDSU,Male,Yes,Fiber optic,Yes,One year,Yes,Electronic check,104.15,5743.05,Yes
8316-BBQAY,Female,No,DSL,Yes,Two year,No,Credit card (automatic),59.95,3921.1,No
1166-PQLGG,Female,Yes,No,,Two year,No,Bank transfer (automatic),,1463.45,No
3146-JTQHR,Male,Yes,No,No internet service,One year,No,Bank transfer (automatic),19.6,189.45,No
4291-YZODP,Female,Yes,No,No internet service,One year,No,Mailed check,20.05,96.8,No
4395-PZMSN,Male,Yes,Fiber optic,No,Month-to-month,Yes,Electronic check,85.55,408.5,No
6427-FEFIG,,Yes,,,Two year,No,Credit card (automatic),,1846.65,No
0017-IUDMW,Female,Yes,Fiber optic,Yes,Two year,Yes,Credit card (automatic),116.8,8456.75,No
8706-HRADD,Male,No,DSL,Yes,Month-to-month,Yes,Mailed check,43.55,1011.5,No
9955-QOPOY,Male,No,DSL,Yes,One year,Yes,Credit card (automatic),60.8,4263.4,No
4385-ZKVNW,Male,Yes,DSL,No,Month-to-month,Yes,Bank transfer (automatic),54.9,2549.1,No
5446-DKWYW,Female,Yes,DSL,Yes,One year,Yes,Electronic check,65.2,3965.05,No
2034-CGRHZ,Male,Yes,Fiber optic,Yes,Month-to-month,Yes,Credit card (automatic),102.95,2496.7,Yes
5797-APWZC,Female,Yes,Fiber optic,Yes,Month-to-month,No,Electronic check,90.6,90.6,Yes
3683-QKIUE,Female,Yes,DSL,No,Month-to-month,Yes,Bank transfer (automatic),50.8,288.05,Yes
4228-ZGYUW,Male,Yes,Fiber optic,No,Month-to-month,Yes,Electronic check,90.05,368.1,Yes
9031-ZVQPT,Male,Yes,Fiber optic,Yes,Two year,Yes,Electronic check,108.2,7840.6,No
2990-IAJSV,Male,Yes,DSL,Yes,Two year,No,Bank transfer (automatic),92,6632.75,No
8107-KNCIM,Male,Yes,Fiber optic,No,Month-to-month,Yes,Electronic check,75.1,1013.35,No
9027-YFHQJ,Male,Yes,No,No internet service,Month-to-month,Yes,Bank transfer (automatic),25.05,152.95,No
5176-LDKUH,Female,Yes,Fiber optic,No,One year,No,Electronic check,75.15,3772.65,No
4644-OBGFZ,Male,Yes,No,No internet service,One year,No,Mailed check,19.5,1026.35,No
7926-IJOOU,Male,Yes,No,No internet service,Month-to-month,No,Credit card (automatic),19.3,19.3,No
6480-YAGIY,Male,Yes,Fiber optic,,One year,No,Credit card (automatic),,5031.85,No
4029-HPFVY,Male,Yes,Fiber optic,No,Month-to-month,Yes,Mailed check,70.3,220.4,No
7602-DBTOU,Female,Yes,No,,Two year,No,Mailed check,,1416.5,No
5345-BMKWB,Male,Yes,No,No internet service,Month-to-month,No,Mailed check,20.25,158.35,No
3519-ZKXGG,Female,Yes,Fiber optic,No,Month-to-month,Yes,Electronic check,75.85,256.6,Yes
5457-COLHT,Male,Yes,DSL,Yes,Two year,No,Bank transfer (automatic),80.65,5542.55,No
6416-TVAIH,Male,Yes,Fiber optic,No,Month-to-month,Yes,Electronic check,68.5,68.5,Yes
5451-YHYPW,,Yes,,,Two year,Yes,Credit card (automatic),,8443.7,No
5108-ADXWO,Male,Yes,Fiber optic,No,Month-to-month,Yes,Electronic check,73.5,791.75,Yes
7998-WNZEM,Male,Yes,DSL,No,Two year,No,Bank transfer (automatic),80.6,5708.2,No
3066-RRJIO,Female,Yes,Fiber optic,No,Month-to-month,Yes,Mailed check,69.95,69.95,Yes
4664-NJCMS,Female,No,DSL,Yes,Two year,No,Bank transfer (automatic),59.55,2016.3,No
0307-BCOPK,Female,Yes,No,No internet service,One year,No,Mailed check,19.05,326.65,No
7629-WFGLW,,Yes,,,One year,No,Electronic check,,5471.75,No
2542-HYGIQ,,Yes,,,Month-to-month,No,Credit card (automatic),,19.95,No
6715-OFDBP,Male,Yes,DSL,Yes,Month-to-month,Yes,Electronic check,70.05,346.4,Yes
5016-LIPDW,Male,Yes,No,No internet service,One year,No,Mailed check,19.4,1061.6,No
6481-LXPWL,Male,No,,,One year,Yes,Credit card (automatic),,1971.5,No
1567-DSCIC,Male,Yes,Fiber optic,Yes,Month-to-month,Yes,Electronic check,94,773.65,Yes
2150-UWTFY,Female,Yes,DSL,No,Month-to-month,No,Mailed check,61.15,1422.05,Yes
6124-ACRHJ,Female,Yes,No,No internet service,Month-to-month,No,Mailed check,19.75,19.75,No
9362-MWODR,Female,Yes,DSL,Yes,Month-to-month,Yes,Credit card (automatic),64.1,2460.35,No
9975-GPKZU,Male,Yes,No,No internet service,Two year,No,Credit card (automatic),19.75,856.5,No
9625-RZFUK,Male,Yes,No,No internet service,Two year,No,Mailed check,19.7,1275.85,No
5153-LXKDT,Male,Yes,Fiber optic,Yes,Two year,Yes,Electronic check,110.2,7467.5,No
5161-UBZXI,,Yes,,,Two year,Yes,Credit card (automatic),,7261.75,No
1020-JPQOW,Female,Yes,Fiber optic,No,Month-to-month,No,Electronic check,90.55,5116.6,No
7919-ZODZZ,Female,Yes,DSL,No,One year,Yes,Mailed check,65.9,660.05,No
0565-JUPYD,Male,Yes,Fiber optic,Yes,One year,No,Credit card (automatic),104.5,6590.8,No
6867-ACCZI,,No,,,Two year,Yes,Mailed check,,1208.15,No
5939-XAIXZ,Female,Yes,DSL,No,Month-to-month,Yes,Mailed check,56.1,1033.9,No
9054-FOWNV,Male,Yes,Fiber optic,Yes,Month-to-month,Yes,Electronic check,88.75,1885.15,No
2683-BPJSO,Male,Yes,Fiber optic,No,Month-to-month,Yes,Electronic check,84.45,2467.1,Yes
2157-MXBJS,Male,Yes,DSL,Yes,One year,Yes,Mailed check,75.3,989.45,Yes
8207-VVMYB,Female,Yes,No,No internet service,Two year,Yes,Bank transfer (automatic),26,2006.95,No
9732-EQMWY,Female,Yes,Fiber optic,,Month-to-month,No,Electronic check,,5025,No
9360-AHGNL,Female,Yes,Fiber optic,Yes,One year,Yes,Mailed check,109.55,4830.25,Yes
1087-UDSIH,Female,Yes,No,No internet service,Month-to-month,Yes,Mailed check,19.6,59.75,Yes
5269-NRGDP,Male,Yes,DSL,Yes,One year,No,Electronic check,73.15,3088.25,No
6195-MELTI,Male,Yes,DSL,No,One year,Yes,Mailed check,54.65,3134.7,No
5485-WUYWF,Male,Yes,DSL,Yes,Month-to-month,No,Bank transfer (automatic),66.4,94.55,Yes
2121-JAFOM,Female,Yes,Fiber optic,Yes,Two year,Yes,Credit card (automatic),115.55,8312.4,No
8818-DOPVL,,Yes,,,Month-to-month,Yes,Electronic check,,4863.85,No
2632-UCGVD,Male,Yes,Fiber optic,Yes,Month-to-month,Yes,Credit card (automatic),100.05,6871.9,Yes
5445-PZWGX,Male,Yes,Fiber optic,No,One year,No,Electronic check,102,6529.25,Yes
1227-UDMZR,Female,Yes,DSL,Yes,Two year,Yes,Bank transfer (automatic),91.15,6637.9,No
5198-HQAEN,Male,Yes,Fiber optic,Yes,One year,Yes,Electronic check,89.7,3165.6,No
9170-CCKOU,Male,Yes,Fiber optic,No,Month-to-month,No,Credit card (automatic),90.2,1454.15,Yes
2167-FQSTQ,Female,Yes,DSL,,Two year,Yes,Electronic check,,6786.1,No
2819-GWENI,Female,Yes,No,,One year,No,Mailed check,,543,No
1043-YCUTE,Male,Yes,No,No internet service,Two year,Yes,Credit card (automatic),25.15,1327.15,Yes
3814-MLAXC,Female,Yes,Fiber optic,No,Month-to-month,Yes,Credit card (automatic),79.85,2404.15,Yes
3572-UUHRS,,Yes,,,One year,No,Bank transfer (automatic),,867.3,No
2692-PFYTJ,Female,Yes,No,,Month-to-month,Yes,Mailed check,,25.75,No
1226-UDFZR,Female,Yes,DSL,No,Month-to-month,Yes,Mailed check,49.6,114.7,Yes
5955-EPOAZ,Female,Yes,No,No internet service,Month-to-month,Yes,Mailed check,20.95,109.5,No
6821-JPCDC,Female,Yes,Fiber optic,Yes,One year,Yes,Electronic check,97.05,4692.95,No
8815-LMFLX,Male,Yes,No,No internet service,Month-to-month,Yes,Bank transfer (automatic),25.4,546.85,No
9135-HSWOC,Male,Yes,No,No internet service,Two year,Yes,Bank transfer (automatic),19.7,1274.05,No
8582-KRHPJ,Male,No,DSL,No,Month-to-month,Yes,Mailed check,35,1782.4,No
5811-IWXYM,Female,Yes,Fiber optic,Yes,One year,No,Bank transfer (automatic),101.25,5301.1,No
7044-YAACC,Male,Yes,Fiber optic,No,Month-to-month,Yes,Electronic check,70.2,280.35,No
8189-XRIKE,Female,Yes,Fiber optic,Yes,Month-to-month,No,Electronic check,90.95,2897.95,No
1506-YJTYT,Male,Yes,DSL,Yes,Two year,No,Credit card (automatic),73.85,3371,No
4123-DVHPH,Male,Yes,Fiber optic,No,Month-to-month,Yes,Electronic check,88.05,801.3,No
6425-YQLLO,Female,Yes,Fiber optic,Yes,One year,Yes,Credit card (automatic),105.95,6975.25,Yes
5442-UTCVD,,Yes,,,Month-to-month,No,Electronic check,,257.05,Yes
2228-BZDEE,Female,Yes,No,No internet service,Two year,No,Mailed check,20.1,1079.45,No
7734-DBOAI,Female,No,,,Month-to-month,No,Electronic check,,40.1,Yes
2789-CZANW,Female,Yes,Fiber optic,,Two year,No,Bank transfer (automatic),,6997.3,No
2091-RFFBA,Female,Yes,Fiber optic,No,Month-to-month,Yes,Electronic check,73.9,2217.15,Yes
2114-MGINA,Female,Yes,Fiber optic,Yes,Month-to-month,Yes,Mailed check,89.8,1129.1,Yes
7596-LDUXP,Female,Yes,Fiber optic,Yes,One year,Yes,Credit card (automatic),85.15,979.05,No
3740-RLMVT,Male,Yes,DSL,No,One year,Yes,Bank transfer (automatic),60.95,4119.4,No
4489-SNOJF,Female,Yes,DSL,,Month-to-month,No,Electronic check,,2568.55,Yes
2192-OZITF,Female,Yes,DSL,No,Two year,No,Mailed check,73.55,3349.1,No
5651-CPDND,Male,Yes,DSL,No,Month-to-month,No,Mailed check,46,492.1,No
2186-QZEYA,Female,Yes,,,Month-to-month,Yes,Bank transfer (automatic),,1718.95,No
1131-ALZWV,Female,Yes,No,No internet service,One year,No,Bank transfer (automatic),24.6,605.25,No
7729-XBTWX,Male,Yes,No,No internet service,Two year,Yes,Mailed check,19.75,1344.5,No
9134-WYRVP,Male,Yes,Fiber optic,Yes,One year,No,Mailed check,86.35,4267.15,No
3284-SVCRO,Female,Yes,No,No internet service,Two year,No,Mailed check,25.5,1121.05,No
9732-OUYRN,Female,Yes,No,No internet service,One year,No,Credit card (automatic),19,918.7,No
0559-CKHUS,Female,Yes,No,No internet service,Two year,Yes,Mailed check,19.55,521.8,No
2931-SVLTV,Male,Yes,Fiber optic,Yes,Month-to-month,Yes,Credit card (automatic),110.1,4469.1,No
6899-PPEEA,,Yes,,,Month-to-month,Yes,Electronic check,,3580.3,Yes
7504-UWHNB,Male,Yes,Fiber optic,No,Month-to-month,No,Electronic check,69.75,1729.35,No
2582-FFFZR,Female,No,DSL,Yes,Month-to-month,Yes,Electronic check,50.6,1073.3,No
8908-NMQTX,Male,No,DSL,Yes,Two year,Yes,Bank transfer (automatic),65.6,4566.5,No
2187-LZGPL,Female,No,DSL,No,Month-to-month,Yes,Credit card (automatic),40.1,293.3,Yes
1431-AIDJQ,Male,Yes,DSL,Yes,Two year,No,Credit card (automatic),82.1,2603.1,No
6288-LBEAR,Female,Yes,Fiber optic,No,Month-to-month,Yes,Mailed check,79.1,1783.75,No
4597-NUCQV,Male,Yes,,,Month-to-month,Yes,Electronic check,,2440.15,Yes
9019-QVLZD,Female,Yes,Fiber optic,Yes,Month-to-month,No,Electronic check,79.55,79.55,Yes
8413-YNHNV,Male,Yes,DSL,Yes,Two year,No,Mailed check,90.65,6322.1,No
5808-TOTXO,Female,Yes,No,No internet service,One year,Yes,Credit card (automatic),20.55,57.4,No
4369-NYSCF,Male,Yes,DSL,Yes,One year,Yes,Bank transfer (automatic),75.75,4284.65,No
6333-YDVLT,Male,Yes,Fiber optic,Yes,One year,Yes,Credit card (automatic),110,7138.65,No
5324-KTGCG,Male,Yes,No,No internet service,One year,No,Electronic check,20.85,1539.75,No
5599-HVLTW,Female,Yes,Fiber optic,No,Month-to-month,Yes,Bank transfer (automatic),80.35,1058.1,No
7394-LWLYN,Female,Yes,Fiber optic,No,Month-to-month,Yes,Electronic check,70.15,123.8,No
3707-LRWZD,Female,Yes,Fiber optic,Yes,One year,No,Electronic check,84.05,2781.85,Yes
6873-UDNLD,Male,Yes,DSL,No,Month-to-month,No,Electronic check,67.45,2731,No
2700-LUEVA,,Yes,,,Month-to-month,No,Credit card (automatic),,20.75,No
1455-ESIQH,Male,Yes,Fiber optic,Yes,Month-to-month,Yes,Electronic check,89.1,89.1,Yes
0958-YHXGP,Female,Yes,Fiber optic,No,Month-to-month,Yes,Mailed check,69.9,497.3,No
1101-SSWAG,Female,Yes,DSL,No,Month-to-month,Yes,Electronic check,51.1,711.15,No
2979-SXESE,Female,Yes,Fiber optic,Yes,Month-to-month,No,Electronic check,94.4,1607.2,Yes
4013-TLDHQ,Male,Yes,Fiber optic,No,Month-to-month,Yes,Electronic check,78.25,1490.95,Yes
5743-KHMNA,Male,Yes,No,No internet service,Two year,No,Bank transfer (automatic),25.55,1898.1,No
4194-FJARJ,Female,Yes,,,Two year,No,Bank transfer (automatic),,3273.95,No
5325-UWTWJ,,Yes,,,Month-to-month,Yes,Credit card (automatic),,2929.75,No
3969-GYXEL,,Yes,,,Month-to-month,No,Electronic check,,838.7,No
9208-OLGAQ,Female,Yes,Fiber optic,,Month-to-month,Yes,Electronic check,,1443.65,No
3244-CQPHU,Female,Yes,Fiber optic,Yes,Two year,Yes,Bank transfer (automatic),110.1,7746.7,No
2674-MLXMN,Female,Yes,Fiber optic,Yes,Month-to-month,Yes,Credit card (automatic),99.65,6951.15,No
9708-HPXWZ,Male,No,DSL,Yes,Month-to-month,No,Credit card (automatic),45.4,214.75,No
6992-TKNYO,Male,Yes,DSL,No,One year,No,Credit card (automatic),69,2669.45,No
4468-YDOVK,Male,Yes,DSL,No,Month-to-month,Yes,Bank transfer (automatic),48.65,235.2,No
3754-DXMRT,Male,Yes,DSL,No,Month-to-month,Yes,Electronic check,44.15,92.65,Yes
5792-JALQC,Female,Yes,DSL,,Two year,No,Bank transfer (automatic),,3103.25,No
7130-VTEWQ,,Yes,,,Month-to-month,Yes,Electronic check,,606.25,Yes
2200-DSAAL,Female,Yes,DSL,Yes,Two year,Yes,Electronic check,80.65,5330.2,No
4302-ZYFEL,Male,Yes,No,No internet service,One year,Yes,Credit card (automatic),20.55,1403.1,No
9351-LZYGF,Female,Yes,DSL,No,Month-to-month,Yes,Credit card (automatic),66.4,2727.8,No
4366-CTOUZ,Female,Yes,Fiber optic,Yes,Two year,Yes,Mailed check,100.2,5038.45,No
6121-VZNQB,Female,Yes,No,No internet service,Month-to-month,Yes,Mailed check,19.1,19.1,Yes
7903-CMPEY,Male,Yes,Fiber optic,No,Month-to-month,Yes,Electronic check,80.3,80.3,Yes
1518-OMDIK,,Yes,,,Month-to-month,Yes,Credit card (automatic),,1462.6,No
6671-NGWON,Female,Yes,No,No internet service,Month-to-month,No,Mailed check,20.35,150.6,No
0595-ITUDF,Male,Yes,Fiber optic,No,Month-to-month,Yes,Electronic check,91.8,5960.5,No
6996-KNSML,Female,Yes,Fiber optic,No,Month-to-month,Yes,Electronic check,74.9,74.9,Yes
1955-IBMMB,,Yes,,,Two year,Yes,Bank transfer (automatic),,1192.3,No
0096-BXERS,Female,Yes,,,Month-to-month,No,Electronic check,,314.55,No
3806-YAZOV,Female,Yes,No,No internet service,Month-to-month,No,Mailed check,18.8,56,No
7998-ZLXWN,,Yes,,,Month-to-month,No,Credit card (automatic),,330.8,No
6253-WRFHY,Male,Yes,DSL,Yes,One year,Yes,Electronic check,64.75,877.35,No
9133-AYJZG,,Yes,,,Month-to-month,Yes,Credit card (automatic),,2249.1,No
2675-OTVVJ,Male,Yes,Fiber optic,Yes,Month-to-month,No,Electronic check,89.45,2807.65,No
8680-CGLTP,Male,Yes,DSL,No,One year,Yes,Electronic check,58.75,1696.2,No
8430-TWCBX,Female,Yes,,,One year,No,Credit card (automatic),,1032.05,No
5018-GWURO,Female,Yes,Fiber optic,Yes,Month-to-month,Yes,Bank transfer (automatic),85.6,4902.8,No
6741-QRLUP,Female,Yes,DSL,No,Two year,Yes,Credit card (automatic),80.3,4995.35,No
4737-HOBAX,Male,Yes,DSL,Yes,Two year,No,Credit card (automatic),79.8,5034.05,No
0537-QYZZN,Male,Yes,Fiber optic,No,Month-to-month,Yes,Electronic check,79.85,1857.75,No
3340-QBBFM,Male,Yes,DSL,No,One year,No,Credit card (automatic),54.1,1992.85,No
1704-NRWYE,Female,Yes,Fiber optic,Yes,Month-to-month,Yes,Electronic check,80.85,751.65,Yes
2592-SEIFQ,Male,No,DSL,No,Month-to-month,No,Electronic check,24.75,66.95,Yes
8200-KLNYW,Female,Yes,DSL,Yes,One year,No,Mailed check,80.9,1714.95,No
3372-CDXFJ,Male,Yes,No,,One year,No,Bank transfer (automatic),,343.6,No
4781-ZXYGU,Male,Yes,No,No internet service,Month-to-month,Yes,Bank transfer (automatic),20.15,20.15,No
7632-YUTXB,Female,Yes,No,No internet service,One year,No,Mailed check,20.05,520.1,No
2718-YSKCS,,Yes,,,Two year,Yes,Bank transfer (automatic),,1387.45,No
9896-UYMIE,,Yes,,,One year,Yes,Bank transfer (automatic),,7383.7,No
0853-NWIFK,Female,Yes,Fiber optic,,One year,Yes,Electronic check,,4483.95,No
8212-CRQXP,Female,Yes,Fiber optic,Yes,Month-to-month,Yes,Credit card (automatic),80,1706.45,No
6980-CDGFC,Female,Yes,,,One year,Yes,Bank transfer (automatic),,1327.4,No
7691-XVTZH,Female,Yes,Fiber optic,Yes,Two year,Yes,Bank transfer (automatic),89.95,5974.3,No
2520-SGTTA,Female,Yes,No,No internet service,Two year,No,Mailed check,20, ,No
7481-ATQQS,Female,Yes,Fiber optic,No,Month-to-month,Yes,Credit card (automatic),90.85,4515.85,Yes
2277-VWCNI,Female,Yes,DSL,,Month-to-month,No,Mailed check,,179.85,No
1088-CNNKB,Male,Yes,DSL,No,One year,No,Credit card (automatic),80,5040.2,No
8642-GVWRF,Female,Yes,Fiber optic,No,Month-to-month,No,Bank transfer (automatic),79.7,165,Yes
1930-BZLHI,Male,Yes,No,No internet service,One year,Yes,Mailed check,20.35,422.7,No
3400-ESFUW,Male,Yes,DSL,No,Two year,No,Bank transfer (automatic),57.55,3046.4,Yes
5868-YTYKS,,Yes,,,Month-to-month,Yes,Mailed check,,20.25,No
3525-DVKFN,Female,Yes,No,No internet service,Two year,No,Mailed check,19.4,358.05,No
1482-OXZSY,Male,Yes,Fiber optic,Yes,Month-to-month,Yes,Bank transfer (automatic),100.4,2936.25,No
0377-JBKKT,Male,Yes,DSL,No,Month-to-month,Yes,Mailed check,57.95,1271.8,No
5778-BVOFB,Female,Yes,DSL,Yes,Month-to-month,Yes,Bank transfer (automatic),59.5,530.05,No
3373-YZZYM,Male,Yes,No,No internet service,Month-to-month,No,Mailed check,19.2,19.2,No
2057-ZBLPD,Female,Yes,Fiber optic,No,Month-to-month,Yes,Electronic check,86.5,1808.7,Yes
0228-MAUWC,Male,Yes,DSL,No,Month-to-month,No,Electronic check,59.55,1144.6,No
5502-RLUYV,,Yes,,,Month-to-month,Yes,Electronic check,,7446.9,Yes
0023-HGHWL,Male,No,DSL,No,Month-to-month,Yes,Electronic check,25.1,25.1,Yes
7663-YJHSN,Female,Yes,Fiber optic,Yes,Two year,Yes,Bank transfer (automatic),103.95,7556.9,No
4915-BFSXL,,Yes,,,Two year,No,Credit card (automatic),,4858.7,No
3086-RUCRN,Female,Yes,Fiber optic,No,Month-to-month,Yes,Bank transfer (automatic),103.1,6595,No
5215-LNLDJ,Female,No,DSL,No,Month-to-month,Yes,Electronic check,24.7,149.05,No
7576-JMYWV,,Yes,,,Month-to-month,Yes,Electronic check,,4972.1,No
9039-RBEEE,Male,No,DSL,Yes,Month-to-month,Yes,Credit card (automatic),48.95,1880.85,Yes
0257-KXZGU,Female,Yes,DSL,No,Month-to-month,No,Bank transfer (automatic),62.45,2045.55,No
1307-ATKGB,Male,Yes,Fiber optic,No,Month-to-month,Yes,Electronic check,89.55,2187.15,No
8417-FMLZI,Male,Yes,Fiber optic,No,Month-to-month,Yes,Credit card (automatic),83.55,477.55,Yes
3714-XPXBW,Female,Yes,DSL,Yes,Month-to-month,Yes,Credit card (automatic),78.9,2976.95,No
1850-AKQEP,,Yes,,,Month-to-month,No,Mailed check,,178.7,No
2824-DXNKN,Female,Yes,DSL,Yes,Two year,Yes,Bank transfer (automatic),71.45,5025.85,No
5227-JSCFE,Male,No,DSL,No,Two year,No,Credit card (automatic),46.35,3353.4,No
0848-ZGQIJ,Female,Yes,Fiber optic,Yes,Month-to-month,Yes,Bank transfer (automatic),94.65,1461.15,No
3621-CHYVB,,No,,,Month-to-month,Yes,Bank transfer (automatic),,2782.4,No
8042-RNLKO,Male,Yes,,,One year,No,Bank transfer (automatic),,1699.15,No
1792-UXAFY,Female,Yes,Fiber optic,Yes,Month-to-month,Yes,Electronic check,89.15,1496.9,Yes
5372-FBKBN,Female,Yes,,,Month-to-month,No,Mailed check,,452.2,No
0420-TXVSG,Male,Yes,DSL,No,Two year,Yes,Credit card (automatic),66.1,4428.45,No
6217-TOWGS,Female,Yes,DSL,Yes,Month-to-month,Yes,Bank transfer (automatic),75.4,1322.55,No
0515-YPMCW,Male,Yes,Fiber optic,No,Month-to-month,Yes,Mailed check,70.45,70.45,Yes
0378-XSZPU,Male,Yes,DSL,No,One year,No,Credit card (automatic),60.3,3563.8,Yes
1045-LTCYT,Female,Yes,No,No internet service,Month-to-month,No,Credit card (automatic),21.05,139.75,No
1544-JJMYL,Male,Yes,DSL,Yes,One year,No,Credit card (automatic),69.35,1927.3,No
4636-JGAAI,Male,Yes,Fiber optic,No,Month-to-month,No,Mailed check,88.85,3000.25,No
6874-SGLHU,Male,Yes,Fiber optic,Yes,One year,Yes,Bank transfer (automatic),97,3021.3,No
5951-AOFIH,Male,Yes,DSL,Yes,Month-to-month,Yes,Credit card (automatic),66.4,2245.4,No
4729-XKASR,,No,,,Month-to-month,No,Electronic check,,24.75,Yes
3059-NGMXB,Male,Yes,DSL,No,Month-to-month,No,Mailed check,69.2,944.65,No
8652-YHIYU,Female,Yes,Fiber optic,No,One year,Yes,Credit card (automatic),79.5,1264.2,No
5278-PNYOX,Female,Yes,Fiber optic,Yes,Two year,No,Credit card (automatic),100.65,4917.75,No
5449-FIBXJ,Male,Yes,Fiber optic,Yes,Month-to-month,No,Electronic check,103.3,2012.7,Yes
3486-HOOGQ,Female,Yes,DSL,Yes,Two year,No,Bank transfer (automatic),79.7,5743.3,No
5061-PBXFW,Female,Yes,DSL,No,Month-to-month,No,Bank transfer (automatic),61.4,1864.65,No
8630-FJLIB,Female,Yes,Fiber optic,No,Month-to-month,Yes,Electronic check,69.8,1221.65,No
3891-NLXJB,Male,No,DSL,No,Two year,Yes,Mailed check,40.55,1390.85,No
4749-OJKQU,Female,Yes,Fiber optic,No,Month-to-month,Yes,Electronic check,75.65,302.35,No
0577-WHMEV,Female,Yes,Fiber optic,No,Month-to-month,No,Electronic check,90.7,1374.9,No
5453-AXEPF,Male,Yes,Fiber optic,No,Month-to-month,Yes,Bank transfer (automatic),80.5,1336.9,No
3639-XJHKQ,Female,Yes,DSL,No,Month-to-month,Yes,Electronic check,60.6,1297.8,No
3716-LRGXK,Male,Yes,Fiber optic,Yes,Two year,No,Credit card (automatic),101.15,6067.4,No
2263-SFSQZ,Male,Yes,No,No internet service,Two year,Yes,Mailed check,24.95,1222.25,No
9950-MTGYX,,Yes,,,Two year,Yes,Credit card (automatic),,487.95,No
3397-AVTKU,Male,Yes,DSL,No,Two year,Yes,Electronic check,60,2548.55,No
4825-FUREZ,Male,Yes,No,No internet service,Two year,No,Electronic check,20.25,835.5,No
9837-BMCLM,Male,Yes,Fiber optic,Yes,Month-to-month,Yes,Electronic check,78.5,242.05,Yes
2672-OJQZP,Female,Yes,DSL,No,Month-to-month,No,Mailed check,44.75,44.75,No
0137-UDEUO,Female,Yes,No,No internet service,Month-to-month,No,Mailed check,19.85,63.75,Yes
3134-DSHVC,Female,Yes,Fiber optic,Yes,Two year,No,Credit card (automatic),98,6218.45,No
6161-UUUTA,,Yes,,,Month-to-month,Yes,Electronic check,,260.9,Yes
7821-DPRQE,Male,Yes,Fiber optic,,Month-to-month,Yes,Electronic check,,7320.9,No
6543-XRMYR,Female,Yes,Fiber optic,Yes,Month-to-month,Yes,Electronic check,99.7,2967.35,Yes
2001-EWBQU,Female,Yes,Fiber optic,Yes,Two year,No,Electronic check,104.7,6333.8,No
4925-LMHOK,Male,Yes,DSL,,Month-to-month,Yes,Credit card (automatic),,939.7,Yes
1608-GMEWB,Male,Yes,Fiber optic,Yes,Month-to-month,Yes,Bank transfer (automatic),93.9,4200.25,No
6695-AMZUF,Female,Yes,DSL,Yes,Two year,No,Credit card (automatic),86.45,5950.2,No
1455-UGQVH,,Yes,,,Month-to-month,Yes,Electronic check,,1037.75,Yes
8410-BGQXN,Male,Yes,No,No internet service,Month-to-month,No,Mailed check,19.4,93.4,No
8280-MQRQN,Female,Yes,DSL,No,Month-to-month,Yes,Mailed check,50.45,50.45,Yes
1619-YWUBB,,Yes,,,Two year,Yes,Credit card (automatic),,1614.9,No
7611-YKYTC,Male,Yes,Fiber optic,No,Month-to-month,No,Bank transfer (automatic),75,1573.95,No
2037-SGXHH,Male,Yes,Fiber optic,Yes,Month-to-month,Yes,Electronic check,94.65,3624.3,Yes
3178-FESZO,Female,Yes,Fiber optic,Yes,Month-to-month,Yes,Credit card (automatic),100.25,100.25,Yes
0365-GXEZS,Male,Yes,Fiber optic,No,Month-to-month,No,Electronic check,78.2,1468.75,No
0082-OQIQY,Male,Yes,Fiber optic,Yes,Month-to-month,Yes,Electronic check,94.2,2607.6,No
6087-MVHJH,Female,Yes,,,Month-to-month,Yes,Electronic check,,1422.1,Yes
4603-JANFB,Male,Yes,Fiber optic,,Month-to-month,Yes,Electronic check,,69.85,Yes
3018-TFTSU,,Yes,,,Month-to-month,No,Bank transfer (automatic),,858.6,Yes
3606-SBKRY,Male,No,DSL,Yes,One year,Yes,Electronic check,50.05,1523.4,No
4806-KEXQR,,Yes,,,Month-to-month,Yes,Electronic check,,324.3,Yes
0667-NSRGI,Female,Yes,DSL,No,One year,Yes,Mailed check,69.55,3435.6,No
7083-YNSKY,Female,Yes,No,No internet service,Month-to-month,Yes,Credit card (automatic),25.4,399.6,Yes
6893-ODYYE,Male,Yes,Fiber optic,No,One year,Yes,Credit card (automatic),90.1,4549.45,No
8242-JSVBO,Male,Yes,DSL,No,Month-to-month,Yes,Bank transfer (automatic),44.65,322.5,No
2479-BRAMR,,Yes,,,Month-to-month,Yes,Bank transfer (automatic),,3273.55,Yes
9541-ZPSEA,Male,Yes,Fiber optic,No,Two year,No,Credit card (automatic),80.35,5375.15,No
2665-NPTGL,Female,Yes,Fiber optic,Yes,Month-to-month,Yes,Bank transfer (automatic),98.1,2510.7,No
1139-WUOAH,Male,No,DSL,Yes,Two year,No,Credit card (automatic),53.35,3090.05,No
4693-VWVBO,Female,Yes,No,No internet service,Month-to-month,No,Electronic check,19.55,61.05,No
7434-SHXLS,Female,Yes,No,No internet service,Month-to-month,No,Mailed check,20.9,20.9,Yes
6937-GCDGQ,Male,Yes,DSL,No,One year,Yes,Bank transfer (automatic),48.95,955.6,No
0988-JRWWP,Female,Yes,DSL,Yes,Month-to-month,Yes,Electronic check,54.2,140.4,No
5075-JSDKI,Female,Yes,No,No internet service,Two year,No,Electronic check,24.45,1493.1,No
7908-QCBCA,Female,Yes,Fiber optic,No,Month-to-month,Yes,Mailed check,69.4,69.4,Yes
8644-XYTSV,Male,No,DSL,Yes,Month-to-month,Yes,Bank transfer (automatic),40.15,1626.05,No
6711-FLDFB,Female,Yes,Fiber optic,No,Month-to-month,Yes,Electronic check,74.9,541.15,Yes
3873-WOSBC,Male,Yes,No,No internet service,Two year,No,Credit card (automatic),25.6,1784.9,No
7465-ZZRVX,Male,Yes,Fiber optic,No,Month-to-month,Yes,Electronic check,70.35,70.35,No
7975-JMZNT,Male,Yes,DSL,Yes,Two year,No,Bank transfer (automatic),91.7,6075.9,No
7251-XFOIL,Female,Yes,Fiber optic,No,Month-to-month,No,Mailed check,89.2,5500.6,No
4116-IQRFR,Male,Yes,No,No internet service,One year,No,Credit card (automatic),24.1,73.1,No
3714-JTVOV,Female,Yes,Fiber optic,No,Month-to-month,Yes,Credit card (automatic),74.15,3229.4,Yes
8259-DZLIZ,Female,Yes,DSL,No,One year,Yes,Bank transfer (automatic),53.85,3399.85,No
0442-ZXKVS,Female,Yes,Fiber optic,Yes,One year,Yes,Bank transfer (automatic),115.6,6431.05,No
7853-WNZSY,Male,Yes,No,No internet service,Month-to-month,Yes,Credit card (automatic),19.75,19.75,No
3120-FAZKD,Male,Yes,No,No internet service,Two year,Yes,Bank transfer (automatic),24.05,1230.9,No
8606-OEGQZ,Female,Yes,No,No internet service,Two year,No,Credit card (automatic),25.3,454.65,No
0225-ZORZP,Male,Yes,Fiber optic,No,Month-to-month,No,Electronic check,84.3,235.05,No
4702-IOQDC,Female,Yes,Fiber optic,No,Month-to-month,Yes,Electronic check,70.1,70.1,Yes
9489-JMTTN,Female,Yes,DSL,Yes,Two year,No,Credit card (automatic),89.75,6595.9,No
0575-CUQOV,Male,Yes,Fiber optic,Yes,One year,Yes,Electronic check,97.95,5867,No
0967-BMLBD,Female,Yes,No,,One year,Yes,Mailed check,,196.35,No
6178-KFNHS,Female,Yes,Fiber optic,No,Month-to-month,Yes,Electronic check,78.3,909.25,Yes
2830-LEWOA,Male,Yes,Fiber optic,,One year,No,Credit card (automatic),,6449.15,No
5006-MXVRN,Female,Yes,No,No internet service,Two year,No,Credit card (automatic),20.7,762.45,No
1264-BYWMS,Male,Yes,Fiber optic,Yes,Month-to-month,Yes,Electronic check,96.8,5283.95,Yes
9658-WYUFB,,Yes,,,Month-to-month,Yes,Electronic check,,1617.5,Yes
8327-WKMIE,Male,Yes,No,No internet service,One year,No,Credit card (automatic),20.15,785.75,No
6917-FIJHC,,Yes,,,Two year,Yes,Mailed check,,1776,No
5329-KRDTM,Male,Yes,DSL,Yes,Two year,No,Credit card (automatic),77.35,5396.25,No
7797-EJMDP,,Yes,,,Month-to-month,No,Bank transfer (automatic),,574.5,No
3530-VWVGU,Female,Yes,No,No internet service,Month-to-month,No,Mailed check,19.9,400.3,No
2013-SGDXK,Female,Yes,Fiber optic,Yes,Month-to-month,No,Electronic check,84.3,84.3,Yes
6368-NWMCE,Female,Yes,,,Month-to-month,No,Credit card (automatic),,2656.3,No
3633-CDBUW,Male,Yes,DSL,Yes,One year,No,Electronic check,80.85,1445.95,No
0707-HOVVN,,Yes,,,Two year,Yes,Bank transfer (automatic),,5212.65,No
8580-QVLOC,Female,Yes,,,Two year,No,Credit card (automatic),,6440.25,Yes
3956-MGXOG,Female,Yes,Fiber optic,No,Month-to-month,Yes,Electronic check,80.6,2244.95,No
9274-UARKJ,Female,Yes,Fiber optic,Yes,Month-to-month,Yes,Bank transfer (automatic),83.2,1130,No
4077-HWUYD,Male,Yes,DSL,Yes,Two year,Yes,Bank transfer (automatic),87.55,6463.15,No
2012-NWRPA,Female,Yes,Fiber optic,Yes,Month-to-month,Yes,Electronic check,99.55,1131.2,Yes
8808-ELEHO,Male,Yes,Fiber optic,No,Month-to-month,Yes,Electronic check,81.25,585.95,Yes
0103-CSITQ,Female,Yes,Fiber optic,Yes,One year,Yes,Bank transfer (automatic),109.4,6252.7,No
3506-LCJDC,Male,Yes,No,No internet service,Month-to-month,No,Bank transfer (automatic),19.95,19.95,Yes
8671-KKKOS,Female,No,DSL,Yes,Month-to-month,No,Electronic check,45.55,2062.15,No
7305-ZWMAJ,Male,Yes,No,No internet service,One year,No,Credit card (automatic),20.7,587.1,No
9518-XXBXE,Male,Yes,Fiber optic,,Month-to-month,No,Electronic check,,720.45,No
3934-HXCFZ,Male,Yes,Fiber optic,Yes,Month-to-month,Yes,Electronic check,99.25,2186.4,Yes
6578-KRMAW,Male,Yes,Fiber optic,No,Month-to-month,Yes,Credit card (automatic),93.4,2979.3,No
4860-IJUDE,Male,Yes,Fiber optic,No,Month-to-month,Yes,Credit card (automatic),73.75,956.65,No
7666-WKRON,,Yes,,,Two year,Yes,Electronic check,,3201.55,Yes
9688-YGXVR,Female,Yes,Fiber optic,,Month-to-month,Yes,Credit card (automatic),,3973.2,No
0423-UDIJQ,Male,Yes,DSL,No,Month-to-month,No,Mailed check,49.2,447.9,No
1945-XISKS,Female,Yes,No,No internet service,Two year,No,Mailed check,19.65,1335.2,No
4910-AQFFX,Male,Yes,Fiber optic,No,Month-to-month,Yes,Bank transfer (automatic),79.35,661.25,Yes
2154-KVJFF,Female,Yes,Fiber optic,No,Month-to-month,Yes,Electronic check,79.75,1111.85,Yes
5360-LJCNJ,Female,Yes,Fiber optic,Yes,Two year,Yes,Bank transfer (automatic),105.15,7555,No
2607-FBDFF,Male,Yes,DSL,No,Month-to-month,No,Credit card (automatic),49,49,No
9647-ERGBE,Female,Yes,Fiber optic,Yes,Month-to-month,Yes,Electronic check,100.05,3046.15,Yes
3428-XZMAZ,Male,Yes,Fiber optic,No,Month-to-month,Yes,Electronic check,69.35,69.35,Yes
1100-DDVRV,Male,No,DSL,,Month-to-month,Yes,Mailed check,,836.35,No
0378-TOVMS,Female,Yes,Fiber optic,No,Month-to-month,No,Electronic check,85.8,272.2,Yes
4355-HBJHH,Male,Yes,DSL,Yes,Two year,Yes,Electronic check,79.7,5293.4,Yes
6728-WYQBC,Male,Yes,No,No internet service,Month-to-month,No,Bank transfer (automatic),20.95,20.95,No
9058-CBREO,Female,Yes,DSL,No,Month-to-month,No,Mailed check,50.55,50.55,Yes
9029-FEGVJ,Female,Yes,Fiber optic,No,Month-to-month,No,Mailed check,79.3,2570,No
7216-KAOID,Male,Yes,No,No internet service,One year,No,Bank transfer (automatic),19.5,798.2,No
0318-QUUOB,Male,Yes,Fiber optic,Yes,Month-to-month,Yes,Electronic check,80.55,80.55,Yes
6145-NNPNO,Female,Yes,DSL,No,Month-to-month,No,Bank transfer (automatic),44.15,44.15,No
5520-FVEWJ,Female,Yes,Fiber optic,No,Month-to-month,Yes,Electronic check,84.5,916.9,Yes
5339-TJFEK,Male,Yes,Fiber optic,Yes,Month-to-month,Yes,Electronic check,105.5,6487.2,No
5572-ZDXHY,Female,Yes,Fiber optic,No,Month-to-month,Yes,Mailed check,84.3,1855.65,Yes
2074-GUHPQ,Female,Yes,Fiber optic,No,Month-to-month,Yes,Credit card (automatic),92.7,1556.85,No
4625-XMOYM,Female,Yes,No,No internet service,Two year,Yes,Bank transfer (automatic),26.25,1988.05,No
5827-MWCZK,Male,Yes,Fiber optic,Yes,Month-to-month,Yes,Credit card (automatic),96.95,5432.2,No
1385-TQOZW,Female,Yes,No,No internet service,Month-to-month,Yes,Credit card (automatic),20.45,147.55,No
5914-XRFQB,Male,Yes,Fiber optic,Yes,Two year,Yes,Bank transfer (automatic),115.8,8424.9,No
4329-YPDDQ,Male,Yes,Fiber optic,Yes,Month-to-month,Yes,Bank transfer (automatic),108.2,2203.7,No
4804-NCPET,Male,Yes,No,No internet service,Two year,No,Mailed check,20.2,387.4,No
3750-CKVKH,Male,Yes,Fiber optic,No,Month-to-month,Yes,Electronic check,67.75,116.65,Yes
5944-UGLLK,Male,No,DSL,Yes,One year,No,Credit card (automatic),54.9,3045.75,No
8063-GBATB,Female,Yes,Fiber optic,,Month-to-month,Yes,Electronic check,,2287.25,Yes
7787-BNTZM,Male,Yes,No,No internet service,Month-to-month,No,Bank transfer (automatic),20.15,130.5,No
2252-ISRNH,Male,Yes,Fiber optic,Yes,One year,Yes,Electronic check,90.35,767.9,No
9415-TPKRV,Female,Yes,DSL,No,Month-to-month,No,Electronic check,55.75,446.8,No
5322-TEUJK,Female,Yes,Fiber optic,Yes,Two year,No,Bank transfer (automatic),114.6,8100.25,No
4547-KQRTM,Female,Yes,Fiber optic,No,Month-to-month,Yes,Bank transfer (automatic),80.05,830.7,Yes
4877-EVATK,Male,Yes,,,Month-to-month,No,Mailed check,,20,Yes
1866-DIOQZ,Female,No,DSL,Yes,One year,No,Bank transfer (automatic),66.8,4689.15,No
8375-KVTHK,Male,Yes,Fiber optic,Yes,One year,Yes,Electronic check,100.3,6754.35,No
2697-NQBPF,Male,Yes,Fiber optic,Yes,Month-to-month,Yes,Electronic check,105.35,3540.65,No
3709-OIJEA,Male,Yes,Fiber optic,No,One year,Yes,Electronic check,85.2,2184.6,No
7639-SUPCW,Female,Yes,DSL,No,Month-to-month,Yes,Credit card (automatic),48.8,1054.6,Yes
1386-ZIKUV,Male,Yes,No,No internet service,Month-to-month,Yes,Mailed check,18.95,130.55,No
0599-XNYDO,Female,Yes,Fiber optic,No,Month-to-month,Yes,Bank transfer (automatic),69.8,1540.35,No
6377-WHAOX,Female,Yes,Fiber optic,Yes,Month-to-month,Yes,Electronic check,106.15,6411.25,No
6855-VLGOS,Male,Yes,No,No internet service,Two year,No,Electronic check,20.55,1432.55,No
8999-XXGNS,Female,Yes,Fiber optic,Yes,One year,Yes,Credit card (automatic),105.75,7629.85,No
8746-OQQRW,Male,Yes,No,No internet service,Month-to-month,No,Mailed check,25.25,101.9,No
3181-MIZBN,Male,Yes,No,No internet service,Month-to-month,No,Electronic check,19.75,313.4,No
0471-ARVMX,Female,Yes,Fiber optic,Yes,One year,Yes,Electronic check,104.85,6312.9,No
7766-CLTIC,Female,Yes,DSL,No,Month-to-month,Yes,Mailed check,60.95,629.55,No
5650-YLIBA,Male,Yes,Fiber optic,No,Month-to-month,Yes,Electronic check,81.15,2640.55,No
0825-CPPQH,Female,Yes,No,No internet service,Two year,No,Credit card (automatic),19.1,1372.45,No
9084-OAYKL,Male,Yes,No,No internet service,Two year,No,Mailed check,20.8,1212.25,No
6122-LJADA,Male,Yes,DSL,,Two year,Yes,Credit card (automatic),,6237.05,No
2400-XIWIO,Female,Yes,DSL,Yes,Two year,No,Electronic check,90.1,6310.9,No
7524-VRLPL,,Yes,,,Two year,No,Credit card (automatic),,5031,No
1069-XAIEM,Female,Yes,Fiber optic,No,Month-to-month,Yes,Electronic check,85.05,85.05,Yes
7569-NMZYQ,Female,Yes,Fiber optic,,Two year,Yes,Bank transfer (automatic),,8672.45,No
5201-USSQZ,Female,Yes,Fiber optic,No,Month-to-month,No,Credit card (automatic),85.9,2196.45,No
2105-PHWON,Female,Yes,Fiber optic,No,Month-to-month,Yes,Credit card (automatic),95,3008.15,No
1494-EJZDW,Female,Yes,No,No internet service,Two year,No,Mailed check,20.15,220.8,No
4884-TVUQF,Female,Yes,Fiber optic,,Two year,No,Credit card (automatic),,5779.6,No
8003-EWNDZ,Female,Yes,No,No internet service,Month-to-month,Yes,Electronic check,21.2,222.65,No
1897-RCFUM,Female,Yes,No,No internet service,One year,Yes,Mailed check,24.2,914.6,No
9256-JTBNZ,Female,Yes,No,No internet service,Month-to-month,No,Bank transfer (automatic),20.3,246.3,No
4658-HCOHW,Female,Yes,Fiber optic,Yes,Month-to-month,Yes,Electronic check,102.8,2110.15,Yes
2211-RMNHO,Female,Yes,DSL,Yes,Two year,No,Bank transfer (automatic),85.3,5560,No
2432-TFSMK,Male,Yes,Fiber optic,Yes,One year,Yes,Credit card (automatic),89.6,1633,No
3440-JPSCL,Female,Yes,Fiber optic,Yes,Month-to-month,Yes,Mailed check,99.95,547.65,Yes
4929-ROART,Male,Yes,DSL,No,Month-to-month,No,Mailed check,56.25,969.85,No
1834-ABKHQ,Female,Yes,DSL,No,One year,Yes,Bank transfer (automatic),50.95,2610.65,No
1741-WTPON,Male,Yes,Fiber optic,Yes,Two year,No,Mailed check,115.85,6567.9,No
3932-IJWDZ,Male,Yes,Fiber optic,Yes,Month-to-month,Yes,Bank transfer (automatic),103.65,4747.85,No
1240-HCBOH,Female,Yes,No,No internet service,Two year,Yes,Mailed check,26.1,1759.55,No
3594-KADLU,Male,No,DSL,,Month-to-month,No,Mailed check,,101.1,No
8065-BVEPF,Male,Yes,Fiber optic,Yes,Month-to-month,Yes,Bank transfer (automatic),99.1,6496.15,No
3796-ENZGF,Male,Yes,DSL,No,Two year,No,Mailed check,67.25,4234.15,No
1734-ZMNTZ,Female,Yes,No,No internet service,Two year,No,Mailed check,25,300.7,No
2853-CWQFQ,Male,Yes,DSL,No,Month-to-month,Yes,Mailed check,59.55,59.55,No
0813-TAXXS,,Yes,,,Two year,Yes,Bank transfer (automatic),,4323.35,No
2519-TWKFS,Male,Yes,DSL,No,One year,Yes,Mailed check,55.1,1466.1,No
2889-FPWRM,Male,Yes,Fiber optic,Yes,One year,Yes,Bank transfer (automatic),117.8,8684.8,Yes
0626-QXNGV,Female,Yes,No,No internet service,Two year,Yes,Credit card (automatic),24.15,1776.45,No
6723-CEGQI,Female,No,DSL,Yes,Two year,No,Mailed check,45.25,2933.95,No
6987-XQSJT,Female,Yes,Fiber optic,No,Month-to-month,Yes,Electronic check,79.5,4370.25,Yes
4732-RRJZC,Male,Yes,No,,Month-to-month,No,Mailed check,,144.35,No
9499-XPZXM,,Yes,,,Two year,No,Bank transfer (automatic),,4804.75,No
4338-EYCER,Male,Yes,DSL,Yes,Month-to-month,No,Bank transfer (automatic),54.6,1125.2,No
3007-FDPEA,Female,Yes,No,No internet service,Month-to-month,Yes,Bank transfer (automatic),20.7,39.85,No
6350-XFYGW,Male,Yes,Fiber optic,Yes,Month-to-month,Yes,Electronic check,94.75,422.4,No
4290-BSXUX,,Yes,,,Month-to-month,Yes,Bank transfer (automatic),,251.75,Yes
8513-OLYGY,Male,Yes,Fiber optic,Yes,Two year,No,Credit card (automatic),115.8,8332.15,No
0311-QYWSS,Female,Yes,DSL,No,Month-to-month,Yes,Electronic check,49.45,314.6,No
8705-DWKTI,Male,Yes,Fiber optic,,Month-to-month,Yes,Credit card (automatic),,4331.4,No
8755-IWJHN,Male,Yes,Fiber optic,,Month-to-month,Yes,Bank transfer (automatic),,6382,No
0325-XBFAC,Male,Yes,Fiber optic,Yes,Month-to-month,Yes,Electronic check,94.7,740.3,Yes
4480-QQRHC,Female,Yes,Fiber optic,No,Month-to-month,Yes,Bank transfer (automatic),74.05,600.15,No
0929-PECLO,Female,Yes,Fiber optic,,Month-to-month,Yes,Bank transfer (automatic),,5538.8,No
3680-CTHUH,Male,Yes,Fiber optic,Yes,One year,Yes,Credit card (automatic),116.6,7049.5,No
1202-KKGFU,Female,Yes,,,Month-to-month,No,Bank transfer (automatic),,690.5,No
6112-KTHFQ,Female,Yes,No,No internet service,Month-to-month,Yes,Mailed check,19.3,279.3,No
1852-XEMDW,Male,Yes,DSL,No,Month-to-month,No,Mailed check,65.05,1427.55,No
2462-XIIJB,,Yes,,,Month-to-month,Yes,Electronic check,,452.7,Yes
4760-XOHVN,Female,Yes,No,No internet service,Month-to-month,No,Mailed check,19.45,19.45,Yes
1820-DJFPH,Female,Yes,No,No internet service,Two year,Yes,Bank transfer (automatic),24.05,1709.15,No
9426-SXNHE,Female,Yes,No,,Month-to-month,No,Bank transfer (automatic),,53.15,No
9068-FHQHD,Female,Yes,No,,Two year,No,Bank transfer (automatic),,777.35,No
1269-FOYWN,Male,Yes,No,No internet service,One year,No,Bank transfer (automatic),20,860.85,No
9470-YFUYI,Male,Yes,DSL,Yes,One year,Yes,Bank transfer (automatic),71,5012.1,No
7817-BOQPW,Female,Yes,Fiber optic,No,Month-to-month,Yes,Electronic check,75.55,166.3,Yes
7402-EYFXX,Male,Yes,Fiber optic,Yes,Month-to-month,Yes,Electronic check,93.6,2404.1,No
1853-UDXBW,,Yes,,,Month-to-month,Yes,Electronic check,,70,Yes
9895-VFOXH,Female,No,DSL,,Month-to-month,No,Mailed check,,24.4,No
5458-CQJTA,Male,Yes,DSL,Yes,Two year,Yes,Bank transfer (automatic),74.8,4820.15,Yes
1230-QAJDW,Male,Yes,DSL,Yes,Month-to-month,Yes,Mailed check,65.25,209.9,No
5701-ZIKJE,Male,Yes,DSL,No,Month-to-month,Yes,Mailed check,50.55,610.75,No
5219-YIPTK,,Yes,,,Month-to-month,Yes,Electronic check,,3409.6,Yes
5032-MIYKT,Female,Yes,Fiber optic,No,Month-to-month,Yes,Mailed check,70.7,70.7,No
7396-VJUZB,Male,Yes,DSL,No,Month-to-month,No,Mailed check,45.25,155.35,No
9717-QEBGU,Male,Yes,Fiber optic,No,Month-to-month,Yes,Electronic check,70.3,144,No
5172-RKOCB,Male,Yes,Fiber optic,Yes,Two year,Yes,Credit card (automatic),108.95,7875,No
6509-TSGWN,Female,Yes,No,No internet service,Month-to-month,No,Mailed check,26.45,911.6,No
3540-RZJYU,Female,Yes,Fiber optic,Yes,Month-to-month,No,Electronic check,86.2,1270.2,Yes
3178-CIFOT,,Yes,,,One year,Yes,Credit card (automatic),,478.1,No
2091-MJTFX,Female,No,DSL,,Month-to-month,No,Credit card (automatic),,1561.5,Yes
4530-NDRKU,Female,Yes,No,No internet service,One year,Yes,Electronic check,19.05,761.85,No
5985-TBABQ,Female,Yes,DSL,Yes,One year,No,Mailed check,74.75,2282.95,No
9800-ONTFE,,Yes,,,Month-to-month,Yes,Bank transfer (automatic),,1615.1,No
6743-HHQPF,Male,No,DSL,No,Month-to-month,Yes,Credit card (automatic),25.1,1097.15,No
8455-HIRAQ,Female,Yes,DSL,No,Month-to-month,No,Mailed check,44.45,369.3,No
6616-AALSR,Female,Yes,Fiber optic,Yes,Two year,Yes,Credit card (automatic),104.3,6725.3,No
0883-EIBTI,,Yes,,,Month-to-month,No,Mailed check,,31.55,Yes
9415-ZNBSX,Female,Yes,DSL,Yes,Two year,Yes,Bank transfer (automatic),89,6293.2,No
4018-KJYUY,Male,Yes,No,No internet service,Month-to-month,No,Credit card (automatic),20.15,432.5,No
0722-TROQR,Female,Yes,Fiber optic,No,Month-to-month,Yes,Electronic check,74.9,321.75,Yes
7571-YXDAD,Female,Yes,Fiber optic,,Month-to-month,No,Credit card (automatic),,147.15,Yes
3884-UEBXB,Female,No,DSL,No,Two year,No,Bank transfer (automatic),36.15,2434.45,No
8780-RSYYU,Female,Yes,No,,Month-to-month,Yes,Credit card (automatic),,532.1,No
5537-UXXVS,Female,Yes,No,No internet service,Month-to-month,No,Bank transfer (automatic),19.25,375.25,No
1791-PQHBB,Female,Yes,DSL,No,Month-to-month,Yes,Credit card (automatic),61.2,125.95,No
8701-DGLVH,Male,Yes,No,No internet service,Two year,No,Mailed check,20.45,1042.65,No
8741-LQOBK,Female,No,DSL,No,Month-to-month,No,Bank transfer (automatic),35.05,1620.25,No
3393-FMZPV,Female,Yes,Fiber optic,Yes,Month-to-month,Yes,Electronic check,100.25,2387.75,Yes
8082-GHXOP,,Yes,,,Month-to-month,No,Mailed check,,659.35,No
6402-ZFPPI,Female,Yes,Fiber optic,Yes,Month-to-month,Yes,Mailed check,102.8,2660.2,Yes
0980-FEXWF,Male,Yes,DSL,No,One year,No,Mailed check,50.35,1285.8,No
7486-KSRVI,Male,Yes,Fiber optic,Yes,One year,Yes,Electronic check,100,4211.55,Yes
3011-WQKSZ,Male,Yes,No,No internet service,Month-to-month,Yes,Electronic check,20,377.55,No
8443-WVPSS,Male,Yes,Fiber optic,Yes,Month-to-month,Yes,Electronic check,99.85,990.9,Yes
3006-XIMLN,Female,Yes,Fiber optic,Yes,Month-to-month,Yes,Bank transfer (automatic),94.2,193.8,Yes
8218-FFJDS,Female,Yes,DSL,,Two year,Yes,Bank transfer (automatic),,6058.95,No
1986-PHGZF,Male,Yes,DSL,No,Month-to-month,Yes,Credit card (automatic),58.4,964.9,No
9965-YOKZB,Male,Yes,Fiber optic,No,Month-to-month,Yes,Electronic check,83.85,790.15,Yes
0504-HHAPI,Female,Yes,Fiber optic,No,Month-to-month,No,Credit card (automatic),88.3,2467.75,Yes
9360-OMDZZ,Male,Yes,Fiber optic,Yes,Month-to-month,Yes,Electronic check,94.1,2322.85,No
6305-YLBMM,Male,Yes,Fiber optic,Yes,One year,Yes,Bank transfer (automatic),104.05,7262,Yes
0345-XMMUG,Female,Yes,Fiber optic,Yes,Two year,Yes,Credit card (automatic),108.9,4854.3,No
8024-XNAFQ,Female,Yes,Fiber optic,No,Two year,Yes,Bank transfer (automatic),107.4,7748.75,No
3647-GMGDH,Male,Yes,Fiber optic,Yes,Month-to-month,Yes,Credit card (automatic),94.7,1914.9,Yes
2988-GBIVW,Female,Yes,Fiber optic,No,Month-to-month,Yes,Electronic check,90.85,6470.1,No
2832-SCUCO,,Yes,,,Month-to-month,No,Electronic check,,57.4,No
7036-ZZKBD,Male,Yes,DSL,No,Month-to-month,Yes,Credit card (automatic),66.4,2019.8,No
3791-LGQCY,Female,Yes,Fiber optic,Yes,Month-to-month,Yes,Bank transfer (automatic),100.65,5688.05,Yes
0265-PSUAE,Female,Yes,Fiber optic,Yes,Month-to-month,No,Bank transfer (automatic),100.7,1522.7,No
0463-TXOAK,Male,Yes,No,,Two year,No,Credit card (automatic),,1334.5,No
0594-UFTUL,Male,Yes,No,No internet service,Month-to-month,Yes,Mailed check,19.85,252,No
9509-MPYOD,Female,Yes,No,No internet service,One year,No,Mailed check,20.75,700.45,No
9128-CPXKI,Female,Yes,Fiber optic,,Two year,No,Electronic check,,5655.45,No
0129-KPTWJ,Male,Yes,Fiber optic,Yes,Month-to-month,Yes,Electronic check,94.65,6747.35,No
8166-ZZTFS,Female,Yes,DSL,,Two year,Yes,Bank transfer (automatic),,5265.1,Yes
5855-EIBDE,Female,Yes,Fiber optic,No,Two year,No,Credit card (automatic),106.65,5174.35,No
5365-LLFYV,Female,Yes,DSL,No,Month-to-month,Yes,Mailed check,45.85,105.6,No
5956-YHHRX,Male,Yes,Fiber optic,Yes,Month-to-month,Yes,Electronic check,104.35,2271.85,No
6008-NAIXK,Male,No,DSL,Yes,One year,Yes,Electronic check,55.45,2966.95,No
2956-GGUCQ,Male,Yes,Fiber optic,No,Month-to-month,Yes,Electronic check,78.85,1772.25,Yes
1928-BXYIV,Male,Yes,DSL,No,Month-to-month,No,Electronic check,61.15,61.15,No
5760-FXFVO,Male,Yes,Fiber optic,No,Month-to-month,Yes,Electronic check,78.95,494.95,No
6595-COKXZ,Female,Yes,DSL,No,Month-to-month,Yes,Mailed check,44.45,44.45,Yes
0961-ZWLVI,Male,Yes,Fiber optic,Yes,One year,Yes,Credit card (automatic),109.2,5290.45,No
5181-OABFK,Female,Yes,DSL,No,Two year,Yes,Credit card (automatic),61.3,3346.8,No
4007-NHVHI,Female,Yes,Fiber optic,No,Month-to-month,Yes,Electronic check,96.85,5219.65,No
7816-VGHTO,Female,No,DSL,No,Two year,No,Mailed check,40.55,217.5,No
5871-DGTXZ,Male,Yes,No,No internet service,One year,No,Mailed check,19.8,607.7,No
7550-WIQVA,Male,Yes,Fiber optic,Yes,One year,Yes,Electronic check,108.25,5431.4,No
7544-ZVIKX,,Yes,,,One year,Yes,Bank transfer (automatic),,6004.85,No
0016-QLJIS,,Yes,,,Two year,Yes,Mailed check,,5957.9,No
7508-DQAKK,Female,Yes,DSL,,Two year,Yes,Credit card (automatic),,5442.05,No
5176-OLSKT,Female,Yes,DSL,No,Two year,No,Bank transfer (automatic),66.9,4370.25,No
9356-AXGMP,Male,Yes,Fiber optic,Yes,One year,Yes,Electronic check,110.7,4428.6,No
3556-BVQGL,Female,Yes,No,No internet service,One year,Yes,Mailed check,20,416.45,No
0362-ZBZWJ,Male,Yes,Fiber optic,No,Month-to-month,Yes,Electronic check,84.9,3067.2,Yes
8979-CAMGB,Male,Yes,Fiber optic,Yes,One year,No,Electronic check,102.1,6688.1,No
4211-MMAZN,Male,Yes,No,No internet service,Month-to-month,No,Mailed check,20.25,20.25,Yes
7581-EBBOU,Female,Yes,DSL,Yes,One year,Yes,Credit card (automatic),70.15,4224.7,No
4274-OWWYO,Male,Yes,Fiber optic,No,Month-to-month,Yes,Electronic check,74.35,74.35,Yes
5073-RZGBK,,Yes,,,One year,Yes,Bank transfer (automatic),,4042.2,No
1541-ETJZO,Male,Yes,DSL,No,Month-to-month,No,Mailed check,62.05,62.05,Yes
2192-CKRLV,Female,No,DSL,No,Two year,Yes,Electronic check,49.2,3580.95,No
3154-HMWUU,Male,Yes,No,No internet service,Two year,Yes,Bank transfer (automatic),20.5,1198.8,No
6119-SPUDB,Male,No,,,Two year,No,Mailed check,,1755.35,No
6522-OIQSX,Female,No,DSL,Yes,Two year,Yes,Credit card (automatic),54.95,3772.5,No
7813-ZGGAW,Male,Yes,Fiber optic,Yes,Month-to-month,Yes,Bank transfer (automatic),96.6,2877.95,No
8748-HFWBO,Male,Yes,No,No internet service,One year,No,Mailed check,19.9,357.7,No
1052-QJIBV,Female,Yes,No,No internet service,Two year,No,Credit card (automatic),19.9,1397.3,No
1319-YLZJG,Male,Yes,Fiber optic,No,Month-to-month,Yes,Electronic check,84.6,959.9,No
4106-HADHQ,Male,Yes,DSL,Yes,One year,No,Credit card (automatic),80,3182.95,Yes
0723-FDLAY,Male,Yes,DSL,Yes,One year,Yes,Bank transfer (automatic),85.25,3704.15,No
3050-RLLXC,Female,Yes,DSL,Yes,Two year,No,Credit card (automatic),81.25,4620.4,No
9298-WGMRW,Female,Yes,Fiber optic,Yes,Two year,Yes,Bank transfer (automatic),115.5,8312.75,No
2369-UAPKZ,Male,Yes,Fiber optic,,Month-to-month,No,Mailed check,,541.9,Yes
3088-LHEFH,,Yes,,,Month-to-month,Yes,Bank transfer (automatic),,929.3,No
2778-OCLGR,Male,No,DSL,No,Month-to-month,No,Bank transfer (automatic),39.1,971.3,Yes
6583-KQJLK,Female,Yes,Fiber optic,Yes,Month-to-month,Yes,Electronic check,94.65,1285.05,No
8544-JNBOX,Male,Yes,No,No internet service,Two year,Yes,Mailed check,20.8,1521.2,No
6681-ZSEXG,Male,Yes,DSL,No,Two year,No,Credit card (automatic),59.5,3389.25,No
6139-ZZRBQ,Male,Yes,No,No internet service,Two year,Yes,Bank transfer (automatic),20.05,1198.05,No
6116-RFVHN,Female,Yes,Fiber optic,Yes,Month-to-month,Yes,Electronic check,100.45,3414.65,No
0637-KVDLV,,Yes,,,Month-to-month,Yes,Electronic check,,162.45,Yes
8884-FEEWR,Male,Yes,No,No internet service,One year,No,Bank transfer (automatic),20.6,754,No
3125-RAHBV,Male,Yes,No,No internet service,One year,No,Credit card (automatic),20.3,467.15,No
6633-MPWBS,Male,Yes,DSL,No,Month-to-month,Yes,Electronic check,49.2,216.9,Yes
0373-AIVNJ,Male,No,DSL,No,One year,No,Mailed check,39.55,373,No
8785-EPNCG,Male,Yes,No,No internet service,Month-to-month,No,Credit card (automatic),23.15,245.2,Yes
1682-VCOIO,Male,Yes,No,No internet service,One year,No,Mailed check,20.45,481.1,No
5729-KLZAR,Female,Yes,Fiber optic,No,Month-to-month,No,Electronic check,80.85,302.75,Yes
2072-ZVJJX,Male,Yes,No,No internet service,Two year,No,Bank transfer (automatic),25.25,1728.2,No
8849-AYPTR,,Yes,,,Month-to-month,No,Electronic check,,2964.05,No
9518-IMLHK,Male,Yes,DSL,Yes,Month-to-month,Yes,Bank transfer (automatic),72.45,2156.25,No
1582-RAFML,Male,Yes,DSL,No,Month-to-month,No,Mailed check,60.1,60.1,Yes
3646-ITDGM,Female,Yes,No,,Two year,No,Bank transfer (automatic),,1051.9,No
8740-CRYFY,Male,Yes,Fiber optic,Yes,Month-to-month,Yes,Electronic check,78.95,78.95,Yes
3569-VLDHH,Male,Yes,DSL,Yes,One year,Yes,Electronic check,75.1,5013,No
8224-KDLKN,Male,Yes,No,,Two year,No,Bank transfer (automatic),,1738.9,No
7594-LZNWR,Male,Yes,Fiber optic,No,Month-to-month,No,Credit card (automatic),69.15,2275.1,No
4001-TSBTV,Female,Yes,,,Month-to-month,Yes,Electronic check,,5511.65,No
2962-XPMCQ,Male,Yes,DSL,No,Month-to-month,Yes,Electronic check,45.15,98.5,Yes
8727-XDPUD,Male,No,DSL,Yes,Two year,No,Credit card (automatic),35.8,1316.9,No
1043-UXOVO,Female,Yes,Fiber optic,Yes,Two year,Yes,Credit card (automatic),113.15,7993.3,No
1064-FBXNK,Male,Yes,No,No internet service,One year,No,Credit card (automatic),19.85,19.85,No
3996-ZNWYK,Male,Yes,No,No internet service,Two year,No,Credit card (automatic),19.8,1388.45,No
2878-DHMIN,Male,Yes,No,No internet service,One year,No,Electronic check,19.9,666,No
7762-ONLJY,Female,Yes,No,No internet service,One year,No,Mailed check,19.7,94.45,No
1678-FYZOW,Female,Yes,Fiber optic,Yes,Month-to-month,Yes,Electronic check,79.4,244.65,Yes
5795-BKOYE,Female,Yes,DSL,No,One year,No,Bank transfer (automatic),59.1,4134.7,No
8627-EHGIP,Male,No,DSL,Yes,One year,Yes,Mailed check,53.95,2375.4,Yes
7402-PWYJJ,Female,Yes,Fiber optic,,One year,Yes,Electronic check,,4862.5,No
5480-TBGPH,Female,Yes,Fiber optic,Yes,Month-to-month,Yes,Credit card (automatic),99.3,2431.35,Yes
0018-NYROU,Female,Yes,Fiber optic,,Month-to-month,Yes,Electronic check,,351.5,No
7501-VTYLJ,Female,Yes,DSL,No,Month-to-month,No,Mailed check,51.55,106.2,No
7608-RGIRO,Male,Yes,No,No internet service,Two year,Yes,Mailed check,24.4,1413,No
0480-BIXDE,Female,Yes,Fiber optic,Yes,Month-to-month,Yes,Electronic check,96.8,1743.05,No
5895-QSXOD,Male,Yes,Fiber optic,No,Month-to-month,No,Mailed check,70.05,657.5,No
9814-AOUDH,Male,Yes,No,No internet service,Two year,No,Credit card (automatic),19.5,1050.5,No
6175-IRFIT,Male,Yes,Fiber optic,,Month-to-month,No,Mailed check,,426.35,No
8760-ZRHKE,Female,Yes,DSL,Yes,One year,No,Electronic check,69.2,4982.5,No
1622-HSHSF,Female,Yes,No,No internet service,Month-to-month,Yes,Mailed check,19.55,19.55,No
8854-CCVSQ,Male,Yes,Fiber optic,No,Month-to-month,Yes,Electronic check,80.65,1451.9,Yes
6749-UTDVX,Male,Yes,Fiber optic,Yes,Two year,Yes,Electronic check,103.65,7634.8,No
5542-DHSXL,Female,Yes,,,Month-to-month,No,Mailed check,,235.05,No
9102-OXKFY,Male,Yes,DSL,No,Two year,No,Credit card (automatic),54.15,3116.15,No
0511-JTEOY,,Yes,,,Month-to-month,No,Mailed check,,71.1,Yes
5216-WASFJ,Female,Yes,Fiber optic,No,Month-to-month,Yes,Electronic check,84.85,2633.4,No
7808-DVWEP,,Yes,,,Month-to-month,No,Bank transfer (automatic),,49.65,No
7067-KSAZT,Female,Yes,Fiber optic,Yes,One year,Yes,Electronic check,106.25,6979.8,Yes
2284-VFLKH,Male,Yes,Fiber optic,Yes,One year,Yes,Credit card (automatic),99.25,4920.8,No
0366-NQSHS,Male,Yes,No,No internet service,Month-to-month,No,Mailed check,19.35,46.35,No
6532-YLWSI,Female,Yes,No,No internet service,One year,No,Bank transfer (automatic),20.8,1021.8,Yes
3807-BPOMJ,Female,Yes,Fiber optic,Yes,One year,Yes,Electronic check,94.75,5276.1,No
3892-NXAZG,Male,Yes,Fiber optic,Yes,Two year,Yes,Credit card (automatic),114.05,8289.2,No
4948-WBBKL,Female,Yes,Fiber optic,No,Month-to-month,Yes,Bank transfer (automatic),74.9,2659.45,No
4182-BGSIQ,Female,Yes,No,No internet service,Month-to-month,Yes,Bank transfer (automatic),19.8,196.75,No
9300-AGZNL,Male,Yes,Fiber optic,,Month-to-month,Yes,Electronic check,,94,Yes
0988-AADSA,Female,Yes,DSL,,Two year,No,Bank transfer (automatic),,5824.75,No
9972-NKTFD,Female,Yes,DSL,No,Month-to-month,No,Bank transfer (automatic),54.65,1517.5,No
3717-LNXKW,Male,Yes,Fiber optic,Yes,Month-to-month,No,Bank transfer (automatic),91.7,3479.05,No
5734-EJKXG,Female,Yes,Fiber optic,Yes,One year,Yes,Electronic check,118.6,7365.7,No
2207-RYYRL,Male,Yes,No,No internet service,Two year,No,Mailed check,24.55,1331.05,No
6729-FZWSY,Male,Yes,No,No internet service,One year,Yes,Mailed check,19.45,1195.95,No
9695-IDRZR,Female,Yes,Fiber optic,Yes,Two year,Yes,Credit card (automatic),116.15,3946.9,No
8144-DGHXP,Female,Yes,DSL,Yes,Two year,No,Electronic check,80.6,4299.95,No
7814-LEEVE,Female,Yes,No,No internet service,Month-to-month,Yes,Bank transfer (automatic),20.3,20.3,No
1112-CUNAO,,Yes,,,Month-to-month,No,Electronic check,,1424.95,Yes
5175-AOBHI,Female,Yes,DSL,No,Month-to-month,Yes,Mailed check,46,193.6,Yes
5174-RNGBH,Female,Yes,DSL,Yes,Month-to-month,No,Mailed check,66.25,620.55,Yes
8631-WUXGY,Female,Yes,Fiber optic,Yes,Month-to-month,Yes,Electronic check,99.8,4391.25,No
7270-BDIOA,Female,Yes,Fiber optic,Yes,Month-to-month,Yes,Electronic check,90,1993.8,Yes
9565-JSNFM,Male,Yes,Fiber optic,No,One year,Yes,Bank transfer (automatic),70.45,2597.6,Yes
5906-DVAPM,Female,Yes,DSL,Yes,One year,Yes,Credit card (automatic),75,4213.9,No
6654-QGBZZ,,Yes,,,Month-to-month,No,Mailed check,,19.9,No
8348-JLBUG,Male,Yes,Fiber optic,No,One year,No,Credit card (automatic),80.3,5017.7,No
0607-DAAHE,Male,Yes,No,No internet service,Two year,No,Bank transfer (automatic),19.75,1052.35,Yes
5641-DMBFJ,Female,Yes,DSL,Yes,Two year,Yes,Electronic check,84.3,4916.4,No
9200-NLNPD,Male,No,DSL,Yes,One year,Yes,Bank transfer (automatic),54.05,2959.8,No
2664-XJZNO,Male,Yes,Fiber optic,Yes,Two year,Yes,Credit card (automatic),104.9,7559.55,No
9732-KPKBW,Male,Yes,DSL,No,Month-to-month,Yes,Electronic check,53.95,53.95,Yes
3339-EAQNV,,Yes,,,One year,Yes,Credit card (automatic),,7133.1,No
0921-OHLVP,Male,Yes,Fiber optic,No,Month-to-month,No,Electronic check,83.05,1799.3,No
3389-YGYAI,Female,Yes,Fiber optic,Yes,Month-to-month,Yes,Electronic check,105.5,829.55,Yes
9560-ARGQJ,Female,Yes,Fiber optic,Yes,Month-to-month,Yes,Electronic check,81,1312.15,Yes
8350-NYMVI,Female,No,DSL,No,Month-to-month,No,Bank transfer (automatic),41.1,1597.05,No
1600-DILPE,Female,Yes,DSL,No,Month-to-month,Yes,Bank transfer (automatic),45,524.35,No
0536-ESJEP,Male,Yes,DSL,Yes,Two year,Yes,Bank transfer (automatic),74.55,4191.45,No
4654-GGUII,Female,No,DSL,No,One year,Yes,Mailed check,40.2,711.95,No
6478-HRRCZ,,Yes,,,One year,No,Mailed check,,2201.75,No
8510-BBWMU,Female,Yes,No,No internet service,One year,Yes,Mailed check,19.75,806.95,No
6857-TKDJV,Male,Yes,No,No internet service,Two year,No,Bank transfer (automatic),24.65,1620.45,No
2360-RDGRO,Male,Yes,Fiber optic,Yes,Month-to-month,Yes,Electronic check,104.25,6812.95,No
0584-BJQGZ,Female,Yes,DSL,,Month-to-month,Yes,Bank transfer (automatic),,1837.9,No
5134-IKDAY,,Yes,,,Month-to-month,Yes,Electronic check,,69.8,Yes
1360-XFJMR,Female,Yes,Fiber optic,Yes,One year,Yes,Credit card (automatic),109.7,7344.45,No
3070-DVEYC,Male,Yes,Fiber optic,No,Month-to-month,No,Mailed check,73.75,545.15,Yes
5730-RIITO,Female,No,DSL,No,Month-to-month,Yes,Credit card (automatic),33.45,1500.25,No
9058-MJLZC,Female,Yes,Fiber optic,Yes,Month-to-month,Yes,Electronic check,94.6,2283.15,No
5707-ORNDZ,,Yes,,,Month-to-month,No,Electronic check,,494.05,Yes
0902-XKXPN,Male,Yes,No,No internet service,Two year,No,Bank transfer (automatic),20.2,1376.5,No
5177-RVZNU,,Yes,,,One year,No,Bank transfer (automatic),,755.4,No
0056-EPFBG,Male,No,DSL,No,Two year,Yes,Credit card (automatic),39.4,825.4,No
8993-IZEUX,Male,Yes,Fiber optic,No,Month-to-month,No,Bank transfer (automatic),69.15,488.65,No
8696-JKZNU,Female,Yes,Fiber optic,No,Month-to-month,Yes,Electronic check,76.25,2841.55,Yes
5380-AFSSK,Female,Yes,Fiber optic,Yes,Month-to-month,Yes,Mailed check,93.9,486.85,Yes
8190-ZTQFB,Male,No,DSL,Yes,One year,Yes,Electronic check,51.35,2075.1,No
0931-MHTEM,Female,Yes,Fiber optic,Yes,One year,Yes,Credit card (automatic),100.05,5299.65,No
2055-PDADH,Female,Yes,Fiber optic,No,Month-to-month,Yes,Electronic check,70.4,204.7,Yes
7515-LODFU,,Yes,,,Two year,No,Credit card (automatic),,1356.3,No
0440-UEDAI,Female,Yes,Fiber optic,No,One year,Yes,Credit card (automatic),94.45,5042.75,No
1337-BOZWO,Male,No,DSL,Yes,One year,No,Credit card (automatic),46.4,812.4,No
0868-VJRDR,Male,Yes,Fiber optic,Yes,Two year,Yes,Credit card (automatic),104.05,6605.55,No
8714-EUHJO,Female,Yes,Fiber optic,No,Month-to-month,Yes,Electronic check,91.15,2995.45,Yes
6344-SFJVH,Female,No,DSL,No,Month-to-month,No,Credit card (automatic),24.9,505.95,No
3950-VPYJB,Male,Yes,DSL,No,One year,No,Mailed check,59.6,3509.4,No
8041-TMEID,Male,Yes,Fiber optic,Yes,Two year,No,Credit card (automatic),108.5,6991.9,No
7321-ZNSLA,Male,No,DSL,No,Two year,No,Mailed check,40.55,590.35,No
6941-KXRRV,Female,Yes,DSL,No,One year,Yes,Bank transfer (automatic),58.95,2789.7,No
3721-CNEYS,,Yes,,,Month-to-month,Yes,Electronic check,,137.95,Yes
8727-JQFHV,Male,Yes,No,No internet service,Two year,No,Mailed check,20.75,1123.15,No
9475-NNDGC,,Yes,,,One year,Yes,Bank transfer (automatic),,7953.25,No
1355-KUSBG,,Yes,,,Month-to-month,No,Electronic check,,349.8,No
3688-FTHLT,Female,Yes,DSL,No,Month-to-month,Yes,Bank transfer (automatic),63.05,1067.05,No
0899-LIIBW,Male,Yes,Fiber optic,Yes,Month-to-month,No,Electronic check,100.85,3527.3,No
2568-OIADY,Female,Yes,Fiber optic,Yes,Month-to-month,Yes,Electronic check,99.5,3762,Yes
1384-RCUXW,Male,Yes,Fiber optic,No,Month-to-month,Yes,Mailed check,80.55,1248.9,No
5825-XJOCM,Male,Yes,DSL,No,One year,Yes,Bank transfer (automatic),64.4,3035.35,No
6848-YLDFR,Male,Yes,DSL,Yes,One year,Yes,Credit card (automatic),75.2,4300.8,No
8125-QPFJD,Female,Yes,DSL,Yes,Two year,Yes,Bank transfer (automatic),84.9,6065.3,No
2320-YKQBO,Female,Yes,No,No internet service,Month-to-month,No,Mailed check,19.3,144.95,No
1193-RTSLK,Female,Yes,Fiber optic,No,Month-to-month,Yes,Credit card (automatic),83.9,3233.6,Yes
2302-ANTDP,Female,Yes,Fiber optic,Yes,Month-to-month,No,Electronic check,117.45,5438.9,Yes
5923-GXUOC,Male,Yes,Fiber optic,Yes,Month-to-month,Yes,Electronic check,104.4,1081.45,Yes
4973-RLZVI,Female,Yes,DSL,Yes,One year,No,Credit card (automatic),74.65,2308.6,No
7869-ZYDST,Male,Yes,DSL,Yes,Month-to-month,Yes,Credit card (automatic),59.05,1882.8,No
4501-UYKBC,Female,Yes,DSL,,One year,Yes,Credit card (automatic),,3255.35,No
1215-EXRMO,Male,Yes,No,No internet service,Two year,No,Mailed check,20.55,1067.65,No
2305-MRGLV,Male,Yes,Fiber optic,No,Month-to-month,No,Bank transfer (automatic),76.55,2065.4,No
8404-VIOMB,Female,No,DSL,Yes,Two year,Yes,Bank transfer (automatic),62.5,4136.4,No
5233-GEEAX,Male,No,DSL,No,Month-to-month,Yes,Electronic check,29.4,221.9,Yes
2359-KLTEK,Female,Yes,Fiber optic,Yes,Month-to-month,Yes,Bank transfer (automatic),94.9,3848,No
5304-EFJLP,,Yes,,,Two year,Yes,Bank transfer (automatic),,8022.85,No
2673-ZALNP,Female,Yes,No,,One year,No,Mailed check,,173.15,No
9184-GALIL,Female,Yes,No,No internet service,Month-to-month,No,Mailed check,20.45,781.25,No
4393-RYCRE,Male,Yes,Fiber optic,Yes,One year,Yes,Electronic check,106.05,4510.8,No
9746-MDMBK,Male,Yes,Fiber optic,Yes,One year,Yes,Bank transfer (automatic),113.45,5317.8,No
3162-ZJZFU,Male,Yes,Fiber optic,Yes,Month-to-month,Yes,Electronic check,92.55,4779.45,No
8404-GFGCZ,Male,Yes,DSL,Yes,Month-to-month,No,Electronic check,65.6,250.1,No
8875-AKBYH,Male,Yes,Fiber optic,Yes,Month-to-month,Yes,Electronic check,84.35,1745.2,No
4432-ADRLB,Male,Yes,DSL,No,Month-to-month,No,Mailed check,44.65,74.9,Yes
0533-UCAAU,Male,Yes,DSL,Yes,One year,Yes,Credit card (automatic),71.1,4140.1,No
1394-SUIUH,Female,Yes,Fiber optic,No,Month-to-month,Yes,Electronic check,85.15,3670.5,No
3521-MNKLV,Male,Yes,DSL,No,Month-to-month,Yes,Mailed check,49.7,1167.8,No
2533-TIBIX,Male,No,DSL,No,Month-to-month,Yes,Bank transfer (automatic),30.2,469.65,No
8993-PHFWD,Female,No,DSL,No,Month-to-month,No,Electronic check,25.25,58.9,Yes
1565-RHDJD,Female,Yes,Fiber optic,No,Month-to-month,No,Bank transfer (automatic),84.05,333.55,Yes
7137-RYLPP,,Yes,,,Month-to-month,Yes,Electronic check,,3171.15,Yes
3765-JXVKY,Female,Yes,Fiber optic,No,Month-to-month,Yes,Electronic check,74.7,74.7,Yes
5092-STPKP,Female,Yes,DSL,No,Month-to-month,No,Credit card (automatic),56.35,1381.2,No
7330-WZLNC,Female,Yes,Fiber optic,Yes,Month-to-month,Yes,Electronic check,90.8,455.5,Yes
0114-PEGZZ,Female,Yes,Fiber optic,Yes,Month-to-month,No,Electronic check,107.55,3645.5,No
3359-DSRKA,Female,Yes,No,No internet service,Two year,Yes,Mailed check,19.85,1158.85,No
8639-NHQEI,Female,Yes,Fiber optic,Yes,Two year,Yes,Bank transfer (automatic),95.9,6954.15,No
7161-DFHUF,Female,Yes,No,,Two year,No,Mailed check,,1672.1,No
3957-LXOLK,Female,Yes,Fiber optic,Yes,Month-to-month,Yes,Electronic check,106.15,3152.5,Yes
3720-DBRWL,,Yes,,,Two year,Yes,Credit card (automatic),,4307.1,No
6635-MYYYZ,Female,Yes,DSL,Yes,One year,No,Bank transfer (automatic),85.35,2530.4,Yes
8565-WUXZU,Male,Yes,Fiber optic,No,Two year,Yes,Credit card (automatic),84.8,6141.65,No
5281-BUZGT,Male,Yes,Fiber optic,Yes,Month-to-month,Yes,Electronic check,90.85,3186.7,Yes
4994-OBRSZ,,Yes,,,Two year,No,Bank transfer (automatic),,1054.8,No
0562-FGDCR,Female,Yes,DSL,,Two year,No,Mailed check,,5430.65,No
2436-QBZFP,Female,No,DSL,Yes,Month-to-month,No,Electronic check,39.2,849.9,No
3420-YJLQT,Female,Yes,Fiber optic,No,Month-to-month,No,Electronic check,79.55,151.75,No
6040-CGACY,Female,Yes,No,No internet service,Month-to-month,No,Mailed check,19.6,299.4,No
6582-PLFUU,Male,Yes,No,No internet service,Two year,No,Credit card (automatic),19.55,1086.75,No
8242-PDSGJ,Male,No,DSL,No,Two year,Yes,Credit card (automatic),39.15,2692.75,No
0264-CNITK,Female,Yes,No,No internet service,Two year,No,Bank transfer (automatic),20.1,1389.6,No
0089-IIQKO,Female,Yes,Fiber optic,Yes,Month-to-month,Yes,Credit card (automatic),99.95,3767.4,No
7839-NUIAA,Female,Yes,DSL,No,Month-to-month,No,Electronic check,59.8,3641.5,No
6075-QMNRR,Female,Yes,DSL,No,Month-to-month,Yes,Bank transfer (automatic),49.75,2535.55,No
5378-IKEEG,Female,No,DSL,Yes,Month-to-month,Yes,Electronic check,35.75,35.75,Yes
5966-EMAZU,Male,Yes,Fiber optic,Yes,One year,Yes,Mailed check,108.5,6880.85,No
0440-EKDCF,Male,Yes,DSL,No,Two year,Yes,Credit card (automatic),60.15,3753.2,No
4774-HHGGS,Male,Yes,No,No internet service,Two year,No,Mailed check,19.05,637.55,No
2718-GAXQD,Female,Yes,DSL,No,Month-to-month,No,Electronic check,46,181.6,Yes
2055-BFOCC,Male,Yes,DSL,Yes,One year,Yes,Bank transfer (automatic),84,5329.55,No
8180-AKMJV,Female,Yes,,,Month-to-month,Yes,Credit card (automatic),,44.55,No
4298-OYIFC,Male,Yes,Fiber optic,Yes,Month-to-month,Yes,Electronic check,103.45,1539.8,No
5566-SOEZD,Male,Yes,Fiber optic,No,One year,Yes,Credit card (automatic),80.65,2209.75,No
9842-EFSYY,Female,No,DSL,Yes,Month-to-month,Yes,Mailed check,57.2,223.75,No
2272-WUSPA,Female,Yes,Fiber optic,Yes,Two year,Yes,Electronic check,110.75,7751.7,No
4584-LBNMK,Male,Yes,No,No internet service,One year,No,Credit card (automatic),24.7,1174.35,No
3898-GUYTS,,Yes,,,Month-to-month,Yes,Electronic check,,4385.05,No
0930-EHUZA,Female,Yes,DSL,Yes,One year,Yes,Mailed check,76.35,2606.35,No
6413-XKKPU,Male,Yes,Fiber optic,Yes,Month-to-month,Yes,Electronic check,89.4,1539.45,Yes
9975-SKRNR,Male,Yes,No,,Month-to-month,No,Mailed check,,18.9,No
3703-KBKZP,Male,Yes,Fiber optic,No,Month-to-month,Yes,Bank transfer (automatic),74.45,1261.35,No
1449-XQEMT,Male,Yes,No,No internet service,Month-to-month,Yes,Mailed check,19.8,58.15,Yes
2626-URJFX,Male,Yes,DSL,No,Month-to-month,Yes,Electronic check,50.9,225.6,Yes
4973-MGTON,Female,Yes,DSL,Yes,Two year,Yes,Credit card (automatic),84.4,5969.3,No
3682-YEUWS,Male,Yes,No,No internet service,Month-to-month,Yes,Mailed check,24.4,253.9,No
1223-UNPKS,Male,Yes,No,No internet service,Two year,No,Mailed check,20.05,400,No
2612-RRIDN,Male,Yes,Fiber optic,Yes,Month-to-month,Yes,Electronic check,81,340.85,Yes
4735-ASGMA,Male,Yes,Fiber optic,Yes,Month-to-month,Yes,Electronic check,98.35,2515.3,Yes
3446-QDSZF,Female,Yes,DSL,Yes,Month-to-month,No,Credit card (automatic),55.5,227.35,No
3669-LVWZB,Male,No,DSL,Yes,Month-to-month,Yes,Mailed check,51,305.95,Yes
6892-EZDTG,Female,Yes,,,Month-to-month,Yes,Electronic check,,365.4,Yes
5117-IFGPS,,Yes,,,Month-to-month,Yes,Electronic check,,2357.75,No
7379-FNIUJ,Male,Yes,Fiber optic,Yes,Month-to-month,No,Electronic check,100.2,198.5,No
1627-AFWVJ,Female,Yes,No,No internet service,Two year,No,Mailed check,19.4,554.25,No
9725-SCPZG,Male,Yes,Fiber optic,Yes,Month-to-month,Yes,Electronic check,90.85,90.85,Yes
5884-GCYMI,Male,Yes,Fiber optic,No,Month-to-month,No,Mailed check,69.4,69.4,Yes
3217-FZDMN,Female,Yes,Fiber optic,Yes,Month-to-month,Yes,Credit card (automatic),94.45,742.95,Yes
4486-EFAEB,Male,Yes,No,No internet service,Month-to-month,Yes,Electronic check,20.4,251.65,No
0060-FUALY,Female,Yes,Fiber optic,Yes,Month-to-month,Yes,Electronic check,94.75,5597.65,No
7853-GVUDZ,Female,Yes,,,Month-to-month,Yes,Credit card (automatic),,20.15,Yes
7480-QNVZJ,Male,Yes,Fiber optic,Yes,Month-to-month,Yes,Electronic check,95.7,4816.7,Yes
6954-OOYZZ,Male,Yes,DSL,No,Month-to-month,Yes,Bank transfer (automatic),44.35,768.05,No
7088-FBAWU,Female,Yes,DSL,Yes,Month-to-month,No,Mailed check,74.55,1215.8,No
8313-AFGBW,Male,Yes,DSL,Yes,Two year,No,Electronic check,73.6,3522.65,No
3943-KDREE,Female,Yes,Fiber optic,No,Month-to-month,Yes,Bank transfer (automatic),74.95,1834.95,Yes
9239-ZBZZV,Female,No,DSL,Yes,Month-to-month,Yes,Electronic check,47.95,305.1,Yes
3097-IDVPU,Male,Yes,DSL,No,Month-to-month,No,Credit card (automatic),50.1,910.45,No
4398-HSCJH,Female,Yes,DSL,Yes,Month-to-month,Yes,Electronic check,63.6,155.65,Yes
2197-OMWGI,Female,No,DSL,Yes,Two year,Yes,Electronic check,53,3656.25,No
2303-PJYHN,Female,Yes,No,No internet service,Month-to-month,No,Bank transfer (automatic),19.85,52,No
9795-VOWON,Male,No,,,One year,Yes,Credit card (automatic),,150.85,No
1237-WIYYZ,Female,Yes,No,No internet service,Month-to-month,Yes,Mailed check,19.55,389.25,No
1987-AUELQ,Female,Yes,No,No internet service,Two year,No,Credit card (automatic),25.05,1873.7,No
7852-LECYP,Male,Yes,Fiber optic,No,Month-to-month,No,Credit card (automatic),93.8,1261,No
4430-UZIPO,Male,No,DSL,No,Month-to-month,Yes,Mailed check,36.85,108.7,Yes
4822-LPTYJ,Male,Yes,Fiber optic,Yes,Two year,Yes,Bank transfer (automatic),103.75,7346.2,No
8165-CBKXO,Male,No,DSL,Yes,Two year,Yes,Credit card (automatic),56.75,3708.4,No
6527-PZFPV,Male,Yes,No,No internet service,One year,Yes,Credit card (automatic),20.8,469.65,No
4855-SNKMY,Female,Yes,DSL,No,Month-to-month,Yes,Electronic check,44.1,44.1,Yes
9593-CVZKR,Female,Yes,,,Two year,Yes,Mailed check,,1385.85,No
8595-SIZNC,Female,Yes,No,No internet service,One year,No,Bank transfer (automatic),25.6,548.8,No
8008-HAWED,Male,No,,,Month-to-month,Yes,Electronic check,,712.75,Yes
7124-UGSUR,Female,Yes,Fiber optic,Yes,One year,Yes,Credit card (automatic),104.4,6405,Yes
1862-SKORY,Female,No,DSL,Yes,Month-to-month,Yes,Electronic check,39.3,1637.4,Yes
5236-XMZJY,Female,Yes,,,Month-to-month,No,Bank transfer (automatic),,2536.55,No
4827-DPADN,Female,Yes,DSL,Yes,Two year,Yes,Bank transfer (automatic),83.3,6042.7,No
2694-CIUMO,Female,Yes,Fiber optic,No,Month-to-month,Yes,Credit card (automatic),79.55,958.25,No
5846-ABOBJ,Male,Yes,No,No internet service,Two year,No,Bank transfer (automatic),24.45,1730.65,No
1439-LCGVL,Female,Yes,No,No internet service,One year,No,Mailed check,19.2,459.6,No
0909-SDHNU,Female,No,DSL,No,Month-to-month,No,Mailed check,29.8,201.95,No
4647-XXZAM,Female,Yes,DSL,No,Month-to-month,No,Mailed check,45.5,285.2,No
1502-XFCVR,Female,Yes,Fiber optic,Yes,One year,Yes,Electronic check,106.45,6145.85,Yes
7740-KKCXF,Male,No,DSL,No,Month-to-month,Yes,Credit card (automatic),30.05,1529.45,No
5360-XGYAZ,Male,No,DSL,Yes,Two year,Yes,Bank transfer (automatic),65.65,4664.5,No
9692-TUSXH,Female,Yes,Fiber optic,Yes,Month-to-month,Yes,Electronic check,96.05,1740.7,Yes
7912-SYRQT,Female,Yes,,,Month-to-month,Yes,Bank transfer (automatic),,552.95,Yes
3557-HTYWR,Female,Yes,DSL,No,Two year,No,Mailed check,74.05,3496.3,No
4816-JBHOV,Male,Yes,DSL,No,Month-to-month,Yes,Electronic check,44.7,93.7,Yes
8920-NAVAY,Male,Yes,Fiber optic,Yes,One year,Yes,Bank transfer (automatic),110.75,7053.35,No
1699-TLDLZ,Female,Yes,No,,Two year,No,Mailed check,,301.55,No
5600-PDUJF,Male,Yes,DSL,No,Month-to-month,Yes,Credit card (automatic),49.5,312.7,No
8292-TYSPY,Male,Yes,,,Month-to-month,Yes,Credit card (automatic),,1046.5,Yes
0567-XRHCU,Female,No,DSL,,Two year,Yes,Credit card (automatic),,2960.1,No
1867-BDVFH,Male,Yes,Fiber optic,No,Month-to-month,Yes,Electronic check,74.35,834.2,Yes
2067-QYTCF,Female,Yes,Fiber optic,Yes,Month-to-month,Yes,Electronic check,111.15,6953.4,No
2359-QWQUL,Female,Yes,Fiber optic,Yes,One year,Yes,Credit card (automatic),104.7,4134.85,Yes
9103-TCIHJ,Female,Yes,,,Month-to-month,Yes,Mailed check,,899.8,Yes
7407-SUJIZ,Male,Yes,,,Month-to-month,No,Mailed check,,541.5,No
9150-KPBJQ,Female,Yes,No,,Two year,No,Credit card (automatic),,116.85,No
0052-DCKON,Male,Yes,Fiber optic,Yes,One year,No,Bank transfer (automatic),115.8,7942.15,No
3654-ARMGP,,Yes,,,Two year,No,Credit card (automatic),,5321.25,No
9699-UBQFS,Female,Yes,Fiber optic,Yes,Month-to-month,Yes,Electronic check,94.5,4156.8,No
9367-TCUYN,Female,Yes,No,No internet service,Month-to-month,No,Mailed check,20.1,223.6,No
1261-FWTTE,Male,No,DSL,No,Month-to-month,Yes,Bank transfer (automatic),34.65,768.45,No
3528-HFRIQ,,No,,,Month-to-month,Yes,Bank transfer (automatic),,3765.05,No
0708-SJDIS,Female,Yes,DSL,Yes,Month-to-month,No,Mailed check,65,2157.5,No
4140-WJAWW,Female,Yes,No,No internet service,Month-to-month,No,Credit card (automatic),19.85,108.05,Yes
2073-QBVBI,Female,No,DSL,No,One year,No,Mailed check,35.45,1391.65,No
6928-ONTRW,Female,Yes,No,No internet service,Two year,No,Credit card (automatic),19.7,1379.8,No
3320-VEOYC,Male,Yes,Fiber optic,Yes,Month-to-month,Yes,Electronic check,95.6,1273.3,No
5231-FIQPA,Female,Yes,No,No internet service,Two year,Yes,Mailed check,19.85,810.45,No
6617-WLBQC,Female,Yes,,,One year,No,Credit card (automatic),,1810.85,No
2599-CIPQE,Male,Yes,Fiber optic,,Two year,No,Credit card (automatic),,7782.85,No
6653-CBBOM,Female,Yes,Fiber optic,No,Month-to-month,Yes,Electronic check,70.3,70.3,Yes
8774-GSBUN,Male,Yes,No,No internet service,Two year,No,Mailed check,25.4,1797.1,No
7326-RIGQZ,Male,Yes,Fiber optic,No,Month-to-month,Yes,Electronic check,69.8,377.85,No
1401-FTHFQ,Male,Yes,,,One year,Yes,Credit card (automatic),,445.3,No
3247-ZVOUO,Male,Yes,Fiber optic,No,Month-to-month,No,Electronic check,85.55,851.75,Yes
0254-FNMCI,Female,Yes,Fiber optic,,Two year,Yes,Electronic check,,7624.2,No
1848-LBZHY,Female,Yes,DSL,No,Month-to-month,Yes,Bank transfer (automatic),50.3,355.1,No
6101-IMRMM,Male,Yes,Fiber optic,Yes,Month-to-month,No,Mailed check,94.5,575.45,Yes
8118-TJAFG,Male,Yes,Fiber optic,Yes,Month-to-month,Yes,Electronic check,101.5,906.85,No
5429-LWCMV,Female,Yes,Fiber optic,No,Month-to-month,Yes,Electronic check,89.15,1057.55,No
7298-IZWLY,Female,Yes,No,No internet service,Month-to-month,Yes,Mailed check,19.4,19.4,No
9758-MFWGD,Female,No,DSL,No,One year,No,Bank transfer (automatic),29.9,1388.75,No
3955-JBZZM,Male,Yes,Fiber optic,,Month-to-month,No,Electronic check,,1641.3,No
1268-ASBGA,Female,Yes,Fiber optic,No,Month-to-month,Yes,Credit card (automatic),85.35,1375.15,Yes
8943-URTMR,Female,Yes,Fiber optic,Yes,Month-to-month,Yes,Mailed check,79.65,152.7,Yes
4815-TUMEQ,Female,Yes,No,,One year,Yes,Mailed check,,185.2,No
4713-LZDRV,Female,Yes,Fiber optic,No,Month-to-month,Yes,Electronic check,79.6,195.05,Yes
9909-IDLEK,Male,Yes,Fiber optic,Yes,Month-to-month,No,Mailed check,96.8,1826.7,No
4092-OFQZS,Male,Yes,No,No internet service,One year,No,Mailed check,20.65,417.5,No
1561-BWHIN,Male,Yes,No,No internet service,One year,No,Mailed check,19.8,344.5,No
4325-NFSKC,Male,Yes,Fiber optic,Yes,Month-to-month,Yes,Electronic check,90.6,1660,Yes
9927-DSWDF,Male,Yes,Fiber optic,Yes,Month-to-month,Yes,Electronic check,104.6,2180.55,No
9500-LTVBP,,Yes,,,Month-to-month,No,Credit card (automatic),,2835.9,No
7252-NTGSS,,Yes,,,Month-to-month,No,Mailed check,,45.15,No
8149-AIQCG,Male,Yes,Fiber optic,No,Month-to-month,Yes,Credit card (automatic),73.15,2730.85,No
1360-JYXKQ,,Yes,,,One year,Yes,Electronic check,,5437.1,No
2955-PSXOE,Female,Yes,No,No internet service,Month-to-month,Yes,Bank transfer (automatic),20.2,20.2,Yes
7762-URZQH,Male,Yes,Fiber optic,Yes,Two year,Yes,Credit card (automatic),106.05,6981.35,Yes
0899-WZRSD,Male,Yes,Fiber optic,Yes,Month-to-month,Yes,Mailed check,105.35,5794.45,No
3255-GRXMG,Male,Yes,DSL,No,Month-to-month,Yes,Credit card (automatic),45.65,747.2,No
4828-FAZPK,Female,Yes,Fiber optic,No,Month-to-month,Yes,Credit card (automatic),79.95,1267.95,No
6094-ZIVKX,Female,Yes,DSL,No,One year,Yes,Credit card (automatic),54.45,3674.95,No
6925-BAYGL,Female,Yes,No,No internet service,Two year,No,Credit card (automatic),25.1,1275.6,No
3262-EIDHV,Female,Yes,DSL,Yes,Two year,No,Credit card (automatic),84.7,5893.9,No
7354-OIJLX,,Yes,,,Month-to-month,Yes,Electronic check,,724.65,No
1376-HHBDV,Female,Yes,DSL,No,Month-to-month,Yes,Mailed check,48.8,1536.75,No
6907-NZZIJ,Female,Yes,Fiber optic,Yes,Month-to-month,Yes,Electronic check,99.15,3615.6,Yes
6133-OZILE,,No,,,Month-to-month,Yes,Electronic check,,607.3,No
4135-FRWKJ,,Yes,,,One year,No,Electronic check,,4154.55,No
2911-UREFD,Female,No,DSL,Yes,Month-to-month,No,Electronic check,55.9,2184.35,Yes
3744-ZRRDZ,Male,Yes,Fiber optic,No,Month-to-month,Yes,Electronic check,82.35,1852.85,Yes
5673-TIYIB,,No,,,Month-to-month,Yes,Credit card (automatic),,77.15,Yes
6551-ZCOTS,Male,Yes,No,No internet service,One year,Yes,Bank transfer (automatic),24.9,847.8,No
7191-ADRGF,Male,No,DSL,Yes,Two year,No,Bank transfer (automatic),54.3,2390.45,No
5018-LXQQG,,Yes,,,Month-to-month,No,Bank transfer (automatic),,1923.5,No
6892-BOGQE,Female,Yes,No,No internet service,Two year,Yes,Bank transfer (automatic),20.9,1493.2,No
1602-IJQQE,Female,Yes,Fiber optic,No,Month-to-month,No,Electronic check,75.35,338.1,Yes
4628-WQCQQ,,Yes,,,One year,Yes,Electronic check,,3030.6,Yes
1746-TGTWV,Male,Yes,Fiber optic,No,Month-to-month,No,Credit card (automatic),75.35,75.35,No
5995-SNNEW,Male,Yes,Fiber optic,Yes,Month-to-month,Yes,Electronic check,104.45,2184.85,No
8050-WYBND,Female,No,DSL,Yes,One year,Yes,Credit card (automatic),49.45,1031.4,No
2821-WARNZ,Female,Yes,No,No internet service,One year,No,Credit card (automatic),19.45,921.3,No
4879-GZLFH,Female,Yes,,,Month-to-month,Yes,Electronic check,,3875.4,No
1644-IRKSF,Female,Yes,Fiber optic,Yes,One year,Yes,Electronic check,93.8,3124.5,Yes
8314-HTWVE,Female,Yes,No,No internet service,Two year,No,Mailed check,19.85,144.15,No
9402-ROUMJ,Female,Yes,,,One year,Yes,Bank transfer (automatic),,6689,No
2507-QZPQS,Male,Yes,Fiber optic,No,Month-to-month,No,Electronic check,95.7,1451.1,No
7159-NOKYQ,Male,Yes,Fiber optic,No,Two year,Yes,Electronic check,93.15,6368.2,No
5707-ZMDJP,,Yes,,,Two year,Yes,Mailed check,,3729.6,No
8779-YIQQA,Male,Yes,No,No internet service,One year,No,Mailed check,19.8,350.1,No
7136-IHZJA,Female,Yes,DSL,No,Month-to-month,Yes,Mailed check,71.35,2847.2,No
8966-OIQHG,Female,Yes,No,No internet service,One year,No,Bank transfer (automatic),20.75,452.35,No
7074-STDCN,Male,No,DSL,No,Month-to-month,Yes,Electronic check,40.6,1494.5,No
3705-PSNGL,Male,Yes,No,No internet service,One year,Yes,Electronic check,20.4,930.45,Yes
8739-QOTTN,Female,Yes,No,No internet service,Month-to-month,No,Mailed check,20.35,41.85,No
1399-OUPJN,Female,Yes,No,No internet service,Two year,No,Bank transfer (automatic),19.75,1272.05,No
0277-BKSQP,Male,Yes,DSL,Yes,Month-to-month,Yes,Electronic check,54.4,475.1,No
6502-HCJTI,Male,Yes,Fiber optic,No,Month-to-month,Yes,Credit card (automatic),94.7,673.1,Yes
2606-RMDHZ,Male,No,DSL,No,Month-to-month,Yes,Credit card (automatic),30.5,208.7,Yes
5774-XZTQC,Female,Yes,No,No internet service,Month-to-month,No,Mailed check,20.45,150.75,No
2676-SSLTO,Male,Yes,DSL,Yes,Two year,Yes,Bank transfer (automatic),66.15,3199,No
6266-QHOJZ,,Yes,,,One year,Yes,Electronic check,,5844.65,No
7269-JISCY,Female,Yes,DSL,No,One year,No,Bank transfer (automatic),45.05,2462.6,No
0363-SVHYR,Male,Yes,DSL,Yes,Two year,No,Bank transfer (automatic),86.85,6263.8,No
8547-NSBBO,Male,Yes,Fiber optic,No,Month-to-month,Yes,Mailed check,96.75,3403.4,No
8258-GSTJK,Male,Yes,Fiber optic,No,Month-to-month,Yes,Electronic check,77,237.75,Yes
6861-OKBCE,Female,Yes,No,,Month-to-month,No,Credit card (automatic),,221.35,Yes
9940-RHLFB,Female,Yes,Fiber optic,,Month-to-month,No,Electronic check,,75.3,Yes
6591-QGOYB,Male,Yes,Fiber optic,Yes,Month-to-month,Yes,Bank transfer (automatic),106.65,1672.1,No
9070-BCKQP,,Yes,,,Two year,Yes,Credit card (automatic),,7881.2,No
6421-SZVEM,Female,Yes,Fiber optic,No,One year,Yes,Bank transfer (automatic),82.85,2320.8,No
1328-EUZHC,Female,Yes,No,No internet service,Two year,No,Mailed check,20.1,370.5,No
2995-UPRYS,Female,Yes,Fiber optic,,One year,Yes,Credit card (automatic),,4062.2,Yes
8878-RYUKI,Female,Yes,DSL,No,Month-to-month,Yes,Electronic check,59.45,3043.7,No
9633-DENPU,,Yes,,,Month-to-month,Yes,Bank transfer (automatic),,2723.4,No
7811-JIVPF,Female,Yes,DSL,No,Month-to-month,No,Credit card (automatic),49.7,1081.25,No
7113-HIPFI,Male,Yes,DSL,No,Two year,No,Mailed check,65.85,4097.05,No
8541-QVFKM,Female,Yes,Fiber optic,No,Month-to-month,Yes,Electronic check,73.5,632.2,No
6686-YPGHK,Male,Yes,Fiber optic,No,Month-to-month,No,Mailed check,85.5,4042.3,Yes
1383-EZRWL,Female,Yes,,,Month-to-month,No,Mailed check,,164.85,Yes
9258-CNWAC,Female,Yes,Fiber optic,Yes,Two year,No,Credit card (automatic),113.65,8166.8,No
5371-VYLSX,Female,Yes,Fiber optic,No,Month-to-month,Yes,Electronic check,83.4,4113.7,No
6374-AFWOX,Male,Yes,DSL,No,Two year,No,Mailed check,65.65,3047.15,No
4759-TRPLW,Male,Yes,Fiber optic,No,Month-to-month,No,Electronic check,70.4,70.4,Yes
5317-FLPJF,Female,No,DSL,Yes,Two year,Yes,Bank transfer (automatic),61.35,4193.4,No
7621-VPNET,Female,Yes,Fiber optic,No,Month-to-month,Yes,Credit card (automatic),85.9,3729.75,No
6034-YMTOB,Female,Yes,Fiber optic,No,Month-to-month,Yes,Mailed check,75.65,399.45,No
8563-IIOXK,,Yes,,,One year,Yes,Electronic check,,331.3,Yes
4903-CNOZC,Male,Yes,DSL,No,One year,No,Credit card (automatic),70.9,1964.6,No
4353-HYOJD,Female,Yes,DSL,No,Month-to-month,No,Mailed check,49.85,1336.15,No
8020-BWHYL,,Yes,,,Month-to-month,Yes,Credit card (automatic),,1147.45,Yes
7267-FRMJW,Female,Yes,No,No internet service,Two year,No,Mailed check,20.1,486.05,No
2982-VPSGI,Female,Yes,Fiber optic,Yes,Month-to-month,Yes,Electronic check,94,1078.9,Yes
4188-FRABG,Male,Yes,Fiber optic,Yes,Month-to-month,Yes,Electronic check,103.05,5925.75,No
8199-ZLLSA,Male,Yes,Fiber optic,Yes,One year,Yes,Bank transfer (automatic),118.35,7804.15,Yes
4128-ETESU,,Yes,,,Month-to-month,No,Electronic check,,4747.2,No
0620-DLSLK,Female,Yes,Fiber optic,Yes,Month-to-month,Yes,Mailed check,81.9,1028.9,No
4625-EWPTF,Male,No,DSL,,Month-to-month,Yes,Electronic check,,226.45,Yes
5980-NOPLP,Female,Yes,Fiber optic,Yes,Month-to-month,Yes,Electronic check,96.1,4364.1,Yes
3850-OKINF,Male,Yes,DSL,Yes,One year,Yes,Electronic check,66.2,4692.55,No
6892-XPFPU,Male,Yes,Fiber optic,Yes,Month-to-month,Yes,Electronic check,104.25,2433.9,Yes
8010-EZLOU,Male,Yes,Fiber optic,No,Month-to-month,Yes,Electronic check,80.2,1217.25,Yes
1156-ZFYDO,Female,Yes,No,No internet service,Month-to-month,No,Electronic check,19.75,19.75,No
3295-YVUSR,Male,Yes,Fiber optic,No,Month-to-month,Yes,Mailed check,72.6,154.3,No
8016-NCFVO,Male,Yes,Fiber optic,,Month-to-month,Yes,Electronic check,,6382.55,No
4119-ZYPZY,Male,Yes,Fiber optic,Yes,Two year,Yes,Electronic check,106.8,7623.2,No
5549-ZGHFB,Male,Yes,No,No internet service,Two year,No,Mailed check,24.95,1261.45,No
7577-SWIFR,Male,Yes,Fiber optic,Yes,Month-to-month,Yes,Electronic check,89.25,89.25,No
0303-WMMRN,,Yes,,,Month-to-month,Yes,Mailed check,,86.05,No
6408-OTUBZ,Female,Yes,Fiber optic,Yes,One year,Yes,Bank transfer (automatic),104.55,6779.05,No
5204-HMGYF,Female,Yes,DSL,Yes,One year,Yes,Mailed check,87.2,4345,No
1078-TDCRN,Female,No,DSL,No,Month-to-month,Yes,Electronic check,30.75,82.85,No
3727-OVPRY,Male,Yes,No,No internet service,One year,Yes,Credit card (automatic),25.7,1714.55,No
3797-FKOGQ,Male,Yes,Fiber optic,No,Month-to-month,No,Electronic check,86.2,893.2,No
7622-NXQZR,Male,No,DSL,No,Month-to-month,Yes,Credit card (automatic),30.1,810.85,No
6196-HBOBZ,Male,Yes,Fiber optic,Yes,Two year,Yes,Electronic check,99.35,6347.55,No
3970-XGJDU,Female,Yes,No,No internet service,Two year,Yes,Credit card (automatic),19.2,1123.65,No
7017-VFULY,Female,Yes,No,No internet service,Month-to-month,No,Bank transfer (automatic),20.1,43.15,No
5562-YJQGT,,Yes,,,Month-to-month,No,Credit card (automatic),,35.1,No
8807-OPMBM,Female,Yes,No,No internet service,Two year,Yes,Credit card (automatic),25.65,1388,No
5439-WIKXB,Male,Yes,Fiber optic,Yes,Month-to-month,Yes,Electronic check,94.55,3851.45,No
9874-QLCLH,,Yes,,,Month-to-month,Yes,Electronic check,,1743.5,Yes
8294-UIMBA,Female,Yes,Fiber optic,Yes,One year,Yes,Bank transfer (automatic),94.4,2638.1,No
8109-YUOHE,Male,Yes,,,One year,No,Mailed check,,946.95,No
5840-NVDCG,Female,Yes,DSL,No,Two year,No,Bank transfer (automatic),68.25,1114.85,No
8092-NLTGF,Male,Yes,No,No internet service,Two year,No,Bank transfer (automatic),24.75,1777.6,No
5928-QLDHB,,Yes,,,Month-to-month,Yes,Electronic check,,684.85,No
9840-EFJQB,Female,Yes,Fiber optic,No,Month-to-month,No,Electronic check,74.35,74.35,No
0696-UKTOX,Male,Yes,DSL,No,Month-to-month,No,Electronic check,54.15,1312.45,No
4801-KFYKL,Male,Yes,No,No internet service,Month-to-month,No,Bank transfer (automatic),19.45,159.2,No
3472-OAOOR,,No,,,Month-to-month,Yes,Mailed check,,610.2,No
6135-OZQVA,Female,Yes,DSL,No,Month-to-month,Yes,Electronic check,53.65,404.35,No
8062-YBDOE,Male,Yes,Fiber optic,No,Month-to-month,Yes,Electronic check,69.65,69.65,Yes
2252-JHJGE,Male,Yes,Fiber optic,Yes,One year,No,Electronic check,104,6363.45,No
4188-PCPIG,Female,Yes,DSL,Yes,Two year,Yes,Credit card (automatic),70.35,4124.65,No
6000-APYLU,Male,Yes,Fiber optic,No,Month-to-month,Yes,Electronic check,80.8,713.1,Yes
7105-BENQF,Male,Yes,DSL,No,One year,No,Mailed check,64.85,950.75,No
7721-DVEKZ,Female,Yes,No,No internet service,Month-to-month,No,Mailed check,19.65,19.65,No
3566-VVORZ,Female,Yes,DSL,No,Month-to-month,No,Bank transfer (automatic),45.9,505.95,No
9507-HSMMZ,Male,Yes,No,No internet service,Two year,No,Mailed check,20,1149.65,No
2480-SQIOB,Male,Yes,DSL,No,Month-to-month,No,Electronic check,44.8,169.65,No
0947-IDHRQ,Female,Yes,Fiber optic,Yes,Month-to-month,Yes,Mailed check,80.3,526.7,Yes
7813-TKCVO,Female,Yes,No,No internet service,One year,No,Mailed check,20.35,393.15,No
0128-MKWSG,Female,No,DSL,No,Month-to-month,No,Mailed check,45.8,1147,No
3672-YITQD,Male,Yes,Fiber optic,No,Month-to-month,Yes,Electronic check,84.1,3021.6,Yes
4350-ZTLPI,Female,Yes,Fiber optic,Yes,One year,Yes,Bank transfer (automatic),108.95,5718.2,No
9048-JVYVF,Male,Yes,DSL,Yes,Month-to-month,Yes,Electronic check,69.35,191.35,Yes
0361-HJRDX,Female,No,DSL,,Two year,No,Credit card (automatic),,4539.6,No
5727-MYATE,Male,Yes,DSL,Yes,Two year,Yes,Credit card (automatic),90.8,6397.6,No
3823-KYNQY,Male,Yes,No,No internet service,One year,No,Credit card (automatic),24.95,280.4,No
8988-ECPJR,Female,Yes,Fiber optic,No,Month-to-month,Yes,Mailed check,79.6,2718.3,Yes
7570-WELNY,Female,Yes,Fiber optic,No,Two year,Yes,Bank transfer (automatic),84.7,5711.05,No
3021-VLNRJ,Female,Yes,DSL,Yes,One year,Yes,Credit card (automatic),70.8,3478.15,No
3776-EKTKM,Female,No,DSL,Yes,Month-to-month,Yes,Electronic check,36.45,36.45,Yes
2080-CAZNM,Female,Yes,Fiber optic,Yes,Month-to-month,Yes,Electronic check,104.4,4133.95,No
1028-FFNJK,Male,Yes,Fiber optic,Yes,Month-to-month,Yes,Electronic check,101.5,2917.65,No
6907-FLBER,Male,Yes,DSL,No,Month-to-month,No,Electronic check,54.3,54.3,No
3001-UNBTL,,Yes,,,Month-to-month,Yes,Electronic check,,2964.8,No
5982-PSMKW,Female,Yes,DSL,Yes,Two year,Yes,Credit card (automatic),91.1,2198.3,No
3507-GASNP,Male,Yes,No,No internet service,Two year,No,Mailed check,19.95,1189.9,No
7096-ZNBZI,Female,Yes,No,No internet service,Two year,No,Credit card (automatic),26.45,1914.5,No
1902-XBTFB,,Yes,,,Month-to-month,Yes,Electronic check,,2001.5,Yes
1676-MQAOA,Male,Yes,DSL,Yes,Two year,Yes,Bank transfer (automatic),75.1,5336.35,No
0786-IVLAW,Female,Yes,Fiber optic,,One year,No,Bank transfer (automatic),,7238.6,No
7566-DSRLQ,Female,Yes,Fiber optic,Yes,Two year,Yes,Electronic check,110.15,7998.8,No
0643-OKLRP,Female,Yes,,,Month-to-month,No,Electronic check,,3825.85,Yes
7245-JMTTQ,Female,Yes,Fiber optic,Yes,One year,Yes,Electronic check,111.5,5703.25,No
6050-IJRHS,Female,Yes,Fiber optic,Yes,One year,Yes,Electronic check,106.5,7397,No
6202-JVYEU,Male,Yes,,,One year,Yes,Electronic check,,164.6,No
8591-TKMZH,Male,Yes,Fiber optic,,Two year,Yes,Mailed check,,6555.2,No
0734-OXWBT,Male,Yes,DSL,Yes,Month-to-month,No,Mailed check,70.7,225.65,No
4282-ACRXS,Male,No,DSL,No,Month-to-month,Yes,Electronic check,24.85,955.75,No
0365-TRTPY,Female,Yes,Fiber optic,No,Month-to-month,No,Bank transfer (automatic),91.2,3382.3,No
7349-ALMUX,Male,Yes,DSL,No,Two year,No,Bank transfer (automatic),65.6,2313.8,No
9381-NDKME,Female,No,DSL,No,Month-to-month,Yes,Credit card (automatic),40.65,933.3,Yes
6502-KUGLL,Female,Yes,DSL,No,Month-to-month,No,Bank transfer (automatic),59.45,780.85,No
1841-YSJGV,Male,Yes,Fiber optic,Yes,Two year,Yes,Credit card (automatic),109.95,7852.4,No
2794-XIMMO,Male,No,,,One year,Yes,Electronic check,,3184.25,Yes
8382-SHQEH,Female,Yes,Fiber optic,No,Month-to-month,Yes,Electronic check,84.9,764.95,Yes
3511-BFTJW,Male,No,DSL,No,Two year,No,Credit card (automatic),38.5,2763,No
7668-XCFYV,Female,Yes,Fiber optic,Yes,Month-to-month,Yes,Electronic check,92.55,1614.7,No
2983-ZANRP,Female,Yes,Fiber optic,No,Month-to-month,Yes,Bank transfer (automatic),73.55,145.4,Yes
7845-URHJN,Female,Yes,No,No internet service,Month-to-month,No,Bank transfer (automatic),20.15,156.25,Yes
3034-ZBEQN,Female,No,DSL,No,One year,No,Mailed check,34.7,1604.5,Yes
5018-HEKFO,Female,Yes,No,No internet service,Month-to-month,Yes,Mailed check,24.5,270.15,No
2923-ARZLG,Male,Yes,No,No internet service,One year,Yes,Mailed check,19.7, ,No
3976-NLDEZ,Male,Yes,No,No internet service,Month-to-month,No,Mailed check,20.6,20.6,No
2282-YGNOR,Female,Yes,DSL,No,One year,No,Credit card (automatic),58,1734.5,No
5336-UFNZP,Female,Yes,Fiber optic,Yes,One year,Yes,Electronic check,107.45,7047.5,No
6854-EXGSF,Female,Yes,DSL,No,Month-to-month,Yes,Bank transfer (automatic),65.5,573.15,No
1241-EZFMJ,Male,Yes,No,No internet service,Two year,No,Bank transfer (automatic),25.45,1538.6,No
9233-PSYHO,Female,Yes,Fiber optic,Yes,One year,Yes,Bank transfer (automatic),100.15,4459.8,No
5376-PCKNB,Male,Yes,Fiber optic,Yes,One year,Yes,Credit card (automatic),104.45,7459,No
8044-BGWPI,Male,Yes,No,No internet service,Month-to-month,Yes,Electronic check,21.15,306.05,No
4060-LDNLU,Male,Yes,,,Month-to-month,No,Electronic check,,639.7,No
3589-PPVKW,Male,Yes,DSL,No,Month-to-month,Yes,Mailed check,44.4,348.15,No
8327-LZKAS,Female,Yes,Fiber optic,Yes,One year,Yes,Electronic check,107.55,4533.9,Yes
5887-IKKYO,Male,Yes,Fiber optic,No,Two year,No,Bank transfer (automatic),94.35,5563.65,No
1075-BGWOH,Male,Yes,Fiber optic,Yes,Month-to-month,Yes,Electronic check,98.75,1587.55,Yes
1755-RMCXH,Male,Yes,No,No internet service,Month-to-month,No,Mailed check,20.3,40.25,No
0302-JOIVN,Female,Yes,Fiber optic,Yes,Month-to-month,No,Electronic check,101.15,842.9,Yes
3858-XHYJO,Female,Yes,Fiber optic,,One year,No,Bank transfer (automatic),,4228.55,No
4299-SIMNS,Male,Yes,Fiber optic,No,Month-to-month,Yes,Electronic check,81.15,784.45,No
7025-IWFHT,Male,Yes,Fiber optic,Yes,One year,Yes,Electronic check,89.55,3729.75,No
6261-LHRTG,Female,Yes,DSL,No,Month-to-month,Yes,Credit card (automatic),54.75,1406.9,No
7841-FCRQD,Female,Yes,DSL,No,One year,Yes,Credit card (automatic),53.75,1857.3,No
2056-EVGZL,Male,Yes,Fiber optic,Yes,One year,No,Credit card (automatic),105.75,7322.5,No
8777-MBMTS,Female,Yes,Fiber optic,Yes,Two year,Yes,Credit card (automatic),105.85,6725.5,No
7753-USQYQ,Male,Yes,DSL,No,One year,Yes,Electronic check,64.2,3627.3,No
5366-IJEQJ,Male,Yes,Fiber optic,Yes,Month-to-month,Yes,Electronic check,88.7,1761.45,Yes
7661-CPURM,Male,Yes,Fiber optic,No,One year,Yes,Credit card (automatic),87.7,1725.95,No
6233-HXJMX,Female,Yes,Fiber optic,,Month-to-month,Yes,Credit card (automatic),,4192.15,No
5902-WBLSE,,Yes,,,Two year,Yes,Credit card (automatic),,1411.2,No
1981-INRFU,Female,Yes,Fiber optic,Yes,Month-to-month,Yes,Electronic check,79.75,164.5,Yes
4971-PUYQO,Female,Yes,Fiber optic,,Month-to-month,Yes,Mailed check,,2724.6,Yes
3239-TPHPZ,Female,Yes,No,No internet service,Two year,Yes,Electronic check,20.05,264.55,No
5115-GZDEL,Male,No,DSL,Yes,Two year,No,Credit card (automatic),67.2,4671.7,No
3338-CVVEH,Male,Yes,Fiber optic,Yes,Month-to-month,No,Electronic check,94.55,1173.55,No
8485-GJCDN,,Yes,,,Month-to-month,Yes,Mailed check,,318.5,Yes
2615-YVMYX,Male,Yes,Fiber optic,Yes,Month-to-month,Yes,Electronic check,107.5,7713.55,No
2851-STERV,Male,Yes,DSL,Yes,One year,Yes,Electronic check,73,2471.25,No
4393-GEADV,Male,Yes,Fiber optic,Yes,Two year,No,Credit card (automatic),114.75,7842.3,No
8486-AYEQH,,Yes,,,Month-to-month,Yes,Electronic check,,2227.8,No
1527-SXDPN,Male,Yes,Fiber optic,No,Two year,Yes,Bank transfer (automatic),96.25,4990.25,Yes
6029-WTIPC,Male,Yes,Fiber optic,Yes,Month-to-month,Yes,Electronic check,101.1,3744.05,Yes
8634-CILSZ,Male,Yes,Fiber optic,Yes,One year,Yes,Bank transfer (automatic),104.7,7220.35,Yes
5419-JKZNQ,Male,Yes,Fiber optic,No,Month-to-month,No,Mailed check,77.9,2351.45,No
2495-KZNFB,Female,Yes,Fiber optic,,Month-to-month,Yes,Electronic check,,2989.6,No
1409-PHXTF,Male,Yes,Fiber optic,,Two year,Yes,Electronic check,,6077.75,No
4560-WQAQW,Female,Yes,DSL,No,One year,No,Bank transfer (automatic),68.7,4070.95,No
9591-YVTEB,Male,No,DSL,Yes,Month-to-month,Yes,Electronic check,44.85,2479.05,No
9309-BZGNT,Male,No,DSL,No,One year,Yes,Credit card (automatic),29.8,2134.3,No
4274-DRSQT,Female,Yes,Fiber optic,Yes,One year,Yes,Bank transfer (automatic),88.9,6000.1,No
2027-DNKIV,Male,Yes,DSL,,One year,Yes,Mailed check,,2203.1,No
8075-GXIUB,Male,Yes,No,,One year,No,Credit card (automatic),,183.15,No
2885-HIJDH,Male,Yes,DSL,Yes,Two year,No,Bank transfer (automatic),86.9,6194.1,No
5424-RLQLC,Male,Yes,DSL,Yes,Month-to-month,Yes,Mailed check,59.65,638.95,No
6682-QJDGB,Male,Yes,DSL,No,Month-to-month,Yes,Mailed check,55.25,2139.2,Yes
6507-DTJZV,Male,Yes,,,Month-to-month,No,Credit card (automatic),,831.75,No
8780-IXSTS,Female,Yes,Fiber optic,Yes,Month-to-month,Yes,Electronic check,90.1,521.3,Yes
7673-BQGKU,Female,Yes,No,No internet service,Two year,No,Bank transfer (automatic),20.15,1337.5,No
6723-WSNTY,Female,Yes,Fiber optic,Yes,One year,Yes,Credit card (automatic),108.1,7181.95,No
9530-EHPOH,,Yes,,,Month-to-month,No,Electronic check,,608,Yes
2725-IWWBA,Male,Yes,DSL,No,One year,No,Mailed check,56.9,2560.1,No
0345-HKJVM,Female,Yes,Fiber optic,Yes,Month-to-month,No,Electronic check,89.3,577.6,Yes
1061-PNTHC,Female,Yes,Fiber optic,Yes,Month-to-month,Yes,Mailed check,109.6,5953,No
0394-YONDK,Male,Yes,No,No internet service,Two year,No,Credit card (automatic),25.15,1790.15,No
6574-MCOEH,Female,Yes,DSL,Yes,One year,Yes,Electronic check,79.15,2531.4,No
7399-QHBJS,Female,Yes,DSL,No,Two year,No,Credit card (automatic),66.75,4760.3,No
3049-SOLAY,Female,Yes,Fiber optic,Yes,Month-to-month,Yes,Electronic check,95.2,292.85,Yes
0997-YTLNY,,Yes,,,Month-to-month,No,Mailed check,,953.65,No
3317-HRTNN,Female,No,DSL,Yes,Month-to-month,No,Electronic check,45.7,198,Yes
9479-HYNYL,Female,Yes,DSL,,Two year,Yes,Credit card (automatic),,5705.05,No
3235-ETOOB,Male,Yes,Fiber optic,No,Month-to-month,Yes,Electronic check,74.5,609.9,Yes
9708-KFDBY,Male,Yes,No,No internet service,Month-to-month,No,Credit card (automatic),20.55,20.55,No
8058-INTPH,Female,Yes,Fiber optic,Yes,Month-to-month,Yes,Electronic check,79.65,79.65,Yes
3642-GKTCT,Female,Yes,Fiber optic,Yes,One year,Yes,Mailed check,115.1,6993.65,No
0774-RMNUW,Female,No,DSL,Yes,Two year,No,Bank transfer (automatic),59.7,4122.65,No
1334-PDUKM,Female,Yes,Fiber optic,No,One year,No,Credit card (automatic),86.45,5762.95,No
0756-MPZRL,Male,No,DSL,No,One year,No,Credit card (automatic),33.7,1537.85,No
2242-MFOTG,Male,Yes,Fiber optic,No,One year,No,Bank transfer (automatic),80.1,2603.3,No
2927-CVULT,,Yes,,,Two year,Yes,Bank transfer (automatic),,5566.4,No
2144-BFDSO,Female,Yes,Fiber optic,Yes,Month-to-month,No,Bank transfer (automatic),108.75,5431.9,No
8745-PVESG,Female,No,DSL,No,One year,Yes,Credit card (automatic),41.1,2258.25,No
7647-GYYKX,Female,Yes,No,No internet service,Two year,Yes,Bank transfer (automatic),20.35,1092.35,No
5647-FXOTP,Female,Yes,Fiber optic,Yes,Month-to-month,Yes,Electronic check,105.9,6401.25,No
5569-OUICF,Female,Yes,Fiber optic,Yes,Month-to-month,Yes,Credit card (automatic),101.3,2812.2,Yes
8821-XNHVZ,Female,Yes,Fiber optic,Yes,Month-to-month,Yes,Mailed check,80.05,80.05,Yes
2082-OJVTK,Male,Yes,Fiber optic,No,Month-to-month,Yes,Electronic check,89.2,2698.35,Yes
9700-ISPUP,Female,Yes,DSL,No,Month-to-month,Yes,Electronic check,65.5,616.9,No
9839-ETQOE,Male,No,DSL,No,Month-to-month,Yes,Electronic check,40.45,1912.85,No
6078-VESFR,Male,Yes,,,Month-to-month,No,Bank transfer (automatic),,849.1,No
9027-TMATR,Female,Yes,DSL,Yes,Two year,Yes,Electronic check,78.8,3460.3,No
5940-NFXKV,Male,Yes,Fiber optic,,Month-to-month,Yes,Electronic check,,1465.75,Yes
1941-HOSAM,Male,Yes,Fiber optic,Yes,Month-to-month,Yes,Electronic check,90.1,90.1,No
9110-HSGTV,Female,Yes,DSL,Yes,Two year,Yes,Credit card (automatic),82.45,5555.3,No
0704-VCUMB,Female,Yes,No,No internet service,Two year,No,Credit card (automatic),20.25,1278.8,No
6171-ZTVYB,Male,Yes,DSL,No,Month-to-month,No,Bank transfer (automatic),66.25,2907.35,No
8053-WWDRO,Female,Yes,No,No internet service,Month-to-month,No,Bank transfer (automatic),19.5,146.3,Yes
9564-KCLHR,Male,Yes,DSL,No,Month-to-month,No,Mailed check,51.25,51.25,Yes
1935-IMVBB,,Yes,,,Month-to-month,No,Mailed check,,4952.95,No
2535-PBCGC,,No,,,Two year,No,Bank transfer (automatic),,4504.9,No
2082-CEFLT,Male,Yes,DSL,No,Month-to-month,Yes,Electronic check,45.6,45.6,Yes
1470-PSXNM,Male,Yes,,,One year,Yes,Electronic check,,4520.15,No
1213-NGCUN,Female,Yes,DSL,No,Month-to-month,Yes,Bank transfer (automatic),49.65,267.35,Yes
2498-XLDZR,Female,Yes,DSL,No,Two year,No,Mailed check,73.6,2316.85,No
9866-OCCKE,Female,Yes,Fiber optic,Yes,Two year,Yes,Mailed check,109.75,8075.35,No
5338-YHWYT,Male,Yes,DSL,No,Two year,No,Credit card (automatic),61.45,2302.35,No
7718-UPSKJ,Female,Yes,Fiber optic,Yes,One year,Yes,Credit card (automatic),106.4,7251.9,No
8731-WBBMB,Female,Yes,DSL,Yes,Month-to-month,No,Bank transfer (automatic),81.9,2078.55,No
1448-CYWKC,Female,Yes,Fiber optic,Yes,One year,Yes,Credit card (automatic),105.2,6225.4,No
7901-IIDQV,Male,Yes,DSL,No,One year,No,Bank transfer (automatic),54.6,1242.25,No
2690-DVRVK,Male,Yes,,,One year,No,Electronic check,,99.45,No
5688-KZTSN,Male,Yes,No,No internet service,Month-to-month,Yes,Electronic check,20,288.05,Yes
1270-XKUCC,Female,Yes,No,,Two year,No,Mailed check,,599.25,No
0334-ZFJSR,Female,Yes,DSL,,One year,Yes,Credit card (automatic),,3462.1,No
2894-QOJRX,Female,No,DSL,Yes,Month-to-month,Yes,Bank transfer (automatic),34,853,Yes
5747-PMBSQ,Male,Yes,Fiber optic,Yes,Month-to-month,Yes,Mailed check,92.5,934.1,Yes
5583-EJXRD,Male,No,DSL,No,Two year,Yes,Credit card (automatic),54.05,2375.2,No
4565-EVZMJ,Female,Yes,DSL,No,One year,Yes,Mailed check,58.9,2813.05,No
3143-JQEGI,Female,Yes,,,Month-to-month,No,Electronic check,,1222.8,Yes
6386-SZZKH,Female,Yes,Fiber optic,Yes,Two year,Yes,Bank transfer (automatic),107.95,5293.2,Yes
3327-YBAKM,Female,Yes,Fiber optic,Yes,One year,Yes,Mailed check,96.9,6314.35,No
9441-QHEVC,Male,Yes,No,No internet service,Month-to-month,No,Mailed check,19.1,19.1,No
6705-LNMDD,,Yes,,,Month-to-month,No,Mailed check,,1003.05,No
2580-ASVVY,Female,No,DSL,Yes,Two year,No,Electronic check,45.4,1593.1,No
3370-GQEAL,Male,Yes,Fiber optic,Yes,Month-to-month,No,Electronic check,85.45,2509.95,No
5032-USPKF,Female,Yes,DSL,Yes,One year,No,Bank transfer (automatic),84.1,3187.65,No
2982-IHMFT,Female,Yes,Fiber optic,No,Month-to-month,Yes,Mailed check,74.45,74.45,Yes
3521-SYVOR,Female,Yes,DSL,Yes,Month-to-month,Yes,Electronic check,64.75,2345.2,Yes
4254-QPEDE,Female,No,DSL,Yes,Two year,No,Credit card (automatic),66.25,3330.1,No
6283-GITPX,Male,Yes,DSL,Yes,Two year,Yes,Credit card (automatic),76.9,5522.7,No
9526-JAWYF,Male,Yes,Fiber optic,Yes,Month-to-month,No,Electronic check,89.8,2335.3,Yes
0771-CHWSK,Male,Yes,DSL,No,Two year,Yes,Credit card (automatic),74.6,4798.4,No
9788-HNGUT,Male,Yes,Fiber optic,Yes,Two year,Yes,Credit card (automatic),116.95,8594.4,No
9495-REDIY,Male,No,DSL,Yes,One year,Yes,Credit card (automatic),40.65,970.55,No
5375-XLDOF,Male,Yes,Fiber optic,Yes,Two year,Yes,Bank transfer (automatic),114.35,7665.8,No
1172-VIYBP,Male,Yes,DSL,No,Two year,No,Bank transfer (automatic),69.7,3686.05,No
5649-VUKMC,,Yes,,,One year,No,Mailed check,,1115.15,Yes
6559-PDZLR,Male,Yes,Fiber optic,Yes,Month-to-month,Yes,Electronic check,98.65,2537,No
8992-OBVDG,Male,Yes,DSL,No,Month-to-month,No,Mailed check,61.65,1393.6,No
4273-MBHYA,,Yes,,,Month-to-month,Yes,Electronic check,,89.35,No
4724-WXVWF,Male,Yes,Fiber optic,No,Month-to-month,Yes,Electronic check,95.4,4445.3,No
5701-GUXDC,Female,No,DSL,No,One year,No,Credit card (automatic),35.4,978.6,No
1460-UZPRJ,,Yes,,,Two year,No,Mailed check,,1258.15,No
6082-GLJIX,Male,Yes,No,No internet service,Month-to-month,No,Mailed check,19.25,331.35,No
5143-EGQFK,Female,No,DSL,No,Month-to-month,Yes,Electronic check,29.65,291.4,Yes
4919-IKATY,Male,Yes,Fiber optic,,Month-to-month,Yes,Electronic check,,453.75,Yes
2495-TTHBQ,Female,Yes,No,No internet service,One year,Yes,Mailed check,20.4,84.75,No
0485-ZBSLN,Male,Yes,No,No internet service,Two year,No,Credit card (automatic),24.75,1715.1,No
3810-PJUHR,Male,Yes,No,No internet service,Two year,No,Mailed check,25.35,1715.15,No
9050-QLROH,,Yes,,,Month-to-month,Yes,Credit card (automatic),,1597.25,Yes
0847-HGRML,Male,Yes,No,No internet service,Two year,No,Bank transfer (automatic),20,1250.1,No
8232-CTLKO,Female,Yes,DSL,Yes,Two year,Yes,Electronic check,59.75,3996.8,No
9227-YBAXE,Female,Yes,DSL,Yes,Two year,Yes,Bank transfer (automatic),82.5,5215.1,No
6168-WFVVF,Female,Yes,Fiber optic,No,Month-to-month,Yes,Electronic check,70.3,235.5,Yes
9860-LISIZ,Female,Yes,No,No internet service,Month-to-month,No,Mailed check,20.35,673.2,No
0112-QAWRZ,Male,Yes,Fiber optic,Yes,Month-to-month,Yes,Bank transfer (automatic),90.8,1442.2,No
0877-SDMBN,Female,Yes,Fiber optic,Yes,One year,Yes,Bank transfer (automatic),103.95,5639.05,Yes
2786-GCDPI,Female,Yes,Fiber optic,Yes,Month-to-month,Yes,Electronic check,104.95,5222.35,No
4043-MKDTV,Male,Yes,Fiber optic,Yes,Two year,Yes,Electronic check,105.25,7291.75,No
8065-YKXKD,Female,Yes,Fiber optic,No,Month-to-month,Yes,Electronic check,74.75,799.65,Yes
9637-EIHEQ,Female,Yes,DSL,No,Month-to-month,Yes,Electronic check,50.8,50.8,Yes
9229-RQABD,Male,Yes,No,No internet service,One year,No,Mailed check,23.75,424.5,No
8313-KTIHG,Male,Yes,DSL,Yes,Month-to-month,Yes,Electronic check,61.3,249.4,No
5320-BRKGK,Female,Yes,DSL,Yes,Two year,No,Mailed check,75.8,4415.75,No
6284-KMNUF,Female,Yes,,,One year,Yes,Electronic check,,5270.6,No
9689-PTNPG,Male,Yes,Fiber optic,Yes,Month-to-month,Yes,Electronic check,80.25,144.55,Yes
9465-RWMXL,,Yes,,,Month-to-month,Yes,Electronic check,,2447.95,Yes
6229-UOLQL,Male,No,DSL,Yes,One year,Yes,Mailed check,52,2884.9,No
2362-IBOOY,Male,Yes,Fiber optic,No,Month-to-month,Yes,Electronic check,84.75,3050.15,Yes
3137-LUPIX,Female,Yes,DSL,Yes,Month-to-month,Yes,Mailed check,64.4,253,No
0843-WTBXE,Male,Yes,Fiber optic,Yes,Month-to-month,No,Bank transfer (automatic),85.45,4517.25,Yes
6143-JQKEA,Male,Yes,DSL,No,Month-to-month,Yes,Credit card (automatic),45.8,436.2,No
8676-OOQEJ,Male,No,DSL,No,Month-to-month,No,Electronic check,30.5,118.4,No
5515-IDEJJ,Male,Yes,No,No internet service,Month-to-month,No,Mailed check,19.9,19.9,Yes
9701-CDXHR,Female,Yes,Fiber optic,No,Month-to-month,No,Mailed check,69.15,3649.6,No
7450-NWRTR,Male,Yes,Fiber optic,Yes,Month-to-month,Yes,Electronic check,99.45,1200.15,Yes
8124-NZVGJ,Female,No,DSL,,One year,Yes,Mailed check,,255.6,No
2162-FRZAA,Male,No,DSL,No,Two year,No,Bank transfer (automatic),39.35,2395.05,No
5376-DEQCP,Female,Yes,Fiber optic,No,Month-to-month,Yes,Electronic check,70.6,70.6,Yes
5118-MUEYH,Female,Yes,Fiber optic,Yes,Month-to-month,Yes,Credit card (automatic),105.1,5083.55,No
9095-HFAFX,Female,Yes,Fiber optic,Yes,Month-to-month,Yes,Credit card (automatic),81,389.6,Yes
5627-TVBPP,Female,Yes,No,No internet service,One year,Yes,Credit card (automatic),20.1,644.5,No
2379-ENZGV,Male,Yes,,,Month-to-month,Yes,Electronic check,,523.5,Yes
3936-QQFLL,Male,Yes,No,No internet service,Month-to-month,No,Mailed check,19.75,39.3,No
2589-AYCRP,Female,Yes,No,No internet service,One year,No,Bank transfer (automatic),19.75,989.05,No
4067-HLYQI,,Yes,,,Month-to-month,Yes,Bank transfer (automatic),,2406.1,No
5124-EOGYE,Male,Yes,No,No internet service,Two year,No,Mailed check,20.45,638.55,No
5057-RKGLH,Female,Yes,No,No internet service,Two year,No,Mailed check,20.35,191.1,No
0292-WEGCH,Female,Yes,DSL,Yes,Month-to-month,Yes,Electronic check,86.2,4524.05,No
8910-ICHIU,,Yes,,,One year,Yes,Credit card (automatic),,4664.2,No
4097-YODCF,Male,Yes,Fiber optic,Yes,One year,Yes,Electronic check,103.8,3470.8,No
9715-WZCLW,Male,Yes,Fiber optic,Yes,Two year,Yes,Electronic check,97.2,6910.3,No
9786-YWNHU,Female,Yes,DSL,No,Two year,No,Mailed check,63.55,4014.2,No
6407-GSJNL,Female,Yes,No,No internet service,Two year,No,Bank transfer (automatic),24.95,1288,No
6005-OBZPH,Female,Yes,Fiber optic,Yes,Month-to-month,Yes,Electronic check,89.15,2277.65,Yes
4049-ZPALD,Female,Yes,Fiber optic,Yes,Two year,Yes,Bank transfer (automatic),99,6375.8,No
7932-WPTDS,Female,No,DSL,No,Month-to-month,Yes,Electronic check,24.8,24.8,Yes
3733-UOCWF,Male,Yes,Fiber optic,No,One year,Yes,Bank transfer (automatic),85.55,5251.75,No
6833-JMZYP,Female,Yes,Fiber optic,Yes,Month-to-month,Yes,Credit card (automatic),94,1505.45,No
2722-VOJQL,Male,Yes,Fiber optic,,One year,Yes,Credit card (automatic),,6903.1,Yes
1310-QRITU,Female,Yes,DSL,No,Month-to-month,Yes,Electronic check,50.3,913.3,No
8961-QDZZJ,Female,Yes,Fiber optic,Yes,One year,Yes,Electronic check,95,5535.8,No
9715-SBVSU,Male,Yes,DSL,No,Two year,Yes,Bank transfer (automatic),61.4,815.55,No
8490-BXHEO,Male,Yes,Fiber optic,No,Month-to-month,Yes,Credit card (automatic),80.55,1411.65,No
7173-TETGO,Female,Yes,Fiber optic,,Two year,No,Bank transfer (automatic),,5602.25,No
7929-SKFGK,Male,Yes,Fiber optic,,Two year,No,Credit card (automatic),,8244.3,No
2300-RQGOI,,Yes,,,Two year,No,Mailed check,,741.5,No
3563-SVYLG,Male,Yes,DSL,,Two year,No,Credit card (automatic),,4375.8,No
5228-EXCET,Male,Yes,Fiber optic,No,Month-to-month,Yes,Electronic check,80.85,1008.7,Yes
6435-VWCCY,Male,Yes,Fiber optic,Yes,Two year,Yes,Credit card (automatic),92.7,5968.4,No
4998-IKFSE,Female,Yes,Fiber optic,Yes,Month-to-month,No,Electronic check,100.45,3096.9,No
8630-QSGXK,Male,Yes,DSL,Yes,Two year,Yes,Bank transfer (automatic),75.2,3901.25,No
2455-USLMV,Female,Yes,Fiber optic,No,Month-to-month,Yes,Credit card (automatic),84.75,2613.4,No
7394-FKDNK,Female,Yes,Fiber optic,Yes,Month-to-month,No,Electronic check,89.45,853.1,Yes
9488-FVZCC,Female,Yes,DSL,No,Two year,Yes,Bank transfer (automatic),79.5,5661.7,No
6331-LWDTQ,Male,Yes,DSL,Yes,Month-to-month,Yes,Credit card (automatic),72.15,794.25,Yes
5995-WWKKG,Female,Yes,No,No internet service,One year,Yes,Electronic check,19.8,695.05,No
1597-FZREH,Female,Yes,DSL,Yes,Month-to-month,No,Electronic check,76.4,160.8,Yes
7879-CGSFV,Male,Yes,Fiber optic,Yes,One year,Yes,Mailed check,100.9,5552.05,No
9921-EZKBY,Male,Yes,Fiber optic,No,Month-to-month,Yes,Bank transfer (automatic),95.3,3275.15,No
7432-FFVAR,Female,Yes,Fiber optic,,One year,No,Bank transfer (automatic),,4236.6,No
7246-ZGQDF,Female,Yes,DSL,No,Month-to-month,No,Electronic check,54.5,54.5,No
7000-WCEVQ,Female,Yes,,,Month-to-month,Yes,Mailed check,,1174.35,Yes
0727-IWKVK,Male,Yes,Fiber optic,No,Month-to-month,Yes,Electronic check,79.9,741.7,Yes
5959-BELXA,Male,Yes,Fiber optic,Yes,Month-to-month,Yes,Credit card (automatic),96.15,3019.25,Yes
4456-RHSNB,Female,Yes,DSL,No,Month-to-month,Yes,Bank transfer (automatic),49.6,962.9,No
3512-IZIKN,Female,Yes,DSL,No,Two year,No,Credit card (automatic),65.3,4759.75,Yes
2481-SBOYW,Female,Yes,No,No internet service,Two year,Yes,Credit card (automatic),25,1498.35,No
7109-MFBYV,Male,Yes,DSL,No,Month-to-month,No,Electronic check,45.45,1233.15,No
1833-TCXKK,Male,Yes,Fiber optic,Yes,Month-to-month,Yes,Bank transfer (automatic),107.75,4882.8,No
1832-PEUTS,Male,Yes,Fiber optic,Yes,Two year,Yes,Credit card (automatic),89.1,5411.65,No
6141-OOXUQ,Male,Yes,No,No internet service,Month-to-month,No,Mailed check,19.65,19.65,Yes
8660-BUETV,Female,Yes,DSL,No,Month-to-month,No,Mailed check,44.75,148.05,No
0580-PIQHM,Female,Yes,Fiber optic,No,One year,Yes,Bank transfer (automatic),101.6,3930.55,No
5696-CEIQJ,Male,Yes,Fiber optic,Yes,Two year,No,Bank transfer (automatic),103.15,6895.5,No
7503-ZGUZJ,Male,Yes,Fiber optic,Yes,Month-to-month,Yes,Mailed check,84.65,84.65,Yes
1696-HXOWK,Female,Yes,Fiber optic,Yes,One year,No,Mailed check,95.65,6856.95,No
3026-ATZYV,Female,Yes,DSL,Yes,One year,No,Bank transfer (automatic),75.1,2658.8,No
4012-YCFAI,,Yes,,,Two year,Yes,Mailed check,,3766.2,No
2506-TNFCO,Female,Yes,Fiber optic,No,Month-to-month,Yes,Electronic check,69.55,69.55,Yes
9970-QBCDA,Female,Yes,No,No internet service,Month-to-month,No,Credit card (automatic),19.7,129.55,No
8718-PTMEZ,Female,No,DSL,No,Month-to-month,Yes,Electronic check,31.05,347.25,Yes
9496-IVVRP,Female,Yes,DSL,No,Month-to-month,No,Bank transfer (automatic),51,581.7,No
2207-OBZNX,,Yes,,,Month-to-month,Yes,Mailed check,,354.05,Yes
2657-VPXTA,Female,Yes,Fiber optic,Yes,Month-to-month,Yes,Electronic check,88.85,929.45,No
6551-VLJMV,Male,Yes,No,No internet service,Two year,No,Credit card (automatic),20.05,679,No
1221-GHZEP,Female,Yes,DSL,No,Two year,Yes,Mailed check,65.1,3846.75,No
9289-LBQVU,Male,Yes,DSL,,One year,Yes,Mailed check,,4480.7,No
6142-VSJQO,Female,Yes,DSL,No,Month-to-month,Yes,Bank transfer (automatic),44.35,44.35,Yes
3458-IDMFK,Male,Yes,No,No internet service,Two year,Yes,Mailed check,20.75,499.4,No
6933-FHBZC,Female,Yes,DSL,No,One year,Yes,Mailed check,56.05,1553.2,No
0221-NAUXK,Male,Yes,No,,One year,Yes,Bank transfer (automatic),,219.5,No
9770-KXGQU,Female,Yes,Fiber optic,Yes,One year,No,Mailed check,98.6,5311.85,No
6437-UKHMV,Female,Yes,Fiber optic,Yes,Month-to-month,Yes,Electronic check,79.7,586.05,Yes
6538-POCHL,Male,Yes,Fiber optic,,Month-to-month,Yes,Credit card (automatic),,2576.8,No
6726-NNFWD,Female,Yes,Fiber optic,No,Two year,No,Credit card (automatic),89.45,6435.25,No
3002-WQZWT,Female,Yes,Fiber optic,No,Month-to-month,Yes,Electronic check,74.2,1993.25,No
4277-UDIEF,Male,Yes,DSL,Yes,Month-to-month,No,Bank transfer (automatic),81,1923.85,No
1208-NBVFH,,Yes,,,Month-to-month,Yes,Electronic check,,939.8,No
4912-PIGUY,Female,Yes,Fiber optic,Yes,Month-to-month,Yes,Electronic check,84.6,84.6,No
1114-CENIM,Male,Yes,DSL,No,Month-to-month,Yes,Credit card (automatic),55,3092.65,Yes
6060-DRTNL,,Yes,,,Month-to-month,Yes,Mailed check,,415.55,Yes
2725-TTRIQ,,Yes,,,Two year,Yes,Bank transfer (automatic),,5986.55,No
3374-TTZTK,,Yes,,,Two year,Yes,Electronic check,,5487,No
8990-ZXLSU,Female,Yes,Fiber optic,No,Month-to-month,No,Electronic check,69.05,651.5,No
2275-RBYQS,Female,Yes,,,Month-to-month,Yes,Mailed check,,45.4,No
8473-VUVJN,Male,Yes,Fiber optic,,Month-to-month,Yes,Electronic check,,73.65,Yes
6289-CPNLD,Male,Yes,DSL,Yes,One year,Yes,Mailed check,73.9,2405.05,Yes
5536-SLHPM,Female,Yes,Fiber optic,No,Month-to-month,Yes,Electronic check,77.75,4458.15,Yes
4419-UJMUS,Male,Yes,Fiber optic,Yes,Two year,Yes,Electronic check,99.35,6856.45,No
7794-JASDG,Male,Yes,DSL,No,Month-to-month,Yes,Mailed check,50.75,50.75,No
7609-YBPXG,Male,Yes,DSL,Yes,Two year,No,Bank transfer (automatic),87.1,4735.2,No
5519-TEEUH,Male,Yes,No,No internet service,One year,Yes,Mailed check,20.15,682.15,No
7856-GANIL,Male,Yes,Fiber optic,Yes,One year,Yes,Bank transfer (automatic),98.7,4525.8,No
0804-XBFBV,,No,,,Month-to-month,No,Electronic check,,321.05,No
2676-OXPPQ,Male,Yes,DSL,No,Month-to-month,Yes,Bank transfer (automatic),55.7,335.65,No
3703-TTEPD,Male,Yes,DSL,Yes,Month-to-month,No,Bank transfer (automatic),65.35,1424.4,No
2799-TSLAG,Female,Yes,No,No internet service,Two year,Yes,Bank transfer (automatic),25.3,1748.55,No
0196-VULGZ,Female,Yes,Fiber optic,No,Month-to-month,Yes,Electronic check,84.35,474.9,Yes
8837-VVWLQ,Female,Yes,Fiber optic,Yes,Month-to-month,No,Electronic check,84.95,668.4,Yes
2696-NARTR,,Yes,,,Month-to-month,Yes,Electronic check,,926.25,Yes
2208-NKVVH,Male,Yes,No,No internet service,Two year,No,Mailed check,24.25,1077.95,No
7614-QVWQL,Male,No,DSL,Yes,One year,Yes,Bank transfer (automatic),51.8,2541.25,Yes
1976-CFOCS,Female,Yes,DSL,No,Month-to-month,No,Electronic check,46,46,Yes
4631-OACRM,Male,Yes,Fiber optic,No,Month-to-month,Yes,Electronic check,79.4,1156.1,Yes
7139-JZFVG,Male,Yes,DSL,No,Two year,No,Bank transfer (automatic),60.5,3694.45,No
4987-GQWPO,Male,No,DSL,No,Month-to-month,No,Credit card (automatic),25.1,382.8,No
3755-JBMNH,Male,Yes,Fiber optic,No,Month-to-month,Yes,Bank transfer (automatic),71.8,1167.8,Yes
1757-TCATG,Male,Yes,No,No internet service,One year,No,Bank transfer (automatic),20.05,746.75,No
6345-ULYRW,Male,Yes,Fiber optic,No,One year,No,Mailed check,88.4,3912.9,Yes
4776-XSKYQ,Female,No,DSL,No,One year,No,Credit card (automatic),30.25,368.85,No
8048-DSDFQ,Male,Yes,No,No internet service,Month-to-month,No,Mailed check,20.2,20.2,No
5753-QQWPW,Female,Yes,DSL,No,One year,Yes,Electronic check,59.9,1654.7,No
6010-DDPPW,,Yes,,,Two year,No,Bank transfer (automatic),,1940.85,No
1809-DMJHQ,Female,Yes,DSL,No,Month-to-month,No,Mailed check,46,221.7,Yes
6693-FRIRW,Male,Yes,Fiber optic,Yes,Month-to-month,No,Credit card (automatic),101.3,1794.65,No
6586-MYGKD,Male,Yes,DSL,Yes,Two year,Yes,Credit card (automatic),76.95,5289.8,No
3173-NVMPX,Female,Yes,DSL,No,Month-to-month,Yes,Mailed check,55.3,501.2,No
0248-PGHBZ,Female,Yes,Fiber optic,Yes,Two year,Yes,Bank transfer (automatic),92.45,6140.85,No
0623-GDISB,Female,Yes,DSL,No,Month-to-month,Yes,Bank transfer (automatic),48.45,48.45,No
2892-GESUL,Female,Yes,No,No internet service,Two year,No,Mailed check,19.35,309.25,No
6923-EFPNL,Male,Yes,DSL,,Month-to-month,No,Credit card (automatic),,201.1,Yes
7472-EQOAV,Male,Yes,,,One year,Yes,Bank transfer (automatic),,6179.35,No
9574-RKJIF,Male,Yes,Fiber optic,Yes,Month-to-month,Yes,Electronic check,94.4,2838.7,Yes
2043-WVTQJ,Male,Yes,DSL,No,Month-to-month,No,Mailed check,55.7,55.7,No
8034-RYTVV,Female,Yes,Fiber optic,No,One year,Yes,Credit card (automatic),84.25,4589.85,No
3863-QSTYI,Male,Yes,DSL,Yes,Month-to-month,Yes,Electronic check,64.65,3735.45,No
2619-WFQWU,Female,Yes,Fiber optic,No,Month-to-month,Yes,Mailed check,70.15,70.15,Yes
5044-LRQAQ,Female,Yes,Fiber optic,No,Month-to-month,Yes,Bank transfer (automatic),69.2,477.55,No
1716-LSAMB,Male,Yes,DSL,No,Two year,No,Bank transfer (automatic),54.65,2553.7,No
1333-PBMXB,,Yes,,,One year,Yes,Bank transfer (automatic),,1342.15,No
6546-OPBBH,Male,Yes,No,No internet service,One year,Yes,Mailed check,23.95,1216.35,No
5985-BEHZK,Female,Yes,Fiber optic,Yes,One year,No,Credit card (automatic),105,7578.05,No
9127-QRZMH,Male,Yes,DSL,No,One year,Yes,Bank transfer (automatic),59.85,2603.95,No
5919-VCZYM,Male,Yes,No,No internet service,Month-to-month,No,Mailed check,20.05,42.7,No
9644-KVCNC,Female,Yes,Fiber optic,Yes,One year,Yes,Bank transfer (automatic),92.15,6056.9,No
2137-DQMEV,Male,No,,,One year,No,Mailed check,,2983.65,No
8174-LNWMW,Female,Yes,No,No internet service,Two year,No,Credit card (automatic),20.9,689.35,No
9279-CJEOJ,,Yes,,,Month-to-month,Yes,Bank transfer (automatic),,2025.1,No
7964-VEXDG,Male,Yes,Fiber optic,No,Month-to-month,No,Electronic check,80.35,1747.2,No
2404-JIBFC,Female,Yes,DSL,Yes,Two year,Yes,Bank transfer (automatic),85.1,4657.95,No
0778-NELLA,Male,No,DSL,Yes,Month-to-month,Yes,Credit card (automatic),34.7,296.1,Yes
8029-XYPWT,Male,Yes,Fiber optic,Yes,Two year,Yes,Bank transfer (automatic),115.05,8016.6,No
4614-NUVZD,Female,Yes,Fiber optic,No,Month-to-month,Yes,Electronic check,81.1,81.1,Yes
4632-PAOYU,Male,Yes,No,No internet service,One year,No,Mailed check,19.95,433.5,No
3803-KMQFW,Female,Yes,No,No internet service,Month-to-month,No,Mailed check,20.55,20.55,Yes
6804-GDMOI,Female,Yes,Fiber optic,Yes,Two year,Yes,Electronic check,106.6,6428.4,Yes
2990-OGYTD,Female,Yes,DSL,Yes,Two year,No,Bank transfer (automatic),86.15,5883.85,No
6646-JPPHA,Female,Yes,Fiber optic,No,Month-to-month,No,Electronic check,78.85,1043.8,No
9572-MTILT,Male,Yes,Fiber optic,Yes,Month-to-month,Yes,Electronic check,106.75,6252.9,Yes
7658-UYUQS,Male,Yes,Fiber optic,Yes,Month-to-month,No,Bank transfer (automatic),86.55,1857.25,No
7880-XSOJX,Male,No,DSL,No,Month-to-month,No,Mailed check,42.4,146.4,No
9611-CTWIH,Female,Yes,Fiber optic,,Month-to-month,Yes,Electronic check,,240.45,Yes
4589-IUAJB,Male,Yes,,,Two year,No,Bank transfer (automatic),,1724.15,No
0329-GTIAJ,Female,Yes,Fiber optic,,Month-to-month,Yes,Electronic check,,315.3,Yes
8746-BFOAJ,Male,Yes,No,,One year,No,Bank transfer (automatic),,429.55,No
8457-XIGKN,Male,Yes,No,No internet service,Month-to-month,Yes,Credit card (automatic),19.6,356.15,No
6072-NUQCB,Male,Yes,No,No internet service,One year,No,Bank transfer (automatic),20.25,488.25,No
6629-CZTTH,Male,Yes,DSL,No,Month-to-month,Yes,Mailed check,55.7,55.7,Yes
8838-GPHZP,Female,Yes,No,No internet service,Two year,Yes,Mailed check,20.6,1298.7,No
8750-QWZAJ,,Yes,,,Two year,No,Bank transfer (automatic),,1378.75,No
5364-EVNIB,,Yes,,,Month-to-month,Yes,Electronic check,,973.45,Yes
6918-UMQCG,Female,Yes,Fiber optic,Yes,Month-to-month,No,Electronic check,80.2,384.25,No
0675-NCDYU,Female,Yes,Fiber optic,Yes,Two year,Yes,Credit card (automatic),116.4,8543.25,No
6339-DKLMK,Female,No,,,Month-to-month,Yes,Electronic check,,389.95,No
1346-PJWTK,Male,Yes,Fiber optic,No,Month-to-month,No,Credit card (automatic),94.15,5731.85,No
5088-QZLRL,Male,Yes,No,No internet service,Month-to-month,No,Electronic check,20.65,20.65,No
8023-QHAIO,Female,Yes,Fiber optic,No,Month-to-month,Yes,Bank transfer (automatic),76.85,4275.75,No
4397-FRLTA,Female,Yes,No,No internet service,Month-to-month,No,Mailed check,20.15,84.5,No
3057-VJJQE,Male,Yes,DSL,No,Two year,No,Mailed check,55.25,1924.1,No
5087-SUURX,Female,No,DSL,Yes,Month-to-month,Yes,Electronic check,39.05,669.85,Yes
2302-OUZXB,Male,Yes,DSL,Yes,Two year,No,Bank transfer (automatic),82.15,5784.3,No
8133-ANHHJ,Female,Yes,Fiber optic,No,One year,No,Bank transfer (automatic),103,5166.2,No
2270-CHBFN,Female,Yes,Fiber optic,No,Month-to-month,Yes,Credit card (automatic),95.1,4060.55,No
0013-EXCHZ,Female,Yes,Fiber optic,Yes,Month-to-month,Yes,Mailed check,83.9,267.4,Yes
5982-FPVQN,Female,Yes,Fiber optic,No,Month-to-month,Yes,Electronic check,95.15,3532.85,No
9107-UKCKY,,Yes,,,One year,Yes,Electronic check,,4914.8,No
4654-ULTTN,Male,Yes,DSL,No,Two year,Yes,Credit card (automatic),74.8,5315.8,No
5550-VFRLC,Female,Yes,Fiber optic,No,Month-to-month,Yes,Electronic check,69.85,69.85,Yes
5546-BYZSM,,Yes,,,Month-to-month,No,Electronic check,,775.6,No
1492-KGETH,Male,Yes,DSL,No,One year,No,Bank transfer (automatic),78.35,5445.95,No
4929-BSTRX,Female,Yes,DSL,Yes,Month-to-month,Yes,Mailed check,53.55,53.55,Yes
4163-HFTUK,Male,Yes,No,No internet service,One year,No,Electronic check,19.1,1007.8,No
8215-NGSPE,Female,Yes,No,No internet service,Two year,No,Mailed check,20,833.55,No
2225-ZRGSG,Female,Yes,Fiber optic,No,Two year,No,Bank transfer (automatic),93.9,6579.05,Yes
8859-YSTWS,Male,Yes,No,No internet service,One year,No,Bank transfer (automatic),19.95,1004.5,No
5271-YNWVR,Male,Yes,Fiber optic,Yes,Two year,Yes,Electronic check,113.15,7856,Yes
7601-DHFWZ,Female,Yes,No,No internet service,Two year,No,Credit card (automatic),24,1183.05,No
2657-ALMWY,Female,Yes,Fiber optic,No,Month-to-month,No,Electronic check,84.95,2169.75,Yes
6330-JKLPC,Male,Yes,Fiber optic,No,Month-to-month,Yes,Bank transfer (automatic),80.5,896.9,Yes
4667-OHGKG,Male,Yes,No,No internet service,Month-to-month,Yes,Mailed check,19.3,19.3,Yes
1998-VHJHK,Female,Yes,No,No internet service,One year,No,Mailed check,19.15,501.35,No
1707-HABPF,Female,Yes,Fiber optic,,One year,Yes,Bank transfer (automatic),,4126.35,No
1660-HSOOQ,Male,Yes,DSL,No,Month-to-month,Yes,Mailed check,49.65,49.65,Yes
7253-UVNDW,Female,Yes,DSL,,Two year,No,Credit card (automatic),,2460.15,Yes
0487-VVUVK,Male,Yes,No,No internet service,Month-to-month,Yes,Mailed check,19.15,477.6,No
7228-OMTPN,,Yes,,,Month-to-month,Yes,Electronic check,,370.65,Yes
5063-IUOKK,Male,Yes,No,No internet service,Two year,No,Mailed check,19.75,265.75,No
4508-OEBEY,Male,Yes,DSL,No,One year,Yes,Credit card (automatic),75.5,2424.45,No
0027-KWYKW,Female,Yes,Fiber optic,Yes,Month-to-month,Yes,Electronic check,83.75,1849.95,No
2308-STERM,,Yes,,,Month-to-month,No,Mailed check,,61.05,No
5982-XMDEX,Female,Yes,No,No internet service,Two year,No,Bank transfer (automatic),26.5,1698.55,No
6284-AHOOQ,Male,Yes,,,Month-to-month,Yes,Bank transfer (automatic),,1910.6,Yes
6051-PTVNS,Female,Yes,No,No internet service,One year,No,Credit card (automatic),19.15,998.1,No
2344-JMOGN,Male,Yes,Fiber optic,Yes,Month-to-month,Yes,Mailed check,94.85,890.6,Yes
3799-ISUZQ,Male,Yes,Fiber optic,No,Month-to-month,Yes,Bank transfer (automatic),69.95,529.5,Yes
2877-VDUER,Female,No,DSL,Yes,One year,No,Mailed check,40.9,1383.6,No
9152-AMKAK,Male,Yes,DSL,Yes,Two year,Yes,Mailed check,80.25,493.4,No
1794-HBQTJ,Female,Yes,,,Month-to-month,Yes,Credit card (automatic),,48.6,Yes
9432-VOFYX,Male,Yes,Fiber optic,No,Month-to-month,Yes,Electronic check,70.8,1207,No
8049-WJCLQ,Male,Yes,DSL,,Month-to-month,No,Mailed check,,563.5,No
6586-PSJOX,Male,Yes,DSL,No,One year,No,Credit card (automatic),55.2,864.55,No
2460-FPSYH,Female,No,DSL,Yes,Month-to-month,Yes,Electronic check,55.8,2109.35,Yes
9705-ZJBCG,Female,Yes,DSL,No,One year,No,Bank transfer (automatic),54.15,701.05,No
4818-DRBQT,Male,Yes,Fiber optic,No,Month-to-month,Yes,Bank transfer (automatic),80.15,2265.25,Yes
1320-HTRDR,Female,Yes,Fiber optic,No,Month-to-month,Yes,Electronic check,75.5,220.6,Yes
6847-KJLTS,Female,Yes,Fiber optic,Yes,Month-to-month,Yes,Bank transfer (automatic),100.4,5749.8,No
9670-BPNXF,,Yes,,,One year,Yes,Credit card (automatic),,2796.45,No
3913-FCUUW,Female,Yes,DSL,No,Two year,Yes,Bank transfer (automatic),70.45,5165.7,No
3301-VKTGC,Male,Yes,Fiber optic,No,One year,Yes,Bank transfer (automatic),85.5,5696.6,No
1493-AMTIE,Male,Yes,No,No internet service,Month-to-month,Yes,Bank transfer (automatic),20.2,20.2,Yes
9555-SAHUZ,Female,Yes,DSL,No,Month-to-month,No,Electronic check,54.5,2076.05,No
0816-TSPHQ,Male,Yes,No,No internet service,Month-to-month,No,Mailed check,20.75,44.2,No
9932-WBWIK,Male,Yes,No,No internet service,Month-to-month,No,Mailed check,20.35,215.25,No
4619-EVPHY,Female,Yes,Fiber optic,Yes,One year,Yes,Bank transfer (automatic),91,1859.5,No
5286-YHCVC,Male,Yes,Fiber optic,Yes,Two year,Yes,Bank transfer (automatic),104.8,7470.1,No
6424-ELEYH,Female,Yes,Fiber optic,No,Month-to-month,Yes,Credit card (automatic),74.75,229.5,Yes
4391-RESHN,Male,Yes,Fiber optic,Yes,Month-to-month,Yes,Mailed check,104.05,2470.1,Yes
9115-YQHGA,Male,Yes,DSL,No,Month-to-month,Yes,Electronic check,51.1,2092.9,No
4462-CYWMH,Male,Yes,Fiber optic,No,Month-to-month,Yes,Bank transfer (automatic),89.8,5629.55,No
8963-MQVYN,Female,Yes,No,No internet service,Month-to-month,Yes,Electronic check,20.55,469.85,No
2458-EOMRE,Female,Yes,DSL,No,Month-to-month,No,Bank transfer (automatic),64.05,733.95,No
9334-GWGOW,Male,Yes,Fiber optic,No,Month-to-month,Yes,Electronic check,74.85,485.25,No
6821-BUXUX,Female,Yes,Fiber optic,Yes,Month-to-month,Yes,Electronic check,96.65,1244.5,Yes
5028-HTLJB,Male,Yes,No,No internet service,Month-to-month,No,Mailed check,20.05,20.05,Yes
9801-GDWGV,Female,Yes,Fiber optic,Yes,Month-to-month,Yes,Electronic check,103.45,3994.45,Yes
6542-LWGXJ,Male,No,,,Month-to-month,No,Mailed check,,78.25,No
5567-GZKQY,Male,Yes,No,No internet service,Two year,No,Credit card (automatic),20.3,1131.5,No
1222-LRYKO,Male,Yes,No,No internet service,Month-to-month,No,Mailed check,26.35,184.05,No
2320-JRSDE,Female,Yes,No,No internet service,Month-to-month,Yes,Electronic check,19.9,19.9,Yes
2087-QAREY,Female,Yes,DSL,No,Month-to-month,Yes,Mailed check,54.7,1178.75,No
0601-WZHJF,Male,No,DSL,,Month-to-month,No,Electronic check,,667.7,Yes
4423-JWZJN,Male,Yes,Fiber optic,No,One year,No,Credit card (automatic),90.25,5629.15,No
5143-WMWOG,Male,Yes,No,No internet service,Month-to-month,No,Electronic check,19.95,19.95,Yes
6490-FGZAT,Male,Yes,No,No internet service,Month-to-month,No,Mailed check,20.65,109.3,No
5393-RXQSZ,,Yes,,,Month-to-month,No,Electronic check,,79.6,Yes
7452-FOLON,Male,Yes,No,No internet service,One year,No,Bank transfer (automatic),25.45,958.45,No
2320-TZRRH,,Yes,,,One year,No,Mailed check,,403.15,No
0231-LXVAP,Male,Yes,Fiber optic,No,Month-to-month,Yes,Electronic check,75.9,75.9,Yes
9444-JTXHZ,Male,Yes,Fiber optic,No,Month-to-month,No,Electronic check,76.2,76.2,Yes
4942-VZZOM,Male,Yes,DSL,Yes,One year,Yes,Credit card (automatic),66.15,4392.5,No
5510-BOIUJ,Male,Yes,No,No internet service,Month-to-month,No,Mailed check,19.25,19.25,Yes
7502-BNYGS,Female,Yes,,,Month-to-month,Yes,Credit card (automatic),,3168,No
4291-HYEBC,,No,,,One year,Yes,Electronic check,,1096.6,No
6147-CBCRA,Female,Yes,No,No internet service,Month-to-month,No,Mailed check,20.05,669.45,No
6047-SUHPR,,Yes,,,One year,No,Electronic check,,2343.85,No
4471-KXAUH,Female,Yes,Fiber optic,No,Month-to-month,Yes,Electronic check,84.3,3588.4,Yes
9752-ZNQUT,Female,Yes,DSL,No,Month-to-month,Yes,Electronic check,48.6,48.6,No
7638-QVMVY,,Yes,,,Month-to-month,Yes,Electronic check,,522.95,Yes
1576-PFZIW,Male,Yes,Fiber optic,Yes,Two year,No,Credit card (automatic),105.35,7511.9,No
5666-MBJPT,Male,Yes,No,No internet service,Two year,Yes,Bank transfer (automatic),25.1,1725,No
7312-XSBAT,Male,Yes,DSL,No,Month-to-month,No,Electronic check,49.75,49.75,No
3096-GKWEB,Male,Yes,,,Month-to-month,Yes,Electronic check,,1691.9,No
2371-JQHZZ,Male,Yes,Fiber optic,Yes,Month-to-month,Yes,Electronic check,93,2248.05,No
0674-GCDXG,Male,Yes,DSL,No,Two year,Yes,Bank transfer (automatic),71.9,4479.2,No
1121-QSIVB,Female,Yes,DSL,Yes,One year,Yes,Mailed check,77.55,3471.1,No
4396-KLSEH,Male,Yes,No,No internet service,Month-to-month,Yes,Electronic check,19.85,63,No
3244-DCJWY,Female,Yes,Fiber optic,No,Month-to-month,Yes,Electronic check,70.25,70.25,Yes
2824-MYYBN,Female,Yes,Fiber optic,Yes,Month-to-month,Yes,Electronic check,95.25,3314.15,No
0875-CABNR,Female,Yes,Fiber optic,No,Month-to-month,Yes,Credit card (automatic),84.6,865.55,Yes
6345-HOVES,Male,No,DSL,No,Month-to-month,Yes,Bank transfer (automatic),25.05,852.7,No
8318-LCNBW,Male,No,DSL,,One year,No,Credit card (automatic),,1930.9,No
6469-QJKZW,Female,Yes,No,No internet service,Month-to-month,No,Electronic check,20.15,91.4,No
0147-ESWWR,Female,Yes,Fiber optic,,Month-to-month,Yes,Electronic check,,3949.15,No
1217-VASWC,Male,Yes,Fiber optic,Yes,One year,Yes,Bank transfer (automatic),100.55,4304,No
7812-FZHPE,Female,Yes,No,No internet service,Month-to-month,No,Mailed check,24.1,409.9,Yes
6370-ZVHDV,Female,Yes,No,No internet service,Two year,No,Bank transfer (automatic),25.3,1554.9,No
5915-DGNVC,Female,Yes,DSL,No,One year,No,Electronic check,71.8,3472.05,No
6260-XLACS,Male,Yes,No,No internet service,One year,No,Mailed check,19.7,117.8,No
3566-CAAYU,Female,No,DSL,No,Two year,No,Electronic check,49.85,3210.35,No
4983-CCWMC,Male,Yes,Fiber optic,No,Month-to-month,Yes,Mailed check,69.6,207.4,No
9103-CXVOK,,Yes,,,Month-to-month,No,Electronic check,,19.75,No
2896-TBNBE,Male,Yes,Fiber optic,No,One year,No,Electronic check,80.8,3132.75,No
4797-AXPXK,,Yes,,,Month-to-month,Yes,Electronic check,,60,Yes
5229-PRWKT,Male,Yes,Fiber optic,No,Month-to-month,Yes,Electronic check,86.55,649.65,Yes
6982-UQZLY,Female,Yes,No,No internet service,Month-to-month,Yes,Mailed check,20.85,20.85,Yes
2522-WLNSF,Female,Yes,DSL,Yes,One year,No,Bank transfer (automatic),64.2,2106.3,No
3841-CONLJ,,No,,,Month-to-month,No,Electronic check,,35,No
5057-LCOUI,Female,No,DSL,Yes,Month-to-month,Yes,Electronic check,50.75,2011.4,Yes
0193-ESZXP,Female,Yes,Fiber optic,Yes,One year,Yes,Credit card (automatic),105.5,6205.5,Yes
4475-NVTLU,Male,Yes,No,No internet service,Two year,No,Electronic check,19.2,903.7,No
4369-HTUIF,Male,Yes,Fiber optic,Yes,Month-to-month,Yes,Bank transfer (automatic),85.15,503.6,Yes
9386-LDCZR,Male,Yes,Fiber optic,No,One year,Yes,Credit card (automatic),90.65,3882.3,No
9585-KKMFD,,Yes,,,Two year,Yes,Mailed check,,879.8,No
5399-ZIMKF,Male,Yes,Fiber optic,No,Month-to-month,Yes,Electronic check,74.65,383.65,No
0336-KXKFK,Male,No,DSL,Yes,Two year,Yes,Credit card (automatic),61.2,4390.25,No
5619-XZZKR,Male,Yes,No,No internet service,One year,No,Mailed check,19.95,68.2,No
3948-FVVRP,Male,Yes,DSL,No,Month-to-month,No,Mailed check,54.8,452.8,No
5327-XOKKY,,Yes,,,Two year,Yes,Credit card (automatic),,5329,No
0983-TATYJ,Female,Yes,DSL,No,One year,Yes,Mailed check,51.45,1758.9,No
1813-JYWTO,Female,Yes,Fiber optic,No,Two year,No,Bank transfer (automatic),80.45,5737.6,No
0156-FVPTA,Male,Yes,DSL,No,Month-to-month,Yes,Electronic check,54.2,1152.7,Yes
1984-FCOWB,Female,Yes,Fiber optic,Yes,One year,Yes,Electronic check,109.5,7674.55,Yes
0654-HMSHN,,Yes,,,Month-to-month,No,Electronic check,,2157.95,Yes
6719-OXYBR,Male,Yes,Fiber optic,Yes,Month-to-month,No,Electronic check,85.3,1219.85,No
3312-ZWLGF,Male,Yes,Fiber optic,No,Month-to-month,Yes,Electronic check,79.3,2414.55,No
6476-YHMGA,Female,Yes,DSL,,Month-to-month,No,Bank transfer (automatic),,1155.6,No
5287-QWLKY,,Yes,,,Month-to-month,Yes,Credit card (automatic),,7548.1,Yes
0795-XCCTE,Male,Yes,No,No internet service,Two year,No,Bank transfer (automatic),25.4,1809.35,No
0168-XZKBB,Female,Yes,Fiber optic,Yes,Month-to-month,Yes,Electronic check,86.85,1564.4,No
3785-NRHYR,Male,Yes,,,Month-to-month,No,Mailed check,,19.65,No
5196-SGOAK,Female,Yes,Fiber optic,No,Month-to-month,Yes,Electronic check,75.7,75.7,Yes
4537-DKTAL,,Yes,,,Month-to-month,No,Electronic check,,84.4,No
7072-MBHEV,Female,Yes,Fiber optic,No,Month-to-month,Yes,Credit card (automatic),78.1,864.85,No
5602-BVFMK,Female,Yes,No,No internet service,One year,No,Mailed check,19.3,228.75,No
6297-NOOPG,Female,Yes,Fiber optic,Yes,Two year,Yes,Electronic check,110.5,7752.05,No
1891-UAWWU,Female,Yes,,,Month-to-month,No,Electronic check,,1951,Yes
8204-TIFGJ,Female,Yes,No,No internet service,Month-to-month,Yes,Bank transfer (automatic),20.3,470.6,No
8050-DVOJX,Male,Yes,DSL,No,Two year,No,Credit card (automatic),81.35,4060.9,No
6108-OQZDQ,Female,Yes,Fiber optic,Yes,Month-to-month,Yes,Electronic check,97.95,384.5,Yes
0363-QJVFX,Male,Yes,Fiber optic,Yes,Month-to-month,Yes,Credit card (automatic),108.15,3432.9,Yes
8903-XEBGX,Male,Yes,DSL,No,Month-to-month,Yes,Electronic check,55.3,108.65,No
8169-SAEJD,Male,No,DSL,Yes,Two year,No,Credit card (automatic),56.55,3952.65,No
9840-DVNDC,Male,Yes,Fiber optic,Yes,Month-to-month,Yes,Credit card (automatic),80.5,463.05,Yes
1089-XZWHH,Female,Yes,No,No internet service,Two year,Yes,Mailed check,19.7,494.05,No
2325-WINES,Female,Yes,Fiber optic,Yes,One year,Yes,Credit card (automatic),104.05,3416.85,No
6064-ZATLR,Female,Yes,DSL,No,Two year,No,Bank transfer (automatic),52.85,1498.65,No
3096-JRDSO,Female,Yes,Fiber optic,Yes,Month-to-month,Yes,Bank transfer (automatic),104.3,2867.75,Yes
7824-PANSQ,Male,Yes,Fiber optic,No,Month-to-month,No,Bank transfer (automatic),80.65,4807.35,No
8042-JVNFH,Male,Yes,,,Month-to-month,Yes,Mailed check,,71.35,Yes
9648-BCHKM,Female,Yes,No,No internet service,Two year,Yes,Credit card (automatic),24.65,471.35,No
2888-ADFAO,Female,Yes,No,No internet service,Two year,Yes,Bank transfer (automatic),21.3,1041.8,No
8707-HOEDG,Female,Yes,Fiber optic,Yes,Two year,Yes,Electronic check,110.2,7689.8,No
3374-LXDEV,Female,Yes,Fiber optic,No,Month-to-month,No,Electronic check,89.4,1132.35,Yes
4072-IPYLT,Female,Yes,DSL,No,Month-to-month,No,Credit card (automatic),51.05,1815,No
7167-PCEYD,Male,Yes,No,No internet service,Two year,Yes,Mailed check,19.8,1311.3,No
4936-YPJNK,Female,Yes,No,No internet service,Month-to-month,Yes,Mailed check,19.9,199.45,No
1580-BMCMR,Male,Yes,Fiber optic,No,Month-to-month,Yes,Electronic check,87.3,1637.3,No
4817-KEQSP,Female,Yes,No,No internet service,Two year,No,Bank transfer (automatic),19.85,1326.35,No
6408-WHTEF,Male,Yes,DSL,Yes,Two year,Yes,Mailed check,89.4,6376.55,No
9251-AWQGT,,Yes,,,Two year,No,Mailed check,,935.9,No
8749-CLJXC,,Yes,,,Month-to-month,No,Mailed check,,20.05,No
7989-VCQOH,Male,Yes,DSL,Yes,Month-to-month,No,Electronic check,83.25,1611.15,No
5049-GLYVG,Male,Yes,,,Month-to-month,No,Mailed check,,20.6,Yes
4199-QHJNM,Male,Yes,Fiber optic,Yes,Two year,No,Bank transfer (automatic),102.9,6989.7,No
8882-TLVRW,Male,No,DSL,,Two year,No,Mailed check,,2779.5,No
5883-GTGVD,Male,Yes,Fiber optic,Yes,Month-to-month,Yes,Electronic check,99.95,1931.75,Yes
5135-GRQJV,Male,Yes,Fiber optic,Yes,Two year,Yes,Mailed check,114.5,8331.95,No
2384-OVPSA,Female,Yes,,,Two year,No,Mailed check,,735.9,No
1371-WEPDS,Male,Yes,DSL,No,One year,No,Electronic check,55.8,2283.3,No
3580-GICBM,Female,Yes,No,No internet service,Two year,Yes,Mailed check,24.2,1445.2,No
4817-QRJSX,Female,Yes,Fiber optic,No,Month-to-month,Yes,Credit card (automatic),81,818.05,Yes
9730-DRTMJ,Male,Yes,DSL,Yes,One year,Yes,Credit card (automatic),72.8,2333.05,No
4686-UXDML,Female,Yes,,,Month-to-month,Yes,Credit card (automatic),,1992.55,No
3349-ANQNH,,Yes,,,One year,Yes,Electronic check,,5890,No
2398-YPMUR,Female,Yes,Fiber optic,No,Month-to-month,Yes,Electronic check,70.15,916.75,Yes
0932-YIXYU,Female,Yes,No,,Two year,No,Credit card (automatic),,1029.8,No
7480-SPLEF,Male,Yes,No,No internet service,Two year,Yes,Bank transfer (automatic),26,1796.55,No
7636-XUHWW,,Yes,,,Month-to-month,Yes,Credit card (automatic),,33.7,No
1431-CYWMH,Female,Yes,No,No internet service,Month-to-month,No,Bank transfer (automatic),19.05,454.05,No
5937-EORGB,Male,Yes,Fiber optic,Yes,Month-to-month,Yes,Electronic check,96.5,1392.25,No
6349-JDHQP,,Yes,,,Two year,No,Credit card (automatic),,1049.6,No
5539-HIVAK,Female,Yes,No,No internet service,Month-to-month,No,Mailed check,25.7,734.6,No
5847-MXBEO,Male,Yes,No,No internet service,One year,No,Mailed check,20.3,475.1,No
9985-MWVIX,Female,Yes,Fiber optic,No,Month-to-month,Yes,Mailed check,70.15,70.15,Yes
4583-PARNH,Male,Yes,Fiber optic,No,Month-to-month,Yes,Electronic check,91.55,1540.05,No
1116-FRYVH,Female,No,DSL,No,Two year,No,Mailed check,39.4,1978.65,No
1421-HCERK,Male,Yes,Fiber optic,Yes,Month-to-month,Yes,Bank transfer (automatic),105.7,3181.8,No
9633-XQABV,,Yes,,,Month-to-month,Yes,Electronic check,,229.7,No
0716-BQNDX,Male,Yes,Fiber optic,No,Two year,No,Electronic check,93.75,5625.55,No
1265-XTECC,Female,Yes,Fiber optic,No,One year,Yes,Credit card (automatic),96.55,6581.9,Yes
1183-CANVH,Female,Yes,DSL,Yes,One year,No,Bank transfer (automatic),60,1347.15,No
1972-XMUWV,Female,Yes,DSL,Yes,Two year,Yes,Credit card (automatic),59.8,3808.2,No
8679-LZBMD,Male,Yes,Fiber optic,Yes,One year,Yes,Bank transfer (automatic),90.65,3974.15,No
3407-JMJQQ,Female,Yes,Fiber optic,Yes,Two year,Yes,Bank transfer (automatic),109,7661.8,No
6252-DFGTK,Female,Yes,DSL,No,One year,No,Credit card (automatic),68.1,2479.25,No
1539-LNKHM,Female,Yes,No,No internet service,Month-to-month,No,Mailed check,20.4,266.6,No
8645-KOMJQ,Male,Yes,DSL,Yes,Two year,Yes,Bank transfer (automatic),81.95,5601.4,No
0289-IVARM,Female,Yes,DSL,,Month-to-month,No,Electronic check,,1982.6,No
9761-XUJWD,Male,Yes,DSL,No,Month-to-month,Yes,Bank transfer (automatic),65.6,339.9,No
4057-FKCZK,Male,Yes,Fiber optic,Yes,Two year,No,Bank transfer (automatic),82.5,4828.05,No
4291-TPNFG,Male,Yes,DSL,No,Two year,Yes,Bank transfer (automatic),82.3,5980.55,No
6087-YPWHO,Male,Yes,,,Two year,No,Mailed check,,4808.7,No
3090-QFUVD,Female,Yes,No,No internet service,Month-to-month,No,Credit card (automatic),20.3,20.3,No
2237-ZFSMY,Female,Yes,Fiber optic,Yes,One year,Yes,Electronic check,95.55,3692.85,Yes
1722-LDZJS,Male,Yes,No,No internet service,One year,No,Credit card (automatic),20.2,1068.15,No
1818-ESQMW,Female,Yes,Fiber optic,No,Month-to-month,Yes,Electronic check,89.2,2383.6,No
4871-JTKJF,Female,Yes,Fiber optic,,Month-to-month,Yes,Electronic check,,69.65,Yes
1415-YFWLT,Female,Yes,Fiber optic,Yes,Month-to-month,Yes,Electronic check,89.3,89.3,Yes
7401-RUBNK,Female,Yes,Fiber optic,No,Month-to-month,No,Electronic check,74.8,1438.05,No
0506-YLVKJ,Male,Yes,No,No internet service,Two year,Yes,Mailed check,20.2,917.45,No
8661-BOYNW,Female,Yes,DSL,,Two year,Yes,Credit card (automatic),,6096.45,No
6711-VTNRE,Female,Yes,Fiber optic,No,Month-to-month,Yes,Electronic check,87.55,3078.1,Yes
4815-GBTCD,Female,No,DSL,No,Month-to-month,Yes,Electronic check,25.15,99.95,No
2805-AUFQN,Female,Yes,No,No internet service,Two year,No,Credit card (automatic),19.8,475.2,No
0980-PVMRC,Female,No,DSL,Yes,Month-to-month,Yes,Electronic check,50.85,2036.55,No
7233-DRTRF,Male,Yes,Fiber optic,Yes,Month-to-month,Yes,Electronic check,102.4,6444.05,No
3500-RMZLT,,Yes,,,Month-to-month,Yes,Mailed check,,1426.75,Yes
3873-NFTGI,Male,Yes,,,Month-to-month,Yes,Credit card (automatic),,767.55,No
1162-ECVII,Male,Yes,Fiber optic,Yes,Two year,Yes,Bank transfer (automatic),109.75,7932.5,No
7048-GXDAY,Male,Yes,Fiber optic,Yes,Month-to-month,Yes,Electronic check,106.4,4040.65,No
8571-ZCMCX,Female,No,DSL,Yes,Two year,Yes,Credit card (automatic),60,2768.65,No
1169-WCVAK,Male,Yes,Fiber optic,No,Month-to-month,Yes,Credit card (automatic),88.8,1672.35,No
4548-SDBKE,Female,Yes,Fiber optic,Yes,Month-to-month,Yes,Electronic check,85.2,474.8,Yes
8066-POXGX,Female,No,DSL,No,Month-to-month,Yes,Electronic check,35.1,446.1,Yes
7129-CAKJW,Female,Yes,Fiber optic,No,Month-to-month,No,Bank transfer (automatic),80.05,1345.65,No
8695-ARGXZ,Male,Yes,Fiber optic,No,Month-to-month,Yes,Electronic check,75.55,2425.4,No
3570-YUEKJ,Female,Yes,DSL,No,Month-to-month,Yes,Electronic check,49.55,2077.95,No
4143-OOBWZ,Male,Yes,Fiber optic,No,Month-to-month,Yes,Electronic check,81.3,416.3,Yes
1555-HAPSU,Female,Yes,No,No internet service,Two year,No,Credit card (automatic),23.9,1663.5,No
1697-NVVGY,Male,Yes,DSL,Yes,Month-to-month,No,Bank transfer (automatic),66.4,1286.05,No
7854-EKTJL,Female,Yes,No,No internet service,Month-to-month,Yes,Electronic check,19.6,35.85,Yes
8464-EETCQ,Male,Yes,No,,Two year,No,Credit card (automatic),,1094.35,No
2419-FSORS,Male,Yes,Fiber optic,Yes,Two year,Yes,Electronic check,108.4,7719.5,No
8132-YPVBX,Female,Yes,Fiber optic,No,Month-to-month,Yes,Mailed check,85.95,514.6,No
9102-IAYHT,,Yes,,,Month-to-month,Yes,Electronic check,,1451.6,Yes
6754-LZUKA,Male,Yes,DSL,Yes,Two year,No,Bank transfer (automatic),80.9,4932.5,No
3422-LYEPQ,Male,Yes,Fiber optic,No,Month-to-month,Yes,Electronic check,71,71,Yes
8099-MZPUJ,Male,Yes,Fiber optic,Yes,Two year,No,Credit card (automatic),111.8,5443.65,No
0787-LHDYT,Male,Yes,No,No internet service,Month-to-month,Yes,Credit card (automatic),20.6,330.25,No
2642-DTVCO,Male,Yes,Fiber optic,,Month-to-month,Yes,Electronic check,,746.5,Yes
0374-IOEGQ,Female,Yes,DSL,No,Month-to-month,No,Electronic check,44.6,122.7,No
4361-JEIVL,,Yes,,,Month-to-month,Yes,Electronic check,,44.4,Yes
3197-NNYNB,Male,Yes,Fiber optic,Yes,Two year,No,Credit card (automatic),105.1,6631.85,No
3396-DKDEL,,Yes,,,Two year,Yes,Credit card (automatic),,8250,No
1752-OZXFY,Male,Yes,DSL,Yes,One year,Yes,Mailed check,59.8,3561.15,No
9066-QRSDU,Female,Yes,,,One year,Yes,Electronic check,,1763.55,No
9112-WSNPU,Female,Yes,Fiber optic,No,Month-to-month,No,Electronic check,70.55,2419,No
9867-NNXLC,,Yes,,,Month-to-month,Yes,Mailed check,,470.2,No
5321-NTRKC,Male,Yes,DSL,Yes,Two year,No,Bank transfer (automatic),79.85,5234.95,No
1363-TXLSL,Male,Yes,Fiber optic,No,Month-to-month,Yes,Electronic check,70.3,70.3,Yes
9507-EXLTT,,Yes,,,Month-to-month,Yes,Bank transfer (automatic),,79.35,Yes
3161-GETRM,Male,Yes,Fiber optic,No,Month-to-month,Yes,Credit card (automatic),90.05,3097,No
0402-OAMEN,Female,Yes,No,No internet service,Two year,No,Bank transfer (automatic),24.45,1709.1,No
6933-VLYFX,Male,No,DSL,Yes,One year,No,Electronic check,59.95,1848.8,No
6754-WKSHP,Male,Yes,No,No internet service,One year,No,Bank transfer (automatic),25.35,723.3,No
9846-GKXAS,Female,Yes,Fiber optic,Yes,Month-to-month,Yes,Bank transfer (automatic),90.8,809.75,Yes
6017-PPLPX,Male,Yes,Fiber optic,,Month-to-month,Yes,Electronic check,,1470.95,Yes
4976-LNFVV,Male,No,DSL,No,Month-to-month,Yes,Credit card (automatic),34.3,577.15,No
5055-MGMGF,Female,Yes,Fiber optic,Yes,Month-to-month,Yes,Electronic check,105.05,6914.95,No
4641-FROLU,Female,Yes,No,No internet service,Two year,No,Mailed check,19.3,602.9,No
2862-JVEOY,Male,Yes,,,One year,No,Mailed check,,124.4,No
2969-QWUBZ,Female,No,DSL,Yes,Month-to-month,No,Electronic check,51.4,96.8,No
9822-BIIGN,Male,Yes,DSL,No,Month-to-month,No,Electronic check,71.85,3827.9,No
2077-MPJQO,Male,Yes,Fiber optic,No,Month-to-month,Yes,Electronic check,75.4,533.05,No
1534-OULXE,Female,Yes,DSL,No,One year,Yes,Bank transfer (automatic),49.7,2961.4,No
7136-RVDTZ,Male,No,DSL,Yes,One year,Yes,Electronic check,45.25,3264.45,Yes
2971-SGAFL,Female,Yes,DSL,Yes,Month-to-month,Yes,Electronic check,78.75,995.35,No
1480-IVEVR,Male,Yes,Fiber optic,No,One year,Yes,Bank transfer (automatic),81.6,2815.25,No
2905-KFQUV,,Yes,,,Month-to-month,Yes,Credit card (automatic),,154.8,No
4581-SSPWD,Female,Yes,Fiber optic,No,Month-to-month,Yes,Electronic check,75.8,246.3,Yes
3370-HXOPH,Female,Yes,Fiber optic,No,Month-to-month,No,Electronic check,76.1,257.6,No
9391-YZEJW,Female,Yes,Fiber optic,Yes,One year,Yes,Bank transfer (automatic),94,5757.2,No
9958-MEKUC,Male,Yes,Fiber optic,No,Two year,No,Credit card (automatic),103.95,7517.7,No
0281-CNTZX,Male,Yes,No,No internet service,Two year,Yes,Bank transfer (automatic),19.95,1234.8,No
6927-WTFIV,Male,Yes,Fiber optic,No,Month-to-month,No,Credit card (automatic),71.3,1389.2,Yes
4118-CEVPF,Female,Yes,Fiber optic,Yes,One year,Yes,Bank transfer (automatic),110.8,3836.3,No
3398-ZOUAA,Male,Yes,Fiber optic,,Month-to-month,Yes,Electronic check,,1474.75,Yes
9114-VEPUF,Male,Yes,Fiber optic,No,One year,No,Electronic check,96.1,6001.45,No
7876-BEUTG,Female,Yes,DSL,No,Month-to-month,Yes,Mailed check,48.8,720.1,No
2338-BQEZT,Female,Yes,DSL,No,Month-to-month,Yes,Credit card (automatic),50.55,2832.75,No
9873-MNDKV,Female,Yes,DSL,No,Month-to-month,Yes,Mailed check,44.65,472.25,No
0378-NHQXU,Female,Yes,Fiber optic,Yes,Month-to-month,No,Electronic check,88.25,1460.65,Yes
8241-JUIQO,Female,Yes,No,,One year,No,Bank transfer (automatic),,1336.35,No
2194-IIQOF,Female,Yes,DSL,,Two year,No,Credit card (automatic),,6388.65,No
4512-ZUIYL,Female,Yes,Fiber optic,No,Month-to-month,No,Bank transfer (automatic),70,153.05,Yes
9631-RXVJM,Male,Yes,No,No internet service,Two year,No,Mailed check,19.25,677.9,No
9584-EXCDZ,Female,Yes,Fiber optic,No,Month-to-month,No,Bank transfer (automatic),70.5,1165.6,No
7969-AULMZ,,Yes,,,Month-to-month,Yes,Electronic check,,2119.5,Yes
5093-FEGLU,Female,Yes,No,No internet service,Two year,No,Bank transfer (automatic),19.65,921.55,No
2621-UDNLU,Female,Yes,No,No internet service,Month-to-month,No,Mailed check,20.85,72,No
7526-IVLYU,Male,Yes,No,No internet service,Month-to-month,Yes,Mailed check,19.65,68.35,No
2428-HYUNX,Male,Yes,No,No internet service,Two year,Yes,Credit card (automatic),19.35,847.25,No
9214-EKVXR,Female,Yes,DSL,No,Month-to-month,Yes,Mailed check,44,44,No
3410-MHHUM,Female,Yes,Fiber optic,No,One year,No,Electronic check,94.4,4295.35,No
0568-ONFPC,Male,Yes,No,No internet service,Month-to-month,Yes,Bank transfer (automatic),25.9,135,Yes
0733-VUNUW,Male,Yes,DSL,No,Month-to-month,Yes,Bank transfer (automatic),55.65,1400.55,Yes
4550-EVXNY,Female,Yes,Fiber optic,,Month-to-month,Yes,Electronic check,,69.65,Yes
2122-YWVYA,Female,Yes,Fiber optic,No,Month-to-month,Yes,Electronic check,75.4,1380.4,No
2968-SSGAA,Female,Yes,Fiber optic,Yes,Month-to-month,Yes,Electronic check,100.6,1060.2,Yes
2296-DKZFP,Female,Yes,DSL,No,Two year,No,Bank transfer (automatic),71,4386.2,No
4844-JJWUY,Female,Yes,Fiber optic,No,Month-to-month,Yes,Electronic check,86,86,Yes
6777-TGHTM,Female,Yes,Fiber optic,Yes,One year,Yes,Credit card (automatic),106.95,5785.5,Yes
8909-BOLNL,Male,Yes,No,No internet service,One year,No,Mailed check,21.2,52.05,No
6603-YRDCJ,Male,Yes,DSL,No,Two year,Yes,Mailed check,61.05,2018.4,No
3538-WZPHD,Male,No,DSL,No,Month-to-month,Yes,Electronic check,29.6,79.45,Yes
3229-USWAR,Female,Yes,DSL,Yes,One year,Yes,Bank transfer (automatic),79.95,2727.3,No
2138-VFAPZ,Female,Yes,,,Two year,Yes,Mailed check,,263.65,No
6131-JLWZM,Female,Yes,No,No internet service,Month-to-month,Yes,Mailed check,20.3,275.4,No
4785-QRJHC,Male,No,DSL,Yes,One year,Yes,Bank transfer (automatic),59.9,2816.65,Yes
0269-XFESX,Male,Yes,No,No internet service,One year,No,Mailed check,24.35,538.5,No
1709-EJDOX,Female,Yes,No,No internet service,Two year,No,Mailed check,19.75,948.9,No
4316-XCSLJ,Male,Yes,DSL,No,Month-to-month,Yes,Mailed check,50.3,846.8,No
8610-WFCJF,Female,Yes,Fiber optic,Yes,Month-to-month,Yes,Electronic check,95.6,4783.5,Yes
9693-XMUOB,Male,No,DSL,Yes,Month-to-month,Yes,Electronic check,50.25,2997.45,No
0383-CLDDA,Female,Yes,DSL,Yes,Two year,Yes,Credit card (automatic),85.35,5897.4,No
4905-JEFDW,Male,No,DSL,Yes,One year,Yes,Electronic check,41.6,470.6,Yes
2709-UQGNP,Male,Yes,DSL,No,Month-to-month,Yes,Mailed check,51.65,524.5,No
3549-ZTMNH,Male,Yes,,,Two year,Yes,Bank transfer (automatic),,269.65,No
7881-INRLC,Male,Yes,Fiber optic,Yes,Month-to-month,Yes,Credit card (automatic),100.85,4740,Yes
8033-ATFAS,Female,Yes,DSL,Yes,Month-to-month,Yes,Mailed check,59.85,2341.5,No
1635-NZATJ,Male,Yes,No,No internet service,Two year,No,Credit card (automatic),25.45,1789.65,No
0562-HKHML,Male,Yes,No,No internet service,Two year,No,Credit card (automatic),23.9,1626.4,No
8277-RVRSV,Female,Yes,No,No internet service,One year,No,Credit card (automatic),24.15,800.3,No
9943-VSZUV,Male,Yes,Fiber optic,No,Month-to-month,Yes,Mailed check,75.7,5060.85,No
0117-LFRMW,Male,No,DSL,No,Month-to-month,No,Bank transfer (automatic),40.2,1448.8,Yes
6172-FECYY,Male,Yes,Fiber optic,Yes,Month-to-month,No,Electronic check,84.5,4254.85,Yes
7054-ENNGU,Female,Yes,DSL,No,Month-to-month,No,Mailed check,50.85,466.6,No
1455-HFBXA,Male,Yes,Fiber optic,No,Two year,Yes,Credit card (automatic),91.6,4627.8,No
9402-CXWPL,Female,Yes,,,One year,No,Electronic check,,6838.6,No
1628-BIZYP,Male,Yes,,,Month-to-month,Yes,Electronic check,,85,No
1965-AKTSX,Female,Yes,Fiber optic,No,Month-to-month,Yes,Electronic check,78.95,1101.85,Yes
0082-LDZUE,Male,Yes,DSL,No,Month-to-month,Yes,Mailed check,44.3,44.3,No
4786-UKSNZ,Male,Yes,No,No internet service,Month-to-month,No,Mailed check,20.2,20.2,Yes
5343-SGUBI,Female,Yes,Fiber optic,No,One year,Yes,Mailed check,80.2,4297.6,No
0856-NAOES,Male,Yes,DSL,,Month-to-month,No,Mailed check,,414.1,No
1976-AZZPJ,Male,No,DSL,No,Month-to-month,No,Mailed check,34.2,256.6,No
7248-VZQLC,Female,Yes,Fiber optic,No,Month-to-month,Yes,Bank transfer (automatic),85.2,3969.35,Yes
6156-UZDLF,Female,Yes,Fiber optic,No,One year,Yes,Credit card (automatic),87.15,2274.1,No
3099-OONVS,Male,Yes,DSL,No,Month-to-month,No,Electronic check,54.3,1296.8,No
9500-WBGRP,Male,Yes,No,No internet service,Two year,Yes,Mailed check,19.1,1268.85,No
5183-KLYEM,,Yes,,,Two year,Yes,Credit card (automatic),,8192.6,No
5144-PQCDZ,Male,Yes,No,No internet service,Month-to-month,Yes,Mailed check,19.95,59.25,No
8514-VZHEB,Male,Yes,No,No internet service,Two year,No,Mailed check,19.5,1147.85,No
6625-IUTTT,Male,Yes,DSL,No,Two year,No,Bank transfer (automatic),65.55,4361.55,No
9355-NPPFS,Female,Yes,Fiber optic,No,Month-to-month,Yes,Electronic check,78.8,2006.1,No
0068-FIGTF,Female,Yes,DSL,Yes,One year,No,Mailed check,78.2,2078.95,No
5965-GGPRW,,Yes,,,Two year,No,Bank transfer (automatic),,7609.75,No
8035-PWSEV,Female,Yes,Fiber optic,No,Month-to-month,Yes,Electronic check,89.25,487.05,No
2236-HILPA,Male,Yes,No,No internet service,Two year,No,Credit card (automatic),20.65,1218.45,No
1840-BIUOG,Male,Yes,DSL,Yes,One year,Yes,Electronic check,68.7,1416.2,No
1356-MKYSK,,Yes,,,Month-to-month,No,Credit card (automatic),,483.3,No
6080-LNESI,Male,Yes,No,,Two year,No,Mailed check,,1234.6,No
1830-IPXVJ,Female,Yes,No,No internet service,Two year,No,Credit card (automatic),19.75,1311.6,No
5828-DWPIL,Male,Yes,Fiber optic,No,Month-to-month,Yes,Electronic check,89.1,5618.3,No
8398-TBIYD,Female,Yes,Fiber optic,No,Two year,Yes,Bank transfer (automatic),84.7,6185.15,No
0011-IGKFF,Male,Yes,Fiber optic,Yes,Month-to-month,Yes,Electronic check,98,1237.85,Yes
4192-GORJT,Male,Yes,Fiber optic,Yes,Month-to-month,Yes,Electronic check,94.45,498.1,Yes
6496-SLWHQ,Male,Yes,Fiber optic,Yes,Month-to-month,Yes,Electronic check,105,294.45,Yes
9912-GVSEQ,Female,Yes,,,Month-to-month,Yes,Electronic check,,2381.55,Yes
2931-FSOHN,Male,Yes,DSL,Yes,Month-to-month,Yes,Electronic check,59.9,788.35,No
9418-RUKPH,Female,Yes,No,No internet service,Two year,Yes,Mailed check,19.95,756.4,No
5383-MMTWC,Female,Yes,Fiber optic,No,Month-to-month,Yes,Electronic check,84,613.4,Yes
9971-ZWPBF,Male,Yes,Fiber optic,Yes,Month-to-month,Yes,Electronic check,108.9,3625.2,No
4712-AUQZO,Male,No,DSL,No,Month-to-month,No,Mailed check,33.6,550.35,No
9711-FJTBX,Male,Yes,Fiber optic,No,One year,Yes,Mailed check,85.85,4793.8,No
2908-ZTPNF,,No,,,Month-to-month,Yes,Bank transfer (automatic),,1267.2,No
7240-ETPTR,,No,,,Month-to-month,Yes,Electronic check,,442.2,Yes
2202-CUYXZ,Male,Yes,Fiber optic,Yes,Month-to-month,Yes,Electronic check,84.85,84.85,Yes
5995-OIGLP,Male,Yes,DSL,No,Month-to-month,No,Mailed check,56.65,654.85,Yes
8421-WZOOW,Female,Yes,Fiber optic,Yes,Month-to-month,Yes,Credit card (automatic),95.3,5567.45,No
6261-RCVNS,Female,Yes,DSL,No,One year,No,Credit card (automatic),73.9,3160.55,Yes
7951-QKZPL,Female,Yes,No,No internet service,Two year,Yes,Mailed check,24.5,740.3,Yes
1414-YADCW,,Yes,,,Two year,No,Bank transfer (automatic),,5706.2,No
8756-RDDLT,Female,No,DSL,No,Month-to-month,No,Electronic check,44.95,3085.35,No
2862-PFNIK,Male,No,DSL,No,Month-to-month,Yes,Electronic check,24.7,24.7,No
5816-QVHRX,Female,Yes,Fiber optic,Yes,Month-to-month,No,Credit card (automatic),100.3,3541.4,No
4430-YHXGG,Female,Yes,No,No internet service,Month-to-month,Yes,Mailed check,25.45,84.2,No
6888-SBYAI,Male,Yes,DSL,No,Month-to-month,Yes,Mailed check,50.7,50.7,No
7395-XWZOY,Male,No,DSL,Yes,Month-to-month,Yes,Credit card (automatic),55,1165.55,No
7169-YWAMK,,Yes,,,Two year,No,Bank transfer (automatic),,4855.35,No
3640-PHQXK,Female,Yes,Fiber optic,No,Month-to-month,Yes,Electronic check,89.9,2806.9,Yes
6877-LGWXO,,Yes,,,Month-to-month,No,Electronic check,,1422.65,Yes
6859-RKMZJ,Male,Yes,DSL,Yes,Month-to-month,Yes,Bank transfer (automatic),55.05,608.15,No
2729-VNVAP,Female,Yes,No,No internet service,Two year,No,Credit card (automatic),19.8,641.35,No
2957-JIRMN,Female,Yes,Fiber optic,,One year,No,Electronic check,,4959.15,No
2049-BAFNW,Female,No,DSL,No,Month-to-month,No,Mailed check,35.9,35.9,No
3842-QTGDL,Male,Yes,Fiber optic,No,Month-to-month,No,Bank transfer (automatic),80.75,1321.3,No
7163-OCEQI,Male,Yes,DSL,Yes,One year,Yes,Mailed check,78.65,1663.75,No
9782-LGXMC,Female,Yes,DSL,No,Month-to-month,No,Bank transfer (automatic),61.75,3024.15,No
5975-BAICR,,Yes,,,One year,Yes,Credit card (automatic),,2188.5,No
8019-ENHXU,Male,Yes,Fiber optic,No,Month-to-month,Yes,Electronic check,99.45,4138.05,Yes
5167-GBFRE,Male,No,DSL,No,Month-to-month,Yes,Bank transfer (automatic),25.2,102.5,Yes
9033-EOXWV,Female,Yes,DSL,Yes,One year,No,Mailed check,74.05,872.65,Yes
4673-KKSLS,Female,Yes,Fiber optic,No,Month-to-month,No,Electronic check,87.6,2724.25,No
4853-OITSN,Male,Yes,Fiber optic,,Month-to-month,Yes,Electronic check,,413.25,No
9800-OUIGR,Male,Yes,No,No internet service,Two year,No,Credit card (automatic),20,1374.2,No
1324-NLTJE,,Yes,,,Month-to-month,No,Credit card (automatic),,757.1,Yes
2324-EFHVG,Male,Yes,Fiber optic,,Two year,Yes,Bank transfer (automatic),,6692.65,No
7094-MSZAO,Male,Yes,No,No internet service,Month-to-month,Yes,Credit card (automatic),20.05,218.5,No
1522-VVDMG,Male,Yes,Fiber optic,,Month-to-month,Yes,Electronic check,,608.8,Yes
6907-CQGPN,Male,No,DSL,No,Month-to-month,No,Electronic check,34.3,1004.75,No
0780-XNZFN,Male,Yes,No,No internet service,Two year,No,Bank transfer (automatic),20.65,1125.6,No
0239-OXEXL,Female,Yes,Fiber optic,No,Month-to-month,No,Mailed check,84.25,3847.6,No
2675-IJRGJ,,Yes,,,Two year,No,Bank transfer (automatic),,978,No
7049-GKVZY,Female,Yes,DSL,Yes,One year,No,Credit card (automatic),79.85,1387.35,No
8577-QSOCG,Female,Yes,No,,Two year,Yes,Mailed check,,746.05,No
3721-CNZHX,Male,Yes,No,No internet service,One year,No,Mailed check,19.8,304.6,No
0212-ISBBF,,No,,,Month-to-month,Yes,Electronic check,,1098.85,No
9185-TQCVP,Male,Yes,,,Month-to-month,Yes,Electronic check,,1139.2,Yes
3585-YNADK,Female,Yes,DSL,Yes,One year,No,Bank transfer (automatic),74.6,4368.95,No
5271-DBYSJ,Male,Yes,Fiber optic,No,Month-to-month,Yes,Credit card (automatic),79.15,827.7,No
1099-GODLO,,Yes,,,Two year,No,Mailed check,,20.35,No
6828-HMKWP,Male,Yes,No,No internet service,Two year,No,Bank transfer (automatic),21.05,262.05,No
5567-WSELE,Male,Yes,Fiber optic,Yes,Month-to-month,Yes,Electronic check,94.6,279.55,Yes
1472-TNCWL,Male,Yes,Fiber optic,Yes,Month-to-month,Yes,Electronic check,94.7,3512.5,No
8063-RJYNF,Male,Yes,Fiber optic,Yes,Month-to-month,Yes,Electronic check,94.25,1483.25,Yes
0687-ZVTHB,Male,Yes,DSL,No,One year,No,Credit card (automatic),72.45,4653.85,Yes
2080-GKCWQ,Male,Yes,Fiber optic,No,Month-to-month,No,Electronic check,74.95,151.75,No
9661-ACXBS,Female,Yes,Fiber optic,Yes,Month-to-month,Yes,Electronic check,105.2,4400.75,Yes
2193-SFWQW,,Yes,,,Two year,No,Bank transfer (automatic),,8033.1,No
5656-JAMLX,Male,Yes,No,No internet service,Two year,No,Bank transfer (automatic),19.85,1253.65,No
3462-BJQQA,Female,Yes,Fiber optic,Yes,Month-to-month,Yes,Electronic check,89.75,552.65,No
0442-TDYUO,Male,Yes,No,No internet service,Two year,Yes,Mailed check,20.05,1036,No
6733-LRIZX,Male,Yes,Fiber optic,Yes,Two year,Yes,Electronic check,108.95,4025.5,No
9503-XJUME,Male,Yes,No,,One year,No,Credit card (automatic),,928.4,No
4367-NHWMM,Female,No,DSL,,Month-to-month,Yes,Mailed check,,24.9,No
3727-RJMEO,Male,Yes,Fiber optic,Yes,Month-to-month,Yes,Electronic check,82.85,460.25,Yes
3779-OSWCF,,Yes,,,Two year,No,Credit card (automatic),,6506.15,No
6736-DHUQI,,Yes,,,One year,No,Bank transfer (automatic),,5598.3,No
3915-ODIYG,Male,Yes,DSL,No,One year,Yes,Electronic check,71.75,4374.55,No
1360-RCYRT,,No,,,Month-to-month,Yes,Bank transfer (automatic),,678.75,No
2724-FJDYW,Male,No,DSL,Yes,One year,No,Bank transfer (automatic),54.85,2191.7,No
4451-RWASJ,Male,Yes,No,No internet service,One year,Yes,Mailed check,19.5,239.75,No
6646-VRFOL,Male,Yes,Fiber optic,Yes,Month-to-month,Yes,Electronic check,103.85,5485.5,Yes
3460-TJBWI,,Yes,,,Two year,No,Mailed check,,609.05,No
5917-HBSDW,Female,Yes,No,No internet service,Month-to-month,No,Electronic check,19.35,683.75,No
5685-IIXLY,Female,Yes,Fiber optic,No,Month-to-month,Yes,Electronic check,83.6,404.2,Yes
5671-UUNXD,Female,Yes,Fiber optic,Yes,One year,Yes,Electronic check,100.65,5189.75,No
0956-ACVZC,Female,Yes,Fiber optic,Yes,One year,Yes,Credit card (automatic),94.1,5060.9,No
2325-NBPZG,Female,Yes,Fiber optic,No,Month-to-month,Yes,Electronic check,74.55,233.65,No
4250-ZBWLV,Male,Yes,Fiber optic,Yes,One year,No,Electronic check,108.45,7176.55,Yes
4482-FTFFX,Male,Yes,DSL,No,Month-to-month,No,Electronic check,56.15,291.45,No
8859-DZTGQ,Male,Yes,No,No internet service,Two year,No,Mailed check,20.35,689.75,No
0440-MOGPM,Female,Yes,DSL,Yes,One year,Yes,Electronic check,80.55,3263.9,No
0020-JDNXP,Female,No,,,One year,No,Mailed check,,1993.2,No
3752-CQSJI,Female,Yes,No,No internet service,Month-to-month,Yes,Mailed check,20.45,254.5,No
5025-GOOKI,Female,Yes,No,No internet service,Month-to-month,Yes,Credit card (automatic),18.9,347.65,No
4698-KVLLG,Female,Yes,No,No internet service,Two year,No,Credit card (automatic),19.6,967.9,No
5095-AESKG,Female,Yes,Fiber optic,No,Month-to-month,Yes,Credit card (automatic),91.5,242.95,Yes
2887-JPYLU,Female,Yes,DSL,No,Month-to-month,No,Bank transfer (automatic),45.2,1841.9,No
4770-QAZXN,,Yes,,,Month-to-month,No,Credit card (automatic),,232.1,No
4896-CPRPF,Male,Yes,No,No internet service,Two year,No,Bank transfer (automatic),25.45,809.25,No
1871-MOWRM,Male,Yes,Fiber optic,No,Month-to-month,No,Bank transfer (automatic),80.85,866.45,Yes
9714-EDSUC,Male,Yes,,,Month-to-month,Yes,Mailed check,,360.55,No
2027-OAQQC,Female,No,DSL,Yes,Month-to-month,Yes,Bank transfer (automatic),49.05,2076.2,Yes
0282-NVSJS,Female,No,DSL,No,Month-to-month,Yes,Mailed check,29.3,355.9,No
9090-SGQXL,Male,Yes,Fiber optic,Yes,Month-to-month,Yes,Electronic check,105.3,7299.65,Yes
6595-YGXIT,,Yes,,,Month-to-month,Yes,Electronic check,,2291.2,Yes
7353-YOWFP,Female,Yes,No,,One year,No,Mailed check,,129.15,No
9835-ZIITK,,Yes,,,One year,Yes,Electronic check,,7491.75,Yes
8008-ESFLK,Female,Yes,Fiber optic,Yes,One year,No,Electronic check,110.5,5835.5,No
7537-CBQUZ,Male,Yes,Fiber optic,Yes,Month-to-month,Yes,Bank transfer (automatic),109.4,7031.45,No
1555-DJEQW,Female,Yes,Fiber optic,Yes,Two year,Yes,Bank transfer (automatic),114.2,7723.9,Yes
5649-TJHOV,Male,No,DSL,No,Month-to-month,No,Bank transfer (automatic),36.5,1032,Yes
0519-XUZJU,Female,Yes,Fiber optic,No,Month-to-month,No,Mailed check,70.75,70.75,Yes
3363-EWLGO,Female,Yes,No,No internet service,Month-to-month,No,Mailed check,19.95,109.6,No
4750-UKWJK,Female,Yes,No,No internet service,One year,No,Mailed check,19.6,727.8,No
6338-AVWCY,Male,No,DSL,Yes,Month-to-month,Yes,Mailed check,40.15,130.75,Yes
1689-YQBYY,Female,Yes,Fiber optic,No,Month-to-month,Yes,Electronic check,76.6,893,No
4487-ZYJZK,Female,Yes,No,No internet service,One year,No,Credit card (automatic),19.6,763.1,No
2959-FENLU,Female,Yes,Fiber optic,No,Month-to-month,Yes,Credit card (automatic),85.3,781.4,No
0708-LGSMF,Male,Yes,DSL,No,Month-to-month,Yes,Electronic check,65.85,902.25,No
9253-QXKBE,Male,Yes,Fiber optic,Yes,Month-to-month,Yes,Electronic check,94.45,2653.65,Yes
7634-HLQJR,Female,Yes,No,No internet service,Two year,No,Credit card (automatic),20.05,1016.7,No
0487-RPVUM,Male,Yes,Fiber optic,Yes,Month-to-month,No,Bank transfer (automatic),99.4,5943.65,No
4079-ULGFR,Male,Yes,No,No internet service,Month-to-month,No,Mailed check,20,275.7,No
2516-XSJKX,Female,Yes,DSL,Yes,Two year,No,Electronic check,78.45,3126.45,No
0057-QBUQH,Female,Yes,No,No internet service,Two year,Yes,Electronic check,25.1,1070.15,No
9445-SZLCH,Female,Yes,Fiber optic,Yes,Month-to-month,Yes,Bank transfer (automatic),97.35,3457.9,Yes
6599-SFQVE,Female,Yes,DSL,No,Month-to-month,Yes,Electronic check,55,340.4,No
8331-ZXFOE,Female,Yes,DSL,,One year,Yes,Credit card (automatic),,4299.2,No
4003-FUSHP,,Yes,,,Month-to-month,Yes,Credit card (automatic),,1093.2,No
0356-ERHVT,Male,Yes,,,Month-to-month,Yes,Bank transfer (automatic),,521.9,No
7325-ENZFI,,No,,,One year,Yes,Bank transfer (automatic),,1630.4,No
4884-ZTHVF,Female,Yes,Fiber optic,Yes,Month-to-month,Yes,Electronic check,87.1,713.6,No
3920-HIHMQ,Female,Yes,DSL,,Month-to-month,Yes,Mailed check,,1265.65,No
3055-OYMSE,Female,Yes,Fiber optic,No,Month-to-month,Yes,Credit card (automatic),73.8,4003.85,No
0613-WUXUM,Female,Yes,No,No internet service,Two year,Yes,Mailed check,19.2,1401.4,No
7568-PODML,Male,No,DSL,Yes,Month-to-month,Yes,Mailed check,45.3,45.3,Yes
4458-KVRBJ,Male,Yes,No,No internet service,Two year,No,Mailed check,25,1510.5,No
5349-IECLD,Male,Yes,Fiber optic,Yes,Month-to-month,No,Electronic check,94.95,178.1,Yes
1397-XKKWR,Male,No,DSL,No,One year,No,Mailed check,35.3,264.8,No
3945-GFWQL,Female,Yes,DSL,No,Month-to-month,Yes,Electronic check,44.55,480.6,Yes
8097-OMULG,Male,Yes,DSL,Yes,One year,No,Credit card (automatic),76.75,4541.9,No
6013-BHCAW,Male,Yes,DSL,Yes,Two year,Yes,Bank transfer (automatic),81,4976.15,No
0401-WDBXM,Male,Yes,Fiber optic,Yes,Two year,Yes,Bank transfer (automatic),105.55,7542.25,No
3387-PLKUI,,Yes,,,Month-to-month,No,Mailed check,,251.25,No
6096-EGVTU,Female,Yes,No,,One year,No,Mailed check,,1595.5,No
3797-VTIDR,Male,No,DSL,,Month-to-month,Yes,Electronic check,,23.45,Yes
5081-NWSUP,Female,Yes,DSL,No,One year,No,Mailed check,64.9,685.55,No
2580-ATZSQ,,Yes,,,One year,No,Bank transfer (automatic),,3874.1,No
8085-MSNLK,Female,Yes,Fiber optic,Yes,Two year,No,Mailed check,113.95,6891.4,No
9691-HKOVS,Female,Yes,DSL,Yes,One year,Yes,Electronic check,90.15,4916.95,No
9881-VCZEP,Female,Yes,DSL,No,Month-to-month,No,Electronic check,54.1,1373,No
9526-BIHHD,Male,No,DSL,No,Month-to-month,No,Mailed check,29.7,29.7,Yes
8757-TFHHJ,Male,Yes,DSL,,Month-to-month,Yes,Credit card (automatic),,49.8,No
4523-WXCEF,Female,Yes,Fiber optic,Yes,Month-to-month,No,Electronic check,101.1,6039.9,Yes
1468-DEFNC,,Yes,,,Two year,Yes,Bank transfer (automatic),,1548.65,No
5119-KEPFY,Male,Yes,Fiber optic,Yes,Month-to-month,Yes,Bank transfer (automatic),95,3440.25,No
8364-TRMMK,,Yes,,,Month-to-month,Yes,Mailed check,,151.3,Yes
0916-KNFAJ,Male,Yes,DSL,No,Two year,Yes,Mailed check,69.9,4226.7,No
8319-QBEHW,Male,No,DSL,Yes,One year,Yes,Bank transfer (automatic),39.95,1023.75,No
3063-QFSZL,,Yes,,,Month-to-month,Yes,Electronic check,,55.4,Yes
8775-LHDJH,Female,Yes,Fiber optic,,Month-to-month,Yes,Electronic check,,90.6,Yes
9625-QNLUX,Male,Yes,Fiber optic,Yes,Two year,Yes,Credit card (automatic),103.25,7074.4,No
3097-NQYSN,Male,Yes,Fiber optic,Yes,Month-to-month,Yes,Mailed check,86.85,156.35,Yes
4024-CSNBY,Female,Yes,Fiber optic,No,Two year,Yes,Bank transfer (automatic),94.25,6849.75,No
7110-BDTWG,Female,No,DSL,No,Two year,Yes,Electronic check,47.05,3263.6,No
7493-GVFIO,Male,Yes,No,No internet service,Two year,No,Credit card (automatic),20.55,1252.85,No
0690-SRQID,Male,Yes,No,No internet service,Month-to-month,Yes,Mailed check,19.65,67.55,No
9605-WGJVW,Female,Yes,Fiber optic,No,Month-to-month,Yes,Electronic check,70.2,70.2,No
9114-DPSIA,Male,Yes,DSL,No,Two year,No,Credit card (automatic),81,5750,No
4700-UBQMV,Male,Yes,DSL,Yes,One year,Yes,Bank transfer (automatic),75.9,1549.75,No
7711-GQBZC,Female,Yes,No,No internet service,Two year,No,Bank transfer (automatic),24.7,1810.55,No
3565-UNOCC,Female,Yes,Fiber optic,Yes,Month-to-month,Yes,Bank transfer (automatic),99.05,2952.85,Yes
4627-MIHJH,Female,Yes,Fiber optic,Yes,Two year,No,Credit card (automatic),110.25,7467.55,No
9795-NREXC,Female,Yes,DSL,Yes,Two year,Yes,Credit card (automatic),85,5484.4,No
8573-CGOCC,Male,Yes,No,No internet service,Month-to-month,No,Credit card (automatic),19.75,294.9,No
7356-AYNJP,Female,Yes,No,No internet service,One year,No,Electronic check,23.9,97.5,No
9249-FXSCK,Female,Yes,Fiber optic,Yes,One year,Yes,Credit card (automatic),111.25,5916.45,Yes
5493-SDRDQ,Male,Yes,DSL,No,Month-to-month,Yes,Mailed check,55.1,113.35,Yes
6286-SUUWT,,Yes,,,Month-to-month,No,Mailed check,,19.95,No
4819-HJPIW,Male,No,DSL,No,Month-to-month,No,Mailed check,25.15,476.8,No
8654-DHAOW,Female,Yes,DSL,No,Month-to-month,No,Mailed check,54.15,101.65,No
5438-QMDDL,Female,Yes,DSL,No,Month-to-month,Yes,Mailed check,59.8,1130.85,No
9812-GHVRI,Female,Yes,Fiber optic,No,Month-to-month,No,Bank transfer (automatic),83.85,3532.25,No
5553-AOINX,,Yes,,,One year,Yes,Electronic check,,6891.45,No
1228-ZLNBX,Male,Yes,Fiber optic,No,Month-to-month,No,Mailed check,75.3,1570.7,No
4226-KKDON,Male,Yes,,,Month-to-month,Yes,Electronic check,,520.95,No
3831-YCPUO,Female,Yes,Fiber optic,Yes,Two year,Yes,Credit card (automatic),109.5,7854.9,No
7445-WMRBW,Female,Yes,DSL,Yes,One year,Yes,Bank transfer (automatic),73.85,3581.4,No
3308-DGHKL,Male,Yes,No,No internet service,Two year,Yes,Bank transfer (automatic),19.3,1447.9,No
9924-JPRMC,Male,Yes,Fiber optic,Yes,Two year,Yes,Electronic check,118.2,8547.15,No
0080-EMYVY,,Yes,,,One year,No,Credit card (automatic),,727.85,No
6218-KNUBD,Male,Yes,DSL,Yes,Month-to-month,No,Electronic check,59.45,357.6,No
7337-CINUD,Female,Yes,No,No internet service,Two year,No,Bank transfer (automatic),19.5,159.35,No
7609-NRNCA,Female,Yes,No,No internet service,One year,No,Mailed check,19.55,280.85,No
0623-EJQEG,Male,Yes,Fiber optic,,One year,No,Electronic check,,6069.25,No
7153-CHRBV,Female,Yes,DSL,No,One year,Yes,Mailed check,59.3,3274.35,No
0871-URUWO,Male,Yes,Fiber optic,Yes,Month-to-month,Yes,Credit card (automatic),102.25,1359,Yes
9190-MFJLN,Male,Yes,Fiber optic,Yes,Month-to-month,Yes,Credit card (automatic),95.9,1777.9,Yes
6198-PNNSZ,Female,Yes,Fiber optic,Yes,One year,No,Bank transfer (automatic),109.8,6109.65,No
3317-VLGQT,Female,Yes,Fiber optic,,Month-to-month,Yes,Electronic check,,1122.4,No
4132-POCZS,Male,No,DSL,No,Month-to-month,Yes,Electronic check,39.9,2020.9,No
5614-DNZCE,Female,Yes,DSL,No,Two year,Yes,Credit card (automatic),64.9,3795.45,No
1095-JUDTC,,Yes,,,Month-to-month,Yes,Electronic check,,4504.55,Yes
3896-RCYYE,Female,No,DSL,Yes,Month-to-month,Yes,Credit card (automatic),53.4,3579.15,No
9638-JIQYA,,No,,,Month-to-month,Yes,Credit card (automatic),,49.7,No
3258-SANFR,Male,Yes,DSL,No,Month-to-month,No,Credit card (automatic),44.7,276.5,No
3726-TBHQT,Male,Yes,Fiber optic,Yes,Two year,Yes,Bank transfer (automatic),114,8175.9,No
3190-ITQXP,Female,Yes,No,No internet service,Two year,No,Bank transfer (automatic),20.25,890.35,No
0870-VEMYL,,Yes,,,Month-to-month,No,Credit card (automatic),,259.8,Yes
4833-QTJNO,Male,Yes,Fiber optic,No,Month-to-month,No,Bank transfer (automatic),83.85,5588.8,No
3039-MJSLN,Male,Yes,No,No internet service,Month-to-month,No,Bank transfer (automatic),20.2,50.6,No
0178-CIIKR,Female,Yes,No,No internet service,Month-to-month,No,Mailed check,19.95,58,No
5385-SUIRI,Male,Yes,Fiber optic,Yes,Month-to-month,Yes,Electronic check,104.2,5568.35,Yes
3982-XWFZQ,Female,Yes,DSL,No,Month-to-month,Yes,Electronic check,50.25,2203.65,Yes
5774-QPLTF,Male,Yes,No,,One year,Yes,Mailed check,,938.95,No
2322-VCZHZ,Male,Yes,Fiber optic,No,Month-to-month,Yes,Electronic check,90,2024.1,No
5010-IPEAQ,Female,No,DSL,Yes,Two year,No,Credit card (automatic),54.2,3623.95,No
4009-ALQFH,Female,Yes,Fiber optic,Yes,Month-to-month,Yes,Electronic check,99.5,2369.05,Yes
6383-ZTSIW,Female,Yes,Fiber optic,Yes,One year,No,Mailed check,99.1,3877.95,No
8990-YOZLV,Female,Yes,DSL,No,Two year,Yes,Mailed check,66.9,4577.9,No
3069-SSVSN,Female,No,DSL,No,One year,No,Mailed check,25.85,25.85,No
5222-IMUKT,Male,Yes,Fiber optic,Yes,Month-to-month,No,Electronic check,91.05,2871.5,No
3627-FCRDW,,Yes,,,Month-to-month,No,Electronic check,,672.55,Yes
7562-GSUHK,,Yes,,,Month-to-month,Yes,Credit card (automatic),,1573.7,Yes
6685-XSHHU,Male,Yes,No,No internet service,Two year,Yes,Bank transfer (automatic),20.95,1270.55,No
8901-UPRHR,Female,Yes,Fiber optic,,Two year,Yes,Bank transfer (automatic),,7711.45,No
4903-UYAVB,Male,Yes,No,No internet service,Month-to-month,No,Mailed check,19.35,126.05,Yes
0118-JPNOY,,Yes,,,Month-to-month,Yes,Credit card (automatic),,2193.65,No
6776-TLWOI,Male,Yes,No,No internet service,Month-to-month,No,Mailed check,19.85,64.55,Yes
3845-FXCYS,Male,Yes,No,No internet service,Month-to-month,Yes,Electronic check,19.65,31.2,No
5857-XRECV,Female,Yes,No,No internet service,One year,No,Bank transfer (automatic),20.5,38.25,No
0725-CXOTM,Female,Yes,DSL,Yes,One year,Yes,Credit card (automatic),89.65,3348.1,No
4343-EJVQB,Male,Yes,Fiber optic,No,Month-to-month,No,Mailed check,74.35,533.6,No
9000-PLFUZ,Female,No,DSL,Yes,Two year,Yes,Credit card (automatic),49.45,2907.55,No
3427-GGZZI,Female,Yes,Fiber optic,No,Month-to-month,Yes,Electronic check,89.1,1620.8,No
7779-ORAEL,Male,Yes,DSL,No,Two year,No,Credit card (automatic),75.15,3480.35,No
0644-OQMDK,Male,Yes,Fiber optic,No,Month-to-month,Yes,Electronic check,70.65,293.85,No
4077-CROMM,Female,Yes,Fiber optic,Yes,Month-to-month,Yes,Electronic check,104.2,3243.45,Yes
3154-CFSZG,Male,Yes,Fiber optic,No,Month-to-month,No,Electronic check,90.05,4137.2,No
2868-MZAGQ,,Yes,,,Month-to-month,Yes,Electronic check,,79.25,Yes
4847-QNOKA,Female,Yes,DSL,No,Month-to-month,Yes,Bank transfer (automatic),44.9,44.9,Yes
2220-IAHLS,Female,Yes,No,No internet service,Month-to-month,No,Credit card (automatic),19.4,19.4,No
1658-XUHBX,Female,Yes,Fiber optic,No,Month-to-month,Yes,Credit card (automatic),88.75,5348.65,No
6379-RXJRQ,Male,Yes,Fiber optic,No,Month-to-month,Yes,Electronic check,70.1,659.65,Yes
2378-HTWFW,Male,Yes,Fiber optic,No,Month-to-month,No,Credit card (automatic),91,3180.5,No
8650-RHRKE,Male,No,DSL,No,Month-to-month,Yes,Electronic check,29.65,118.5,Yes
4377-VDHYI,Male,Yes,Fiber optic,No,One year,Yes,Electronic check,90.8,3023.85,No
0475-RIJEP,Male,Yes,Fiber optic,No,Month-to-month,Yes,Electronic check,77.85,3365.85,Yes
1260-TTRXI,Male,Yes,DSL,,Month-to-month,No,Electronic check,,195.3,Yes
3719-TDVQB,,Yes,,,Two year,Yes,Mailed check,,1031.1,No
6328-ZPBGN,,Yes,,,Month-to-month,Yes,Bank transfer (automatic),,997.65,Yes
0201-MIBOL,,Yes,,,Two year,Yes,Bank transfer (automatic),,6471.85,No
4937-QPZPO,Male,Yes,Fiber optic,Yes,One year,Yes,Electronic check,99.9,6241.35,No
2925-VDZHY,Male,Yes,DSL,Yes,Two year,No,Credit card (automatic),88.7,6501.35,No
6981-TDRFT,Male,No,DSL,Yes,One year,Yes,Electronic check,54.3,2317.1,No
3413-CSSTH,Male,Yes,DSL,No,Month-to-month,Yes,Bank transfer (automatic),55.7,2237.55,No
8033-VCZGH,,Yes,,,One year,Yes,Electronic check,,5231.3,No
4789-KWMXN,Male,Yes,Fiber optic,,One year,Yes,Credit card (automatic),,5275.8,Yes
0224-NIJLP,Male,Yes,No,No internet service,Two year,No,Mailed check,20.15,165.5,No
7542-CYDDM,Male,Yes,No,No internet service,Month-to-month,No,Mailed check,20.05,358.5,No
4718-WXBGI,Male,Yes,DSL,Yes,Two year,Yes,Credit card (automatic),91.95,6614.9,No
2867-UIMSS,Male,Yes,Fiber optic,No,Month-to-month,No,Electronic check,80.5,80.5,Yes
8495-PRWFH,Female,Yes,DSL,,Month-to-month,No,Electronic check,,2421.75,No
0439-IFYUN,Female,Yes,Fiber optic,No,Month-to-month,Yes,Electronic check,74.7,1294.6,No
5716-LIBJC,Female,Yes,Fiber optic,Yes,One year,Yes,Credit card (automatic),104.15,1299.1,No
2868-LLSKM,Female,Yes,Fiber optic,No,One year,Yes,Bank transfer (automatic),83.65,5733.4,No
8111-RKSPX,Male,Yes,Fiber optic,No,Month-to-month,Yes,Bank transfer (automatic),72.2,305.55,Yes
2988-QRAJY,Male,Yes,Fiber optic,Yes,Two year,Yes,Credit card (automatic),110.05,7430.75,No
1585-MQSSU,Male,Yes,DSL,No,Month-to-month,No,Mailed check,51.5,900.5,Yes
0071-NDAFP,Male,Yes,No,No internet service,Two year,No,Credit card (automatic),25.5,630.6,No
2856-NNASM,Male,Yes,Fiber optic,Yes,Month-to-month,Yes,Mailed check,89.55,3856.75,Yes
7328-ZJAJO,Female,Yes,No,No internet service,Two year,No,Credit card (automatic),19.5,1222.65,No
6458-CYIDZ,Female,Yes,Fiber optic,No,Month-to-month,No,Electronic check,80.7,374.8,No
8559-CIZFV,Male,Yes,DSL,,One year,No,Mailed check,,1625,Yes
1090-PYKCI,Female,Yes,Fiber optic,,One year,Yes,Credit card (automatic),,7234.8,No
3058-WQDRE,Male,No,DSL,No,Month-to-month,Yes,Bank transfer (automatic),25.15,331.85,No
7547-EKNFS,Male,Yes,Fiber optic,Yes,Month-to-month,Yes,Bank transfer (automatic),95.25,3959.35,Yes
2279-AXJJK,Male,Yes,Fiber optic,No,Month-to-month,Yes,Credit card (automatic),95.65,5088.4,No
6769-DYBQN,Male,Yes,Fiber optic,No,Month-to-month,No,Electronic check,85,3969.4,Yes
0909-SELIE,Male,Yes,DSL,No,Two year,Yes,Bank transfer (automatic),80.8,4860.85,No
3417-TSCIC,Male,No,DSL,No,One year,Yes,Mailed check,24.85,788.05,No
1042-HFUCW,Female,Yes,DSL,No,One year,Yes,Credit card (automatic),54.75,1266.35,No
4439-JMPMT,Female,Yes,Fiber optic,Yes,Month-to-month,Yes,Electronic check,85.75,470.95,Yes
6537-OTKMY,Male,No,DSL,Yes,One year,No,Electronic check,50.75,688.2,No
8999-EXMNO,Female,Yes,No,No internet service,Two year,No,Mailed check,20.15,387.7,No
6725-TPKJO,Male,Yes,No,No internet service,Two year,No,Mailed check,20.05,845.25,No
2446-BEGGB,Female,Yes,Fiber optic,Yes,Month-to-month,Yes,Electronic check,98.25,560.6,Yes
7162-WPHPM,Male,Yes,DSL,No,Two year,No,Credit card (automatic),71.6,4230.25,No
1599-MMYRQ,Male,Yes,Fiber optic,No,One year,Yes,Credit card (automatic),81.45,4983.05,No
8821-KVZKQ,Female,No,DSL,Yes,One year,Yes,Bank transfer (automatic),58.4,4113.15,No
1496-GGSUK,,No,,,Month-to-month,Yes,Mailed check,,25.7,Yes
6434-TTGJP,Male,No,DSL,No,Two year,No,Credit card (automatic),53.7,521,No
0042-JVWOJ,Male,Yes,No,No internet service,One year,Yes,Bank transfer (automatic),19.6,471.85,No
0130-SXOUN,Male,Yes,Fiber optic,No,Month-to-month,No,Credit card (automatic),89.4,5976.9,No
2575-GFSOE,Female,Yes,Fiber optic,No,Month-to-month,Yes,Electronic check,69,506.9,Yes
2330-PQGDQ,Male,Yes,Fiber optic,No,One year,No,Bank transfer (automatic),84.2,4299.75,No
1452-UZOSF,Male,Yes,Fiber optic,Yes,Two year,Yes,Credit card (automatic),106.1,7548.6,No
2097-YVPKN,Male,Yes,No,,Two year,No,Mailed check,,1654.75,No
2842-JTCCU,Male,Yes,DSL,No,Month-to-month,No,Bank transfer (automatic),46.05,80.35,Yes
8597-CTXVJ,Male,Yes,DSL,No,One year,No,Bank transfer (automatic),64.95,4551.5,No
6631-HMANX,Male,Yes,DSL,Yes,Two year,Yes,Credit card (automatic),85.45,6227.5,No
9962-BFPDU,Female,Yes,,,Month-to-month,No,Mailed check,,20.05,No
3296-SILRA,Female,Yes,Fiber optic,No,Month-to-month,Yes,Mailed check,76.4,76.4,Yes
9681-OXGVC,Female,Yes,Fiber optic,Yes,Month-to-month,Yes,Electronic check,100.5,514,Yes
6394-HHHZM,Male,Yes,No,No internet service,Month-to-month,No,Mailed check,20.7,57.5,No
5995-LFTLE,Male,Yes,No,No internet service,Two year,Yes,Credit card (automatic),25.3,1474.35,No
5180-UCIIQ,Male,No,DSL,No,Month-to-month,No,Mailed check,40.05,880.2,Yes
1932-UEDCX,Male,Yes,Fiber optic,Yes,Month-to-month,Yes,Bank transfer (automatic),100.6,3270.25,No
7153-OANIO,Male,Yes,Fiber optic,No,Month-to-month,No,Electronic check,69.95,69.95,Yes
5188-HGMLP,Male,Yes,Fiber optic,No,Month-to-month,No,Bank transfer (automatic),74,3919.15,No
0665-XHDJU,Male,Yes,Fiber optic,Yes,Two year,Yes,Electronic check,99.4,7285.7,No
6521-YYTYI,Male,Yes,Fiber optic,Yes,Month-to-month,Yes,Electronic check,93.3,93.3,Yes
8878-HMWBV,Male,Yes,DSL,No,Month-to-month,Yes,Electronic check,49.15,169.05,Yes
8265-HKSOW,Female,Yes,Fiber optic,No,Two year,No,Credit card (automatic),107.45,7658.3,No
3544-FBCAS,Female,Yes,DSL,Yes,Two year,Yes,Credit card (automatic),83.6,5959.3,No
5331-RGMTT,Male,Yes,Fiber optic,Yes,Month-to-month,Yes,Credit card (automatic),99.05,5295.7,No
4759-PXTAN,Female,Yes,DSL,Yes,One year,Yes,Electronic check,80.1,4693.2,No
7054-DMVAS,Male,Yes,DSL,Yes,Two year,Yes,Bank transfer (automatic),65.3,3512.9,No
3428-MMGUB,Male,Yes,Fiber optic,Yes,Two year,Yes,Electronic check,89.55,5231.2,No
6549-BTYPG,,No,,,Two year,No,Credit card (automatic),,3603.45,No
7823-JSOAG,Male,Yes,Fiber optic,No,Month-to-month,No,Electronic check,74.5,217.45,No
3705-RHRFR,Female,Yes,Fiber optic,Yes,Two year,No,Bank transfer (automatic),99.15,6875.35,No
9374-YOLBJ,Female,Yes,No,No internet service,Month-to-month,No,Electronic check,19.25,19.25,No
9074-KGVOX,Male,No,DSL,Yes,Month-to-month,Yes,Credit card (automatic),39.45,2021.35,No
6128-DAFVY,Female,No,DSL,,Month-to-month,Yes,Credit card (automatic),,2564.95,No
9933-QRGTX,Female,Yes,Fiber optic,,Two year,Yes,Electronic check,,5611.75,No
4476-OSWTN,Male,Yes,Fiber optic,,One year,Yes,Mailed check,,7610.1,No
3751-KTZEL,Female,No,DSL,No,Month-to-month,No,Mailed check,35.05,35.05,Yes
1977-STDKI,Female,Yes,,,Month-to-month,Yes,Electronic check,,73,Yes
5066-GFJMM,Female,Yes,,,Month-to-month,Yes,Mailed check,,45.75,No
2661-GKBTK,Male,Yes,DSL,Yes,Two year,No,Bank transfer (automatic),76.95,4543.95,No
0458-HEUZG,Female,No,DSL,No,Two year,No,Mailed check,35.4,450.4,No
7268-WNTCP,,Yes,,,Two year,No,Bank transfer (automatic),,1297.35,No
0824-VWDPO,Female,Yes,,,One year,No,Bank transfer (automatic),,4442.75,No
8409-WQJUX,Female,No,DSL,Yes,One year,No,Electronic check,54.2,1423.15,No
2578-JQPHZ,Male,Yes,Fiber optic,Yes,Two year,No,Bank transfer (automatic),100.1,4378.35,No
3278-FSIXX,Female,Yes,DSL,No,Month-to-month,Yes,Mailed check,45.25,74.2,No
5813-UECBU,,Yes,,,Month-to-month,Yes,Credit card (automatic),,2716.3,Yes
0328-GRPMV,,Yes,,,Month-to-month,Yes,Electronic check,,70.1,Yes
9746-UGFAC,Female,Yes,No,No internet service,One year,No,Bank transfer (automatic),20.85,450.65,No
2946-KIQSP,,No,,,Month-to-month,Yes,Mailed check,,1175.85,No
0625-AFOHS,Female,Yes,No,No internet service,Two year,No,Mailed check,20.2,558.8,No
6726-WEXXK,Male,Yes,Fiber optic,No,One year,Yes,Electronic check,85.9,2220.1,No
4636-OLWOE,Male,Yes,,,One year,Yes,Electronic check,,3283.05,No
4342-HENTK,Female,Yes,,,Month-to-month,Yes,Electronic check,,142.35,Yes
4685-ERGHK,Male,Yes,Fiber optic,Yes,One year,Yes,Electronic check,86.9,4939.25,No
0885-HMGPY,Male,Yes,DSL,No,Two year,No,Bank transfer (automatic),69.4,4237.5,No
5003-OKNNK,Female,Yes,No,No internet service,One year,No,Credit card (automatic),20.35,335.95,No
4195-SMMNX,Male,Yes,No,,Month-to-month,No,Mailed check,,33.2,Yes
7208-PSIHR,Female,Yes,Fiber optic,Yes,Two year,Yes,Bank transfer (automatic),104.3,7188.5,No
4012-ZTHBR,Female,Yes,DSL,No,Month-to-month,Yes,Electronic check,44.95,926.25,No
0489-WMEMG,Female,Yes,DSL,,One year,Yes,Electronic check,,1119.35,No
7435-ZNUYY,Male,Yes,No,No internet service,One year,No,Mailed check,20.6,116.6,No
1354-YZFNB,Male,Yes,No,No internet service,Two year,No,Credit card (automatic),19.55,68.8,No
6956-SMUCM,,Yes,,,Month-to-month,Yes,Credit card (automatic),,287.4,Yes
2985-FMWYF,,Yes,,,Month-to-month,Yes,Electronic check,,2341.55,No
2812-ENYMO,Male,No,DSL,Yes,One year,No,Credit card (automatic),54.55,1362.85,No
2717-HVIZY,Female,Yes,No,No internet service,Month-to-month,No,Mailed check,20.05,163.6,No
3223-WZWJM,Male,Yes,Fiber optic,No,Month-to-month,Yes,Electronic check,83.95,2254.2,Yes
3422-GALYP,Male,Yes,Fiber optic,No,Month-to-month,Yes,Electronic check,79.45,145.15,No
9053-JZFKV,Male,Yes,Fiber optic,Yes,Two year,No,Credit card (automatic),116.2,7752.3,Yes
2530-ENDWQ,Female,Yes,Fiber optic,Yes,Two year,Yes,Bank transfer (automatic),93.7,6585.35,Yes
2890-WFBHU,Female,Yes,DSL,No,One year,No,Credit card (automatic),79.85,4786.1,No
0327-WFZSY,Male,Yes,Fiber optic,Yes,One year,No,Electronic check,100,3835.55,No
7977-HXJKU,Male,Yes,No,No internet service,Two year,No,Mailed check,19.6,397,No
6615-ZGEDR,Male,Yes,No,No internet service,Month-to-month,No,Mailed check,19.7,19.7,Yes
7033-CLAMM,Female,Yes,No,No internet service,Two year,No,Bank transfer (automatic),20.2,1027.25,No
4023-RTIQM,Female,No,DSL,No,One year,Yes,Credit card (automatic),50.4,1580.1,No
0864-FVJNJ,,Yes,,,One year,No,Electronic check,,7222.75,No
7356-IWLFW,,Yes,,,Month-to-month,Yes,Bank transfer (automatic),,3769.7,No
9541-PWTWO,Female,Yes,DSL,Yes,Two year,Yes,Bank transfer (automatic),80.95,4233.95,No
3967-VQOGC,Female,Yes,No,No internet service,Two year,Yes,Mailed check,24.9,1680.25,No
7872-RDDLZ,Female,Yes,DSL,No,Month-to-month,No,Electronic check,54.9,3725.5,No
9250-WYPLL,Female,Yes,Fiber optic,No,Month-to-month,No,Electronic check,75.55,413.65,Yes
6308-CQRBU,Female,Yes,Fiber optic,Yes,Two year,No,Electronic check,109.25,7707.7,No
2754-XBHTB,Female,Yes,Fiber optic,Yes,Month-to-month,Yes,Bank transfer (automatic),77.65,714.15,Yes
1597-LHYNC,Female,Yes,Fiber optic,No,Month-to-month,Yes,Electronic check,95,2497.2,Yes
0186-CAERR,Male,Yes,Fiber optic,,One year,Yes,Bank transfer (automatic),,8309.55,No
3043-SUDUA,Female,Yes,No,No internet service,Month-to-month,No,Bank transfer (automatic),19.9,601.55,No
5442-BHQNG,Female,Yes,Fiber optic,,Month-to-month,No,Electronic check,,139.25,No
2169-RRLFW,,Yes,,,Two year,No,Credit card (automatic),,1888.25,No
5872-OEQNH,Female,No,DSL,No,One year,Yes,Electronic check,44.45,2773.9,No
3162-KKZXO,Female,Yes,,,One year,Yes,Electronic check,,5409.75,No
7055-VKGDA,Male,Yes,Fiber optic,Yes,One year,Yes,Credit card (automatic),105.4,5643.4,Yes
0754-UKWQP,Male,Yes,Fiber optic,Yes,Month-to-month,Yes,Electronic check,95.85,197.7,Yes
8873-GLDMH,Female,Yes,Fiber optic,No,Month-to-month,Yes,Mailed check,73.85,401.3,No
5696-JVVQY,Female,Yes,DSL,No,Two year,Yes,Credit card (automatic),70.1,3238.4,No
8946-BFWSG,Male,Yes,No,No internet service,Two year,No,Mailed check,25.25,1573.05,No
7493-TPUWZ,Male,Yes,Fiber optic,No,Month-to-month,Yes,Electronic check,79.15,79.15,Yes
0547-HURJB,Male,Yes,No,No internet service,Month-to-month,No,Credit card (automatic),21.05,235.8,No
8904-OPDCK,Male,No,DSL,No,Month-to-month,Yes,Bank transfer (automatic),24.95,1364.75,No
8845-LWKGE,Female,Yes,DSL,Yes,One year,Yes,Electronic check,64.5,1985.15,No
1577-HKTFG,Female,Yes,No,No internet service,Month-to-month,No,Bank transfer (automatic),19.65,655.85,Yes
8752-STIVR,Female,Yes,Fiber optic,Yes,Month-to-month,Yes,Electronic check,79,303.15,Yes
0691-NIKRI,Female,Yes,Fiber optic,Yes,One year,Yes,Credit card (automatic),105.95,4335.2,No
5022-JNQEQ,Female,Yes,Fiber optic,No,Month-to-month,Yes,Electronic check,75.85,647.5,No
4558-FANTW,Female,Yes,Fiber optic,Yes,Month-to-month,No,Electronic check,91.85,1574.45,Yes
3249-VHRIP,Female,No,DSL,No,Two year,Yes,Credit card (automatic),43.6,2748.7,No
3736-BLEPA,Male,Yes,Fiber optic,Yes,One year,Yes,Bank transfer (automatic),91.25,2483.65,No
4701-LKOZD,Female,Yes,DSL,Yes,Two year,No,Credit card (automatic),89.75,6367.2,No
6603-QWSPR,Female,Yes,Fiber optic,Yes,Two year,Yes,Bank transfer (automatic),104.4,4904.2,No
9921-QFQUL,Female,Yes,Fiber optic,No,Month-to-month,No,Mailed check,90.15,2044.95,No
1929-ZCBHE,Male,No,DSL,No,One year,No,Electronic check,40.3,1794.8,No
4378-MYPGO,Male,Yes,Fiber optic,Yes,Two year,Yes,Bank transfer (automatic),105.25,7173.15,No
8651-ENBZX,Female,Yes,Fiber optic,Yes,One year,Yes,Electronic check,106,6441.4,Yes
4129-LYCOI,Female,Yes,Fiber optic,Yes,Two year,Yes,Electronic check,104,7039.05,No
7798-JVXYM,Female,Yes,DSL,Yes,Month-to-month,Yes,Electronic check,69.65,921.4,No
8647-SDTWQ,Male,Yes,Fiber optic,No,Month-to-month,Yes,Electronic check,74.3,4018.35,No
2696-ECXKC,Female,Yes,Fiber optic,Yes,One year,No,Mailed check,100.9,5448.6,No
2081-KJSQF,Male,Yes,No,No internet service,Month-to-month,Yes,Mailed check,20.25,20.25,No
7623-TRNQN,Male,Yes,DSL,No,Month-to-month,Yes,Mailed check,49.9,49.9,Yes
3323-CPBWR,,Yes,,,Month-to-month,Yes,Credit card (automatic),,2085.45,No
9330-IJWIO,,Yes,,,Month-to-month,Yes,Electronic check,,1358.85,Yes
3384-CTMSF,Male,Yes,Fiber optic,Yes,Month-to-month,Yes,Electronic check,104.1,5135.15,No
0902-RFHOF,Male,Yes,No,No internet service,One year,No,Mailed check,20.1,730.1,No
9286-DOJGF,Female,Yes,Fiber optic,,Month-to-month,Yes,Bank transfer (automatic),,2869.85,Yes
6048-QBXKL,Female,Yes,DSL,No,Month-to-month,Yes,Credit card (automatic),56.55,118.25,No
9661-MHUMO,Male,Yes,DSL,No,Month-to-month,Yes,Credit card (automatic),49.25,49.25,Yes
7718-RXDGG,Male,Yes,Fiber optic,No,Month-to-month,Yes,Bank transfer (automatic),68.6,1108.6,No
1025-FALIX,Female,Yes,Fiber optic,No,Month-to-month,Yes,Credit card (automatic),69.05,1815.65,No
3451-VAWLI,Female,Yes,No,No internet service,Two year,No,Credit card (automatic),19.7,730.4,No
3407-QGWLG,,Yes,,,Month-to-month,Yes,Mailed check,,75.45,No
1842-EZJMK,Male,Yes,Fiber optic,Yes,Month-to-month,No,Electronic check,103.7,5071.05,Yes
2347-WKKAE,Male,Yes,Fiber optic,,Month-to-month,Yes,Electronic check,,4014.6,No
8735-DCXNF,Male,Yes,DSL,No,Month-to-month,Yes,Credit card (automatic),54.95,568.85,No
3214-IYUUQ,Female,Yes,Fiber optic,No,One year,No,Bank transfer (automatic),93.7,5860.7,No
1936-UAFEH,Female,Yes,Fiber optic,Yes,Two year,No,Credit card (automatic),110.25,7279.35,No
3587-PMCOY,Male,Yes,Fiber optic,Yes,One year,Yes,Electronic check,98.9,1064.95,No
8079-XRJRS,Male,Yes,Fiber optic,No,One year,No,Electronic check,89.75,5769.6,Yes
1027-LKKQQ,Female,Yes,DSL,Yes,Two year,Yes,Bank transfer (automatic),80.45,5886.85,No
7148-XZPHA,,Yes,,,Month-to-month,No,Electronic check,,4238.45,No
8073-IJDCM,Female,Yes,No,No internet service,Month-to-month,Yes,Mailed check,20.3,20.3,Yes
5309-TAIKL,Female,Yes,DSL,No,Month-to-month,No,Bank transfer (automatic),62.8,418.3,No
6856-RAURS,Female,Yes,Fiber optic,No,Month-to-month,Yes,Mailed check,74.9,136.05,No
8778-LMWTJ,Female,Yes,Fiber optic,No,Month-to-month,Yes,Electronic check,74.85,708.2,No
9717-IOAAF,Male,Yes,No,No internet service,Two year,Yes,Credit card (automatic),25.85,788.55,No
8884-ADFVN,Male,Yes,Fiber optic,Yes,Month-to-month,Yes,Electronic check,101.95,700.85,Yes
2845-KDHVX,Female,Yes,DSL,,Two year,Yes,Mailed check,,4378.8,No
0848-SOMKO,Male,No,DSL,,Two year,No,Bank transfer (automatic),,3442.8,No
2720-WGKHP,Male,Yes,Fiber optic,Yes,Month-to-month,Yes,Electronic check,94,181.7,Yes
6734-FQAJX,Male,Yes,Fiber optic,Yes,Two year,Yes,Electronic check,105.05,7171.7,No
2869-ADAWR,,Yes,,,Month-to-month,Yes,Credit card (automatic),,4016.85,Yes
1535-VTJOQ,Female,Yes,No,No internet service,Two year,No,Credit card (automatic),25.15,553,No
6368-TZZDT,Male,Yes,No,No internet service,Two year,No,Credit card (automatic),19.5,96.85,No
0943-ZQPXH,Male,Yes,Fiber optic,Yes,Month-to-month,Yes,Bank transfer (automatic),92.95,4122.9,No
1293-BSEUN,Female,Yes,No,No internet service,Two year,Yes,Mailed check,20.7,1482.3,No
9894-EZEWG,Female,Yes,Fiber optic,,Month-to-month,Yes,Credit card (automatic),,74.3,Yes
1302-TPUBN,Male,Yes,No,,Two year,No,Bank transfer (automatic),,1240.8,No
7851-FLGGQ,Male,No,DSL,No,Month-to-month,Yes,Mailed check,44.65,44.65,Yes
0637-UBJRP,Male,Yes,Fiber optic,No,Month-to-month,No,Electronic check,84.05,1095.3,Yes
0940-OUQEC,Male,Yes,Fiber optic,No,Month-to-month,Yes,Bank transfer (automatic),80.7,788.8,Yes
2378-VTKDH,Male,Yes,Fiber optic,Yes,Month-to-month,Yes,Electronic check,104.35,6578.55,No
0927-CNGRH,Male,Yes,No,No internet service,Month-to-month,No,Mailed check,19.55,19.55,No
8608-OZTLB,Male,Yes,DSL,Yes,One year,No,Electronic check,74.05,2802.3,No
2335-GSODA,Male,No,DSL,,Two year,No,Mailed check,,857.75,No
1952-DVVSW,Female,Yes,No,No internet service,One year,No,Mailed check,20.1,184.4,No
0702-PGIBZ,Male,Yes,,,Month-to-month,Yes,Electronic check,,364.55,Yes
6656-GULJQ,Male,Yes,DSL,Yes,Two year,Yes,Credit card (automatic),83.55,6093.3,No
9853-JFZDU,Female,Yes,DSL,No,Month-to-month,No,Electronic check,56.85,1861.1,No
1963-VAUKV,,Yes,,,Month-to-month,No,Mailed check,,20.4,Yes
3777-XROBG,Female,Yes,No,No internet service,Two year,No,Credit card (automatic),19.55,1079.65,No
6994-FGRHH,Male,Yes,Fiber optic,Yes,One year,Yes,Electronic check,106.15,7475.1,No
4000-VGMQP,Male,Yes,DSL,Yes,One year,No,Credit card (automatic),78.95,2862.55,No
3999-WRNGR,Female,No,DSL,Yes,Month-to-month,Yes,Electronic check,49.75,3069.45,No
3466-RITXD,,Yes,,,Month-to-month,Yes,Credit card (automatic),,2349.8,No
2680-XKKNJ,Female,Yes,DSL,No,One year,No,Bank transfer (automatic),58.2,469.25,No
3058-HJCUY,Male,Yes,Fiber optic,Yes,One year,Yes,Electronic check,102.6,4213.35,Yes
2974-GGUXS,Female,Yes,Fiber optic,Yes,Month-to-month,Yes,Credit card (automatic),91.95,3301.05,No
7994-XIRTR,Male,Yes,DSL,No,One year,No,Bank transfer (automatic),65.25,3529.95,No
3259-FDWOY,Male,Yes,Fiber optic,Yes,Two year,Yes,Bank transfer (automatic),106,7723.7,Yes
2101-RANCD,Female,Yes,Fiber optic,No,Month-to-month,Yes,Electronic check,73.1,4144.9,No
7921-BEPCI,Female,Yes,DSL,No,Two year,No,Bank transfer (automatic),59.75,4265,No
0807-ZABDG,Female,Yes,DSL,No,Month-to-month,Yes,Mailed check,55.1,154.65,Yes
8510-TMWYB,Female,Yes,DSL,No,Two year,Yes,Bank transfer (automatic),59.8,3246.45,No
3258-ZKPAI,Male,Yes,Fiber optic,Yes,Two year,Yes,Bank transfer (automatic),116.6,8337.45,No
1428-IEDPR,,Yes,,,Two year,Yes,Electronic check,,5731.4,No
5298-GSTLM,Female,Yes,Fiber optic,Yes,One year,Yes,Bank transfer (automatic),101.4,6176.6,No
4450-YOOHP,Female,No,DSL,Yes,Month-to-month,Yes,Credit card (automatic),50.65,1905.4,No
6728-CZFEI,Female,Yes,DSL,Yes,One year,No,Mailed check,56.15,931.9,No
5748-RNCJT,Male,Yes,Fiber optic,Yes,Two year,Yes,Bank transfer (automatic),106.5,7348.8,Yes
3653-NCRDJ,Male,Yes,No,No internet service,One year,Yes,Mailed check,19.2,776.25,No
6121-TNHBO,Female,Yes,,,One year,No,Bank transfer (automatic),,5243.05,No
5119-NZPTV,,Yes,,,Month-to-month,No,Electronic check,,141.65,No
6519-ZHPXP,Female,Yes,Fiber optic,Yes,Two year,Yes,Bank transfer (automatic),108.3,7679.65,No
7739-LAXOG,Female,Yes,Fiber optic,No,Month-to-month,Yes,Bank transfer (automatic),91.05,2954.5,Yes
3472-QPRCH,Male,Yes,No,No internet service,Two year,No,Credit card (automatic),25.25,1006.9,No
8224-UAXBZ,Female,No,DSL,Yes,One year,Yes,Electronic check,45.35,2540.1,No
9610-WCESF,Male,No,DSL,Yes,Two year,No,Electronic check,43.9,3097.2,No
9776-CLUJA,Female,Yes,Fiber optic,No,Month-to-month,Yes,Electronic check,77.5,3807.35,Yes
2486-WYVVE,Male,Yes,DSL,Yes,One year,Yes,Mailed check,79.3,2484,No
3865-ZYKAD,Male,Yes,Fiber optic,No,Month-to-month,Yes,Credit card (automatic),84.9,5785.65,No
1422-DGUBX,Male,Yes,Fiber optic,No,One year,Yes,Electronic check,79.25,2619.15,No
2999-AANRQ,Female,Yes,DSL,Yes,Two year,No,Credit card (automatic),71.05,1524.85,No
8668-KNZTI,,Yes,,,One year,No,Electronic check,,2790.65,No
0480-KYJVA,Female,Yes,No,No internet service,Two year,No,Credit card (automatic),24.25,1784.5,No
6034-ZRYCV,Female,No,DSL,Yes,Two year,Yes,Electronic check,54.2,3937.45,Yes
9746-YKGXB,Male,No,DSL,No,One year,No,Bank transfer (automatic),44.25,2276.1,No
3926-YZVVX,Female,Yes,DSL,No,One year,No,Bank transfer (automatic),50.05,2029.05,No
6000-UKLWI,Male,Yes,No,No internet service,Two year,No,Mailed check,20.15,802.35,No
2079-FBMZK,Female,Yes,Fiber optic,No,Month-to-month,Yes,Mailed check,69.25,418.4,Yes
6332-FBZRI,Male,Yes,DSL,No,One year,Yes,Credit card (automatic),69.35,4653.25,No
2096-XOTMO,Female,Yes,No,No internet service,Month-to-month,No,Mailed check,19.35,275.9,No
3266-FTKHB,Male,Yes,No,,Two year,No,Mailed check,,343.45,No
8221-EQDGL,Male,Yes,DSL,No,Month-to-month,No,Mailed check,61,2130.45,No
2346-LOCWC,Female,Yes,No,No internet service,Two year,No,Credit card (automatic),20.5,1191.4,No
6608-QQLVK,Male,Yes,DSL,No,Month-to-month,Yes,Electronic check,50.5,50.5,Yes
0298-XACET,Male,No,DSL,Yes,Two year,No,Mailed check,50.2,2554,No
7560-QJAVJ,Female,Yes,DSL,Yes,Two year,No,Bank transfer (automatic),79.6,5589.45,No
2995-YWTCD,Female,Yes,No,No internet service,Two year,Yes,Bank transfer (automatic),24.9,467.7,No
3551-HUAZH,Male,Yes,Fiber optic,No,Month-to-month,Yes,Electronic check,74.4,74.4,Yes
9137-UIYPG,Female,Yes,Fiber optic,Yes,Month-to-month,Yes,Electronic check,106.9,3756.45,No
2809-ZMYOQ,Female,Yes,Fiber optic,Yes,Month-to-month,Yes,Electronic check,101.35,3334.9,No
5084-OOVCJ,Female,Yes,DSL,No,Month-to-month,Yes,Credit card (automatic),55.35,920.5,No
0254-WWRKD,Female,Yes,DSL,No,One year,No,Credit card (automatic),50.55,3431.75,No
7727-SHVZV,Female,Yes,No,No internet service,Month-to-month,No,Bank transfer (automatic),19.5,150.35,No
6302-JGYRJ,Male,Yes,DSL,Yes,One year,Yes,Mailed check,79.45,2587.7,Yes
5339-PXDVH,Male,Yes,Fiber optic,Yes,Month-to-month,No,Electronic check,90.65,367.95,No
2205-LPVGL,Male,Yes,Fiber optic,No,One year,Yes,Bank transfer (automatic),89.85,5125.75,No
8782-NUUOL,Male,Yes,DSL,Yes,One year,No,Mailed check,79,4801.1,No
3685-YLCMQ,Male,Yes,Fiber optic,Yes,One year,Yes,Electronic check,104.65,6219.6,Yes
7601-WFVZV,Male,Yes,No,No internet service,Month-to-month,No,Mailed check,19.55,19.55,No
4609-KNNWG,Female,Yes,No,,Two year,No,Mailed check,,550.1,No
4868-AADLV,Male,Yes,Fiber optic,,One year,Yes,Electronic check,,7862.25,No
9529-OFXHY,Male,Yes,Fiber optic,Yes,Month-to-month,Yes,Bank transfer (automatic),87.75,1242.2,No
8634-MPHTR,Male,Yes,Fiber optic,Yes,Month-to-month,Yes,Electronic check,100.05,4871.05,Yes
2669-QVCRG,Female,Yes,Fiber optic,No,Month-to-month,Yes,Credit card (automatic),81.3,3190.65,No
2478-EEWWM,Male,No,DSL,Yes,Month-to-month,Yes,Electronic check,44.3,2666.75,No
9174-IHETN,Female,Yes,Fiber optic,No,Two year,No,Credit card (automatic),70.35,3533.6,No
2233-TXSIU,Male,No,DSL,Yes,One year,No,Credit card (automatic),44.45,792.15,No
9644-UMGQA,Male,Yes,DSL,No,Month-to-month,Yes,Electronic check,49.15,295.65,No
3256-EZDBI,Male,No,,,Month-to-month,Yes,Credit card (automatic),,1459.35,No
8761-NSOBC,Male,Yes,Fiber optic,Yes,Month-to-month,No,Electronic check,100.55,4398.15,Yes
0419-YAAPX,Male,Yes,,,Month-to-month,Yes,Credit card (automatic),,4297.95,No
8413-VONUO,Male,Yes,Fiber optic,,Month-to-month,No,Electronic check,,167.3,Yes
0872-CASZJ,Male,Yes,DSL,No,One year,Yes,Mailed check,69.1,4096.9,No
4726-DLWQN,Male,Yes,DSL,Yes,Month-to-month,Yes,Bank transfer (automatic),70.35,3454.6,No
8164-OCKUJ,Female,Yes,No,No internet service,Two year,No,Mailed check,20.6,1286,No
3094-JOJAI,Male,Yes,Fiber optic,No,Month-to-month,No,Mailed check,74.15,1387,No
9494-MRNYX,Male,Yes,Fiber optic,No,Month-to-month,No,Electronic check,75.05,786.3,No
2599-CZABP,Male,Yes,DSL,No,One year,No,Electronic check,44.6,641.25,No
7945-PRBVF,,Yes,,,Two year,No,Bank transfer (automatic),,705.45,No
4544-RXFMG,Male,Yes,DSL,No,One year,Yes,Mailed check,43.45,345.5,No
0859-YGKFW,Male,Yes,No,No internet service,One year,No,Bank transfer (automatic),20.05,345.9,No
1150-FTQGN,Female,Yes,Fiber optic,Yes,One year,No,Bank transfer (automatic),94.15,5811.8,No
9223-UCPVT,Female,Yes,Fiber optic,Yes,Month-to-month,No,Electronic check,94.4,94.4,Yes
7196-LIWRH,Female,Yes,No,No internet service,Two year,No,Mailed check,19.55,124.45,No
5448-VWNAM,Female,Yes,DSL,Yes,Month-to-month,Yes,Mailed check,75.9,1375.6,No
1177-XZBJL,Male,Yes,DSL,No,One year,No,Bank transfer (automatic),64.15,3491.55,No
3518-FSTWG,,Yes,,,Two year,Yes,Bank transfer (automatic),,7920.7,No
9330-VOFSZ,Female,Yes,Fiber optic,Yes,Two year,Yes,Credit card (automatic),110.8,6640.7,No
4351-QLCSU,Female,Yes,DSL,Yes,Month-to-month,Yes,Credit card (automatic),55,55,Yes
0939-EREMR,Female,Yes,DSL,No,Month-to-month,No,Mailed check,53.45,718.1,No
9389-ACWBI,Female,Yes,Fiber optic,No,Month-to-month,No,Credit card (automatic),69.95,320.4,No
5419-JPRRN,Male,Yes,Fiber optic,Yes,Month-to-month,Yes,Electronic check,101.45,101.45,Yes
3644-QXEHN,Male,Yes,Fiber optic,Yes,Month-to-month,No,Electronic check,97,1334.45,No
2911-IJORQ,Male,Yes,DSL,Yes,One year,Yes,Bank transfer (automatic),90.6,3358.65,No
5921-NGYRH,,Yes,,,Month-to-month,Yes,Mailed check,,4764,No
2100-BDNSN,,Yes,,,Month-to-month,No,Bank transfer (automatic),,350.3,Yes
5998-DZLYR,Female,Yes,Fiber optic,No,Two year,Yes,Bank transfer (automatic),94.35,5703,No
0488-GSLFR,Female,Yes,Fiber optic,No,Month-to-month,Yes,Electronic check,69.5,69.5,Yes
9318-NKNFC,Male,Yes,No,No internet service,Month-to-month,Yes,Mailed check,18.85,18.85,Yes
3985-HOYPM,,Yes,,,One year,No,Mailed check,,525.55,No
9728-FTTVZ,Female,Yes,Fiber optic,No,Month-to-month,Yes,Electronic check,69.2,69.2,Yes
9548-LERKT,Male,Yes,,,Two year,No,Mailed check,,483.15,No
6576-FBXOJ,Male,No,DSL,,One year,No,Electronic check,,934.8,No
4310-KEDTB,Female,No,DSL,No,Month-to-month,Yes,Mailed check,29.8,786.5,No
7254-IQWOZ,Male,Yes,Fiber optic,No,Month-to-month,Yes,Electronic check,69.65,69.65,Yes
2474-BRUCM,Male,Yes,Fiber optic,Yes,Month-to-month,No,Electronic check,101.85,4086.3,Yes
4062-HBMOS,Male,Yes,Fiber optic,,Month-to-month,Yes,Electronic check,,5364.8,No
0742-NXBGR,Female,Yes,Fiber optic,,Month-to-month,Yes,Electronic check,,82.3,Yes
2676-ISHSF,Male,Yes,No,No internet service,Month-to-month,No,Mailed check,20.3,20.3,No
9236-NDUCW,Female,No,DSL,No,Two year,No,Mailed check,35.1,770.4,No
4753-PADAS,Female,Yes,Fiber optic,Yes,One year,Yes,Bank transfer (automatic),105.7,6816.95,No
6103-QCKFX,Female,Yes,DSL,No,Month-to-month,No,Bank transfer (automatic),56.25,2419.55,No
7781-EWARA,Male,No,DSL,Yes,One year,No,Electronic check,60.35,4138.7,No
6110-OHIHY,Male,Yes,Fiber optic,Yes,Month-to-month,No,Electronic check,79.25,267.6,Yes
7018-FPXHH,Male,Yes,,,Two year,Yes,Bank transfer (automatic),,3457.45,No
5889-LFOLL,Female,Yes,Fiber optic,No,Month-to-month,Yes,Electronic check,84.6,1115.2,Yes
5708-EVONK,Female,Yes,Fiber optic,No,Month-to-month,Yes,Bank transfer (automatic),93.4,5435.6,Yes
8708-XPXHZ,Female,Yes,Fiber optic,,Month-to-month,Yes,Electronic check,,4186.3,Yes
0616-ATFGB,Male,No,DSL,No,Month-to-month,No,Electronic check,25.05,25.05,Yes
0572-ZJKLT,Female,Yes,Fiber optic,No,Two year,No,Mailed check,99.65,4630.2,No
5135-RDDQL,Female,Yes,DSL,No,Two year,Yes,Bank transfer (automatic),50.65,3221.25,No
1353-LJWEM,,Yes,,,Month-to-month,Yes,Electronic check,,688.5,No
1794-SWWKL,Male,Yes,DSL,No,Month-to-month,Yes,Bank transfer (automatic),59.65,867.1,No
6166-YIPFO,Male,No,DSL,Yes,Two year,Yes,Electronic check,64.7,4746.05,No
7016-BPGEU,Female,No,DSL,No,Month-to-month,Yes,Credit card (automatic),25.1,712.85,Yes
6876-ADESB,Male,Yes,DSL,No,Month-to-month,No,Electronic check,48.95,48.95,Yes
9332-GYWLO,Female,Yes,DSL,,Month-to-month,No,Electronic check,,355.1,No
1963-SVUCV,Male,Yes,DSL,No,Month-to-month,No,Electronic check,45.3,45.3,Yes
4184-VODJZ,Male,Yes,Fiber optic,No,One year,Yes,Electronic check,91.35,5764.7,No
0220-EBGCE,Male,Yes,,,Month-to-month,Yes,Electronic check,,167.3,Yes
1092-WPIVQ,Female,Yes,No,No internet service,Two year,No,Mailed check,25.1,428.45,No
7233-IOQNP,Female,No,DSL,No,Month-to-month,No,Bank transfer (automatic),34,1505.35,No
2834-JKOOW,Female,No,DSL,No,One year,No,Mailed check,45.9,693.45,No
2754-VDLTR,Male,Yes,Fiber optic,Yes,Month-to-month,No,Electronic check,95.2,930.4,Yes
2400-FEQME,Male,Yes,No,No internet service,Two year,No,Mailed check,20.5,1177.95,No
3190-XFANI,Male,Yes,Fiber optic,Yes,One year,Yes,Bank transfer (automatic),100.6,5069.65,Yes
7551-DACSP,,Yes,,,Month-to-month,Yes,Mailed check,,324.25,Yes
4957-SREEC,Male,Yes,No,No internet service,Two year,No,Credit card (automatic),20.35,1458.1,No
7235-NXZCP,Male,Yes,Fiber optic,,Month-to-month,Yes,Mailed check,,156.4,Yes
0230-UBYPQ,Male,No,DSL,No,One year,No,Bank transfer (automatic),36.1,2298.9,No
4923-ADWXJ,Female,Yes,DSL,No,Month-to-month,Yes,Bank transfer (automatic),65.8,1679.65,No
1763-KUAAW,Female,Yes,No,No internet service,One year,No,Bank transfer (automatic),20.35,369.6,No
1104-TNLZA,Male,Yes,Fiber optic,Yes,Month-to-month,Yes,Electronic check,105.8,2998,No
5195-KPUNQ,,Yes,,,One year,Yes,Mailed check,,5206.55,No
0520-FDVVT,Male,Yes,Fiber optic,Yes,One year,Yes,Bank transfer (automatic),102.35,3626.1,Yes
3439-GVUSX,Male,No,DSL,No,Month-to-month,No,Mailed check,24.4,24.4,No
1444-VVSGW,Male,Yes,Fiber optic,Yes,One year,No,Credit card (automatic),115.65,7968.85,Yes
5712-PTIWW,Male,Yes,Fiber optic,No,Month-to-month,Yes,Electronic check,79.85,152.45,Yes
5949-HGVJL,,Yes,,,Month-to-month,Yes,Electronic check,,1959.5,No
5203-XEHAX,Female,Yes,DSL,No,One year,No,Electronic check,64.35,2053.05,No
1635-HDGFT,Female,Yes,No,No internet service,Two year,No,Mailed check,20.5,398.55,No
3315-TOTBP,Male,Yes,Fiber optic,,Month-to-month,Yes,Mailed check,,1130.85,Yes
8050-XGRVL,Female,Yes,DSL,No,One year,No,Credit card (automatic),54.75,3425.35,No
6661-HBGWL,Female,Yes,Fiber optic,Yes,Month-to-month,Yes,Bank transfer (automatic),104.75,4323.45,Yes
1518-VOWAV,Female,Yes,DSL,Yes,Month-to-month,Yes,Electronic check,74.65,703.55,Yes
9828-QHFBK,Male,Yes,DSL,No,Month-to-month,Yes,Electronic check,51.15,1275.7,No
3908-MKIMJ,,No,,,Two year,Yes,Electronic check,,2965.75,No
5012-YSPJJ,Male,Yes,DSL,No,Month-to-month,No,Mailed check,54.35,1647,No
5909-ECHUI,Female,Yes,DSL,No,Month-to-month,Yes,Electronic check,56.25,56.25,Yes
1309-BXVOQ,Male,Yes,Fiber optic,Yes,Month-to-month,Yes,Electronic check,106.1,2249.95,Yes
6728-VOIFY,Female,Yes,Fiber optic,Yes,One year,Yes,Electronic check,96,6109.75,No
9317-WZPGV,Female,Yes,Fiber optic,,Month-to-month,Yes,Bank transfer (automatic),,159.4,Yes
4891-NLUBA,Female,No,DSL,Yes,Two year,Yes,Bank transfer (automatic),61.45,3751.15,No
2856-HYAPG,Female,Yes,Fiber optic,No,Month-to-month,No,Electronic check,68.65,68.65,Yes
8969-PRHFK,Male,Yes,No,No internet service,One year,No,Mailed check,19.65,411.25,No
0661-KQHNK,Female,Yes,No,No internet service,One year,No,Credit card (automatic),19,105.5,No
8709-KRDVL,Female,Yes,Fiber optic,Yes,Month-to-month,Yes,Electronic check,100,3320.6,No
4488-PSYCG,Male,Yes,No,No internet service,Month-to-month,No,Bank transfer (automatic),20.25,327.45,Yes
1427-VERSM,Female,Yes,Fiber optic,Yes,Month-to-month,Yes,Electronic check,98.7,5669.5,No
9801-NOSHQ,Male,Yes,No,No internet service,One year,No,Mailed check,19.8,465.45,No
6339-YPSAH,Male,Yes,Fiber optic,,Month-to-month,Yes,Electronic check,,704.3,No
3621-CEOVK,Female,Yes,Fiber optic,Yes,Month-to-month,Yes,Electronic check,100.2,1369.8,Yes
6906-ANDWJ,Male,Yes,Fiber optic,No,Month-to-month,Yes,Bank transfer (automatic),74.9,1107.25,Yes
2159-TURXX,Male,Yes,,,Month-to-month,No,Credit card (automatic),,95.55,No
1548-FEHVL,Male,Yes,Fiber optic,Yes,Month-to-month,Yes,Electronic check,106.2,6375.2,No
3795-CAWEX,Male,Yes,Fiber optic,,Two year,Yes,Credit card (automatic),,8152.3,No
6215-NQCPY,Male,Yes,Fiber optic,Yes,Month-to-month,Yes,Electronic check,99.7,1566.75,No
5647-URDKA,Male,Yes,No,No internet service,Two year,No,Mailed check,19.7,130.25,No
2229-DPMBI,,Yes,,,Two year,No,Mailed check,,162.15,No
9626-WEQRM,Female,No,DSL,No,Month-to-month,Yes,Mailed check,29.15,110.05,No
2188-SXWVT,Female,Yes,DSL,No,One year,No,Mailed check,55,1885.15,No
6258-PVZWJ,Male,Yes,DSL,Yes,Two year,Yes,Credit card (automatic),90.8,6302.85,No
1094-BKOSX,Female,No,DSL,No,One year,No,Bank transfer (automatic),51,2264.5,No
6969-MVBAI,Female,Yes,Fiber optic,Yes,Month-to-month,Yes,Electronic check,90.1,816.8,No
2978-XXSOG,Female,Yes,DSL,No,Month-to-month,Yes,Mailed check,59.05,1253.5,No
2342-CKIAO,,Yes,,,Month-to-month,No,Mailed check,,41.2,No
6953-PBDIN,Male,Yes,DSL,Yes,Two year,No,Bank transfer (automatic),72.95,5265.55,No
3898-BSJYF,,Yes,,,One year,No,Credit card (automatic),,693.3,No
3938-YFPXD,,Yes,,,Two year,No,Credit card (automatic),,5997.1,No
7696-AMHOD,,Yes,,,One year,No,Credit card (automatic),,3824.2,No
2453-SAFNS,Female,Yes,DSL,Yes,One year,No,Mailed check,72.1,3886.05,No
9558-IHEZX,Female,Yes,Fiber optic,,Two year,Yes,Credit card (automatic),,7283.25,No
9617-UDPEU,Female,Yes,No,No internet service,One year,Yes,Mailed check,19.25,412.55,No
6340-DACFT,Female,Yes,No,No internet service,Two year,No,Credit card (automatic),20.55,1070.25,No
4955-VCWBI,Female,Yes,No,No internet service,One year,No,Mailed check,20,817.95,No
6813-GZQCG,,Yes,,,Two year,Yes,Credit card (automatic),,1171.3,No
7426-GSWPO,Male,Yes,Fiber optic,Yes,Month-to-month,Yes,Bank transfer (automatic),103.5,6548.65,No
3389-KTRXV,Female,Yes,No,No internet service,Two year,No,Mailed check,23.85,625.65,No
3118-UHVVQ,Female,Yes,No,No internet service,Two year,No,Credit card (automatic),25.8,1911.5,No
1031-IIDEO,Female,Yes,Fiber optic,No,Month-to-month,Yes,Electronic check,70.85,70.85,Yes
5832-XKAES,Male,Yes,Fiber optic,No,Month-to-month,Yes,Credit card (automatic),69.8,134.7,Yes
3205-MXZRA,Male,Yes,DSL,,One year,No,Credit card (automatic),,1507,No
4701-AHWMW,Male,No,DSL,Yes,Month-to-month,Yes,Bank transfer (automatic),54.55,2978.3,Yes
8317-BVKSO,Male,Yes,No,No internet service,Month-to-month,Yes,Electronic check,20.05,299.3,No
5702-KVQRD,Male,Yes,DSL,Yes,Two year,Yes,Electronic check,82.55,5832.65,No
0083-PIVIK,Male,Yes,DSL,Yes,One year,No,Electronic check,81.25,5567.55,No
9210-IAHGH,Female,Yes,DSL,Yes,Month-to-month,Yes,Credit card (automatic),70.75,450.8,Yes
6169-PGNCD,Female,Yes,DSL,Yes,Two year,Yes,Credit card (automatic),74.3,4166.35,No
0023-XUOPT,Female,Yes,Fiber optic,Yes,Month-to-month,No,Electronic check,94.1,1215.6,Yes
4592-IWTJI,Female,No,DSL,No,Month-to-month,No,Credit card (automatic),29.7,91.7,Yes
4909-JOUPP,Male,Yes,Fiber optic,,Two year,No,Credit card (automatic),,7898.45,No
4657-FWVFY,Female,Yes,Fiber optic,,Month-to-month,Yes,Credit card (automatic),,3915.4,No
2257-BOVXD,Male,Yes,DSL,Yes,Month-to-month,Yes,Credit card (automatic),66.6,979.5,No
7729-JTEEC,Male,Yes,DSL,No,Month-to-month,Yes,Electronic check,44.5,90.05,No
7632-MNYOY,Male,Yes,Fiber optic,Yes,One year,No,Credit card (automatic),110.9,7432.05,Yes
6518-LGAOV,,Yes,,,Month-to-month,Yes,Electronic check,,4026.4,Yes
7242-QZLXF,Male,No,DSL,No,Month-to-month,Yes,Electronic check,25.3,25.3,Yes
4576-CSAJH,,Yes,,,One year,Yes,Credit card (automatic),,1193.05,Yes
1000-AJSLD,,Yes,,,Month-to-month,Yes,Mailed check,,20.1,Yes
9696-RMYBA,Male,Yes,Fiber optic,Yes,Month-to-month,Yes,Mailed check,80.1,398.55,No
8690-UPCZI,,Yes,,,One year,No,Bank transfer (automatic),,1958.45,No
1062-LHZOD,Male,Yes,Fiber optic,No,Month-to-month,Yes,Mailed check,69.9,69.9,Yes
9770-LXDBK,Female,Yes,No,No internet service,Month-to-month,No,Mailed check,20.4,63.15,No
4086-WITJG,Male,Yes,No,No internet service,Two year,No,Credit card (automatic),19.7,1301.1,No
8344-WFMFH,Male,Yes,DSL,No,Month-to-month,Yes,Electronic check,50.1,484.05,No
9600-NAXZN,Male,Yes,Fiber optic,Yes,Month-to-month,Yes,Electronic check,101.4,4528,Yes
8822-KNBHV,Female,Yes,DSL,Yes,One year,Yes,Credit card (automatic),83.45,3887.85,No
8404-FYDIB,Male,Yes,Fiber optic,,Month-to-month,Yes,Credit card (automatic),,2208.75,No
2791-SFVEW,Female,Yes,No,No internet service,Month-to-month,No,Bank transfer (automatic),20.15,238.15,No
6457-USBER,Male,Yes,Fiber optic,No,Month-to-month,Yes,Electronic check,80.8,80.8,Yes
6762-NSODU,,Yes,,,Two year,No,Credit card (automatic),,958.15,No
4662-EKDPQ,Male,Yes,DSL,No,Month-to-month,No,Bank transfer (automatic),62.05,118.3,Yes
9248-OJYKK,Male,Yes,Fiber optic,No,Month-to-month,Yes,Electronic check,76.45,76.45,Yes
9888-ZCUMM,Male,No,,,Two year,Yes,Bank transfer (automatic),,3845.45,No
3398-FSHON,Female,Yes,Fiber optic,,Month-to-month,Yes,Electronic check,,1094.5,Yes
3319-DWOEP,Male,Yes,Fiber optic,,Month-to-month,Yes,Electronic check,,573.75,Yes
1074-WVEVG,Female,Yes,No,No internet service,One year,No,Mailed check,20.35,1267,No
9979-RGMZT,Female,Yes,Fiber optic,Yes,One year,Yes,Mailed check,94.05,633.45,No
6437-UDQJM,Female,Yes,DSL,,Two year,Yes,Credit card (automatic),,6129.65,No
1226-IENZN,Male,Yes,,,Month-to-month,Yes,Electronic check,,1218.25,No
2108-GLPQB,Male,Yes,DSL,No,Month-to-month,No,Credit card (automatic),55.55,1405.3,No
9259-PACGQ,Female,Yes,DSL,No,Month-to-month,No,Electronic check,62.65,2274.9,Yes
4415-IJZTP,,Yes,,,Month-to-month,Yes,Electronic check,,74.5,Yes
1465-VINDH,,Yes,,,Month-to-month,Yes,Credit card (automatic),,1068.85,Yes
5474-LAMUQ,Male,Yes,No,No internet service,One year,No,Mailed check,20.1,533.9,No
3468-DRVQJ,Female,Yes,DSL,Yes,One year,No,Electronic check,70.3,676.15,No
1122-YJBCS,Male,Yes,DSL,No,One year,Yes,Credit card (automatic),53.65,3804.4,No
4990-ALDGW,,Yes,,,Two year,No,Mailed check,,1118.8,No
4816-OKWNX,,Yes,,,One year,Yes,Bank transfer (automatic),,5236.4,No
3315-IKYZQ,Male,No,DSL,Yes,One year,No,Mailed check,50.8,1386.8,No
2810-FTLEM,Female,Yes,DSL,,Month-to-month,Yes,Electronic check,,762.25,Yes
4747-LCAQL,Male,Yes,DSL,Yes,Month-to-month,Yes,Mailed check,79,1902,No
3411-WLRSQ,Female,Yes,Fiber optic,No,Month-to-month,Yes,Bank transfer (automatic),74.6,239.05,No
0898-XCGTF,Male,Yes,Fiber optic,Yes,One year,Yes,Bank transfer (automatic),96.5,5673.7,No
8006-PYCSW,Female,Yes,No,No internet service,Month-to-month,No,Mailed check,20.1,39.8,No
8249-THVEC,,Yes,,,One year,No,Mailed check,,997.75,No
8722-PRFDV,Female,Yes,DSL,Yes,Two year,No,Credit card (automatic),77.55,5574.35,No
2164-SOQXL,Female,Yes,No,No internet service,Month-to-month,No,Mailed check,20.05,406.05,No
4020-KIUDI,Male,Yes,No,No internet service,Month-to-month,No,Credit card (automatic),19.85,138.85,No
5850-BDWCY,Female,Yes,No,No internet service,Month-to-month,No,Mailed check,20.2,123.65,No
2038-YSEZE,Female,Yes,DSL,No,Month-to-month,No,Mailed check,67.45,1801.1,No
0827-ITJPH,Male,Yes,No,No internet service,Two year,Yes,Credit card (automatic),18.55,689,No
8799-OXZMD,Female,No,DSL,No,Month-to-month,Yes,Mailed check,29.75,790.7,No
1925-TIBLE,Female,Yes,Fiber optic,Yes,Month-to-month,Yes,Electronic check,86.5,582.5,Yes
1705-GUHPV,Female,Yes,No,No internet service,Two year,No,Mailed check,24.2,1618.2,No
4779-ZGICK,Male,Yes,,,Two year,No,Mailed check,,1173.35,No
0048-PIHNL,Female,Yes,,,One year,No,Bank transfer (automatic),,900.9,No
0818-OCPZO,Male,Yes,Fiber optic,No,Month-to-month,Yes,Electronic check,81.45,2122.05,Yes
3967-KXAPS,Male,Yes,DSL,Yes,Two year,No,Credit card (automatic),92.3,6719.9,No
1447-GIQMR,Male,Yes,Fiber optic,No,Month-to-month,Yes,Electronic check,69.15,69.15,Yes
3704-IEAXF,Female,No,DSL,Yes,Two year,No,Credit card (automatic),53.65,3784,No
6810-VCAEX,Female,No,DSL,No,One year,No,Credit card (automatic),39.65,1798.65,No
0674-EYYZV,Female,Yes,DSL,Yes,Month-to-month,Yes,Electronic check,54.65,54.65,No
4480-MBMLB,Female,Yes,Fiber optic,Yes,One year,Yes,Bank transfer (automatic),104.8,3886.45,No
1395-OFUWC,Male,No,DSL,No,Month-to-month,No,Credit card (automatic),29.3,1224.05,No
0822-QGCXA,Female,Yes,DSL,Yes,Month-to-month,No,Electronic check,83.85,2310.2,No
0872-NXJYS,Female,Yes,Fiber optic,No,Month-to-month,Yes,Electronic check,79.55,723.4,Yes
2832-KJCRD,Female,Yes,Fiber optic,Yes,Month-to-month,Yes,Electronic check,103.65,3988.5,No
3588-WSTTJ,Female,Yes,Fiber optic,Yes,Month-to-month,Yes,Electronic check,99.05,3554.6,No
4075-WKNIU,Female,Yes,,,Two year,No,Mailed check,, ,No
5090-EMGTC,Female,Yes,Fiber optic,Yes,Two year,Yes,Mailed check,100.05,6034.85,No
2346-CZYIL,Male,Yes,No,No internet service,Two year,No,Credit card (automatic),20.35,531.6,No
3798-EPWRR,Female,Yes,DSL,No,Month-to-month,No,Electronic check,43.95,85.1,No
6258-NGCNG,Male,Yes,No,No internet service,Month-to-month,No,Mailed check,23.5,173,No
4186-ZBUEW,Female,Yes,,,One year,Yes,Mailed check,,2511.95,No
5274-XHAKY,Female,Yes,Fiber optic,Yes,Month-to-month,Yes,Bank transfer (automatic),94.3,3893.6,No
1442-BQPVU,Female,No,DSL,No,Month-to-month,No,Electronic check,29.15,357.15,No
3978-YNKDD,Male,Yes,No,No internet service,Two year,No,Credit card (automatic),20.85,467.5,No
4940-KHCWD,Female,No,DSL,No,Two year,No,Bank transfer (automatic),37.7,2288.7,No
9412-ARGBX,Female,Yes,Fiber optic,Yes,Two year,Yes,Mailed check,95.5,4627.85,Yes
1389-CXMLU,Male,Yes,Fiber optic,Yes,Month-to-month,No,Electronic check,91.05,289.1,Yes
9589-ABEPT,Male,Yes,Fiber optic,Yes,Two year,Yes,Mailed check,92.45,6460.55,No
9388-ZEYVT,Male,No,DSL,No,One year,No,Electronic check,44.15,1931.3,No
0305-SQECB,Female,No,DSL,No,One year,Yes,Mailed check,36.05,402.6,No
7605-SNLQG,,Yes,,,Month-to-month,Yes,Credit card (automatic),,2221.55,No
4670-TABXH,,Yes,,,Two year,Yes,Credit card (automatic),,7758.9,No
5561-NWEVX,Female,Yes,Fiber optic,No,Month-to-month,No,Electronic check,79.2,172.85,Yes
0064-SUDOG,Female,Yes,No,No internet service,Two year,No,Bank transfer (automatic),20.3,224.5,No
8561-NMTBD,Female,Yes,Fiber optic,Yes,One year,Yes,Credit card (automatic),112.35,7388.45,No
5161-XEUVX,Male,Yes,Fiber optic,,Two year,No,Mailed check,,3460.95,No
8292-FRFZQ,Female,No,DSL,No,One year,No,Bank transfer (automatic),41.15,1700.9,No
8591-NXRCV,Female,Yes,DSL,No,Month-to-month,Yes,Bank transfer (automatic),74.65,3090.65,No
7895-VONWT,Female,No,DSL,Yes,Month-to-month,Yes,Electronic check,48.25,1293.8,No
4526-RMTLL,Male,Yes,DSL,No,Two year,Yes,Credit card (automatic),76.15,645.8,No
6253-GNHWH,Female,Yes,DSL,No,Two year,No,Mailed check,71.1,5224.95,No
4566-NECEV,Male,Yes,Fiber optic,No,Month-to-month,No,Electronic check,96.55,500.1,No
8080-POTJR,Female,Yes,DSL,Yes,One year,Yes,Credit card (automatic),79.3,2427.1,No
6906-MPARY,Male,Yes,Fiber optic,No,One year,Yes,Credit card (automatic),89.6,3488.15,No
3662-FXJFO,,Yes,,,Two year,Yes,Mailed check,,1035.7,No
8107-RZLNV,Male,Yes,Fiber optic,Yes,Two year,Yes,Bank transfer (automatic),106.3,7565.35,No
0516-OOHAR,Male,Yes,Fiber optic,Yes,One year,No,Bank transfer (automatic),100.35,2799,No
2027-CWDNU,Male,Yes,Fiber optic,No,Month-to-month,Yes,Electronic check,85.6,1601.5,No
2737-WFVYW,Female,No,DSL,Yes,Month-to-month,Yes,Electronic check,45.25,85.5,Yes
9912-OMZDS,Female,Yes,,,One year,Yes,Electronic check,,6256.2,No
3733-ZEECP,Male,Yes,DSL,No,Month-to-month,Yes,Electronic check,51.1,1232.9,No
7878-RTCZG,Female,Yes,No,No internet service,Month-to-month,No,Mailed check,19.9,19.9,No
2452-MRMZF,Female,Yes,No,No internet service,Two year,Yes,Credit card (automatic),25.7,1937.4,No
2272-QAGFO,Female,Yes,Fiber optic,No,Month-to-month,Yes,Electronic check,74.3,1096.25,Yes
7103-IPXPJ,Male,Yes,Fiber optic,Yes,One year,No,Electronic check,99.4,5059.75,No
4342-HFXWS,Female,Yes,,,One year,No,Bank transfer (automatic),,3023.65,No
3545-CNWRG,Female,Yes,Fiber optic,Yes,Month-to-month,Yes,Electronic check,98.35,4889.2,No
1785-BPHTP,Male,Yes,Fiber optic,Yes,Month-to-month,No,Electronic check,85.45,2289.9,No
4989-LIXVT,Male,Yes,Fiber optic,No,Month-to-month,Yes,Electronic check,95.9,6503.2,No
7315-WYOAW,Male,Yes,Fiber optic,Yes,Month-to-month,No,Electronic check,100.75,1313.25,No
1173-XZPYF,Female,Yes,Fiber optic,Yes,Month-to-month,Yes,Electronic check,89.2,990.3,No
9850-OWRHQ,Female,Yes,Fiber optic,No,Month-to-month,Yes,Credit card (automatic),74.1,228,Yes
3768-NLUBH,Male,Yes,Fiber optic,Yes,Month-to-month,No,Electronic check,100.6,5746.15,Yes
8676-TRMJS,Male,Yes,Fiber optic,No,Month-to-month,No,Mailed check,75,209.1,Yes
2509-TFPJU,Male,Yes,No,No internet service,Two year,No,Credit card (automatic),25.75,1864.2,No
9530-GRMJG,Male,Yes,DSL,Yes,Two year,Yes,Electronic check,84.1,5979.7,No
6898-RBTLU,Female,Yes,DSL,Yes,Two year,No,Bank transfer (automatic),79.3,3902.45,No
5481-NTDOH,Female,Yes,Fiber optic,Yes,One year,Yes,Credit card (automatic),107.05,7142.5,No
2068-WWXQZ,Male,Yes,No,No internet service,Two year,No,Bank transfer (automatic),20.05,902,No
7359-SSBJK,Female,Yes,DSL,Yes,Two year,Yes,Credit card (automatic),70.2,4481,Yes
2061-VVFST,Female,Yes,No,,Month-to-month,No,Bank transfer (automatic),,805.2,No
0685-MLYYM,Female,Yes,Fiber optic,No,Month-to-month,No,Electronic check,70.75,154.85,Yes
0749-IRGQE,Female,No,DSL,Yes,Month-to-month,No,Electronic check,45.3,528.45,No
2380-DAMQP,Female,Yes,Fiber optic,,Two year,No,Electronic check,,8349.7,No
2256-YLYLP,Male,Yes,DSL,Yes,Two year,Yes,Bank transfer (automatic),72.95,4953.25,No
1272-ILHFG,Male,Yes,No,No internet service,One year,No,Mailed check,19.65,332.65,No
0164-XAIRP,Female,Yes,No,No internet service,Two year,Yes,Bank transfer (automatic),19.55,470.2,No
5666-CYCYZ,Female,Yes,Fiber optic,No,Month-to-month,Yes,Electronic check,89.55,2259.35,No
4011-ARPHK,Male,Yes,DSL,No,Month-to-month,No,Mailed check,50.35,1411.35,No
8182-PNAGI,Male,Yes,DSL,No,Month-to-month,No,Bank transfer (automatic),50.25,593.75,Yes
6365-HITVU,Female,Yes,DSL,Yes,Two year,No,Credit card (automatic),87.25,6328.7,No
7558-IMLMT,Male,Yes,No,No internet service,Two year,Yes,Mailed check,20.8,1411.9,No
9488-FYQAU,,Yes,,,Two year,Yes,Bank transfer (automatic),,6841.4,No
3590-TCXTB,Male,Yes,No,No internet service,Month-to-month,No,Mailed check,20.35,20.35,No
6994-KERXL,Male,Yes,DSL,,Month-to-month,Yes,Electronic check,,238.5,No
7957-RYHQD,Female,Yes,Fiber optic,No,Month-to-month,Yes,Credit card (automatic),79.2,3233.85,Yes
2180-DXNEG,Female,Yes,Fiber optic,Yes,Month-to-month,Yes,Electronic check,96,1062.1,Yes
1960-UOTYM,Male,Yes,DSL,Yes,Two year,No,Electronic check,79.2,4016.3,No
2740-JFBOK,Male,Yes,No,No internet service,Month-to-month,Yes,Electronic check,24,226.55,No
6500-JVEGC,,Yes,,,One year,No,Bank transfer (automatic),,7110.75,No
5515-AKOAJ,Female,Yes,Fiber optic,Yes,Month-to-month,Yes,Electronic check,100.1,5440.9,Yes
8976-OQHGT,Female,Yes,DSL,No,Month-to-month,No,Mailed check,56.5,235.1,Yes
5245-VDBUR,Female,No,DSL,No,One year,No,Mailed check,35.45,1958.95,No
6230-BSUXY,Female,Yes,Fiber optic,No,Month-to-month,Yes,Electronic check,85,85,Yes
8469-SNFFH,Male,Yes,DSL,Yes,One year,No,Bank transfer (automatic),79.4,5528.9,No
2144-ESWKO,Male,No,DSL,No,One year,Yes,Credit card (automatic),35.2,1463.7,No
1241-FPMOF,Male,Yes,No,No internet service,Two year,No,Mailed check,19.65,1025.05,No
9928-BZVLZ,Female,No,DSL,No,Two year,No,Mailed check,49.85,552.1,No
4114-QMKVN,Female,Yes,DSL,No,One year,No,Bank transfer (automatic),68.75,3815.4,No
2775-SEFEE,Male,Yes,DSL,,Two year,Yes,Bank transfer (automatic),, ,No
9003-CPATH,Male,Yes,Fiber optic,No,Month-to-month,No,Electronic check,79.9,3313.4,No
1754-GKYPY,Male,Yes,Fiber optic,Yes,Month-to-month,Yes,Bank transfer (automatic),89.75,1938.9,No
5294-CDGWY,Male,No,DSL,Yes,One year,No,Electronic check,59.3,3014.65,Yes
7956-XQWGU,Male,Yes,No,No internet service,Month-to-month,Yes,Credit card (automatic),19.4,460.25,No
1591-MQJTP,Male,Yes,Fiber optic,No,One year,Yes,Bank transfer (automatic),93.65,4839.15,No
5295-PCJOO,Male,Yes,DSL,No,Month-to-month,Yes,Electronic check,49.4,184.4,Yes
2369-FEVNO,Male,Yes,No,No internet service,Month-to-month,Yes,Mailed check,19.9,19.9,No
9863-JZAIC,Male,Yes,DSL,Yes,Month-to-month,No,Mailed check,55,2010.55,Yes
7471-MQPOS,Male,Yes,DSL,No,One year,Yes,Bank transfer (automatic),72.9,5139.65,No
7660-HDPJV,Female,Yes,Fiber optic,No,Month-to-month,Yes,Electronic check,69.2,69.2,Yes
5115-SQAAU,Female,Yes,No,,Two year,Yes,Bank transfer (automatic),,1673.4,No
9845-QOMAD,,Yes,,,One year,No,Mailed check,,309.35,No
7672-VFMXZ,Male,Yes,DSL,,Month-to-month,No,Electronic check,,3171.6,No
9739-JLPQJ,Female,Yes,,,Two year,No,Credit card (automatic),,8670.1,No
9916-AYHTC,Male,Yes,No,No internet service,Two year,No,Credit card (automatic),19.85,916,No
3855-ONCAR,Female,Yes,Fiber optic,Yes,Month-to-month,Yes,Mailed check,78.9,299.75,No
1488-SYSFC,Male,Yes,No,No internet service,Month-to-month,Yes,Electronic check,20.65,702.05,No
7931-PXHFC,Male,Yes,DSL,No,One year,Yes,Mailed check,62.3,2354.8,Yes
3990-QYKBE,,Yes,,,Month-to-month,Yes,Electronic check,,3473.4,Yes
0970-QXPXW,Female,Yes,No,No internet service,Month-to-month,No,Mailed check,19.65,19.65,No
3259-KNMRR,Male,Yes,DSL,Yes,Two year,Yes,Bank transfer (automatic),79.75,4438.2,No
6120-RJKLU,Female,Yes,DSL,Yes,Two year,Yes,Credit card (automatic),79.95,4819.75,No
9572-WUKSB,Male,No,DSL,No,Month-to-month,Yes,Electronic check,29.9,92.25,No
5893-KCLGT,Female,Yes,No,No internet service,Two year,Yes,Mailed check,19.75,1567,No
0076-LVEPS,,No,,,Month-to-month,Yes,Mailed check,,1242.45,No
3640-JQGJG,Male,Yes,DSL,No,Month-to-month,No,Bank transfer (automatic),44.8,559.2,No
4919-MOAVT,Male,Yes,Fiber optic,No,Month-to-month,No,Electronic check,69.65,220.1,Yes
1596-OQSPS,Female,Yes,DSL,No,Month-to-month,No,Electronic check,51.1,531.15,No
9867-XOBQA,Female,No,DSL,Yes,Two year,No,Mailed check,53.15,1183.2,No
9546-KDTRB,Female,Yes,,,Month-to-month,No,Bank transfer (automatic),,465.85,No
3090-HAWSU,Male,Yes,Fiber optic,Yes,Two year,Yes,Credit card (automatic),111.6,6876.05,Yes
9820-RMCQV,Female,Yes,DSL,No,Month-to-month,No,Credit card (automatic),48.55,501,Yes
3174-RKMOW,Male,Yes,Fiber optic,Yes,Month-to-month,Yes,Electronic check,109.95,3782.4,No
1760-CAZHT,Male,Yes,No,No internet service,Month-to-month,No,Mailed check,20.8,460.2,No
7839-QRKXN,Female,Yes,No,No internet service,Month-to-month,Yes,Mailed check,20.2,20.2,Yes
8441-SHIPE,Female,Yes,No,No internet service,Two year,Yes,Bank transfer (automatic),25.6,1790.35,No
5204-QZXPU,Male,No,DSL,,Month-to-month,Yes,Electronic check,,733.35,Yes
4597-ELFTS,Male,Yes,No,No internet service,One year,No,Electronic check,24.9,1334,Yes
1320-GVNHT,Male,Yes,Fiber optic,Yes,Two year,Yes,Credit card (automatic),108.4,7767.25,No
1047-RNXZV,Male,Yes,No,No internet service,Two year,No,Mailed check,19.55,876.15,No
3541-ZNUHK,,Yes,,,Month-to-month,Yes,Electronic check,,4600.95,No
8450-JOVAH,Male,Yes,DSL,,Month-to-month,No,Mailed check,,113.55,Yes
8725-JEDFD,Male,Yes,Fiber optic,No,Month-to-month,Yes,Mailed check,69.05,1793.25,No
7562-UXTPG,Female,Yes,Fiber optic,No,Month-to-month,Yes,Mailed check,70.15,886.7,No
8071-SBTRN,Female,Yes,Fiber optic,,Two year,Yes,Mailed check,,7737.55,No
1113-IUJYX,Female,Yes,Fiber optic,Yes,One year,No,Mailed check,105.95,1348.9,Yes
6668-CNMFP,Female,Yes,Fiber optic,No,One year,Yes,Bank transfer (automatic),89.35,1686.85,No
5626-MGTUK,Female,Yes,Fiber optic,Yes,Month-to-month,Yes,Bank transfer (automatic),89.1,1879.25,No
5681-LLOEI,Male,Yes,Fiber optic,No,One year,Yes,Credit card (automatic),91.25,4013.8,No
8212-DJRCH,Male,Yes,Fiber optic,No,Month-to-month,Yes,Mailed check,90.35,434.5,No
4323-OHFOW,Female,Yes,Fiber optic,Yes,One year,Yes,Bank transfer (automatic),105.55,7195.35,No
4933-BSAIP,Female,Yes,No,No internet service,Two year,No,Mailed check,19.1,780.1,No
2030-BTZRO,Male,Yes,No,No internet service,Two year,Yes,Credit card (automatic),20.4,107.6,No
1116-DXXDF,Male,Yes,Fiber optic,Yes,Two year,Yes,Electronic check,100.45,3801.7,No
9274-CNFMO,Male,Yes,Fiber optic,,Month-to-month,No,Electronic check,,308.7,Yes
7758-XKCBS,Male,No,DSL,,Month-to-month,Yes,Electronic check,,438.25,Yes
8992-JQYUN,Male,No,DSL,Yes,Month-to-month,Yes,Electronic check,50.35,50.35,Yes
6563-VNPMN,,Yes,,,Month-to-month,Yes,Bank transfer (automatic),,3778.1,No
0617-AQNWT,,No,,,Two year,No,Electronic check,,3147.5,Yes
2267-WTPYD,Female,Yes,Fiber optic,No,Month-to-month,No,Credit card (automatic),94,5438.95,No
0270-THENM,Male,Yes,DSL,No,Two year,No,Bank transfer (automatic),69.85,5102.35,No
2446-PLQVO,Male,Yes,Fiber optic,No,Month-to-month,Yes,Electronic check,70.3,70.3,Yes
4707-MAXGU,Male,Yes,No,No internet service,Two year,No,Credit card (automatic),25.85,1872.2,No
2710-WYVXG,Female,Yes,DSL,No,Two year,No,Mailed check,71.1,213.35,No
3005-NFMTA,,Yes,,,Month-to-month,Yes,Electronic check,,5617.75,Yes
6300-BWMJX,Female,Yes,Fiber optic,Yes,Month-to-month,No,Electronic check,93.35,5386.5,No
8784-CGILN,Female,Yes,Fiber optic,Yes,Month-to-month,Yes,Bank transfer (automatic),99.85,1776.95,Yes
5389-FFVKB,Male,Yes,Fiber optic,No,Month-to-month,Yes,Credit card (automatic),80.3,2483.05,Yes
7009-LGECI,Female,Yes,DSL,No,Month-to-month,Yes,Bank transfer (automatic),50.55,235.65,No
8444-WRIDW,Female,Yes,Fiber optic,No,Month-to-month,Yes,Credit card (automatic),80.45,5224.35,Yes
5022-KVDQT,Male,Yes,Fiber optic,No,Month-to-month,Yes,Electronic check,81.3,2272.8,No
7976-CICYS,Male,Yes,No,No internet service,Month-to-month,Yes,Credit card (automatic),20.7,83.75,No
1036-GUDCL,Male,Yes,DSL,Yes,Month-to-month,Yes,Credit card (automatic),79.05,4663.4,No
2005-DWQZJ,Female,Yes,No,No internet service,Two year,No,Mailed check,19.05,201.7,No
8148-WOCMK,Male,Yes,No,No internet service,Two year,No,Credit card (automatic),19.6,125,No
7815-PDTHL,Male,Yes,No,,Two year,Yes,Mailed check,,684.4,No
9451-LPGOO,Male,Yes,Fiber optic,No,Month-to-month,Yes,Electronic check,86.8,620.35,Yes
9173-IVZVP,Female,Yes,No,No internet service,Two year,No,Mailed check,20.9,1146.05,No
9129-UXERG,,Yes,,,Month-to-month,Yes,Credit card (automatic),,1806.35,No
3635-JBPSG,Female,No,DSL,No,Two year,Yes,Mailed check,38.8,603,No
7964-ZRKKG,Male,Yes,Fiber optic,Yes,One year,Yes,Bank transfer (automatic),88.4,5798.3,No
5868-YWPDW,Male,Yes,Fiber optic,No,Month-to-month,Yes,Electronic check,84.2,519.15,Yes
6229-LSCKB,Male,Yes,Fiber optic,Yes,Month-to-month,Yes,Electronic check,79.7,497.6,No
2025-JKFWI,Male,Yes,Fiber optic,Yes,Month-to-month,Yes,Mailed check,99,1301.7,Yes
4078-SAYYN,Female,Yes,Fiber optic,Yes,Month-to-month,Yes,Electronic check,100.75,1129.75,Yes
1724-IQWNM,Male,Yes,No,No internet service,Month-to-month,Yes,Mailed check,19.3,19.3,No
8217-QYOHV,Male,Yes,DSL,No,Month-to-month,Yes,Mailed check,55.75,266.95,No
5546-QUERU,Male,Yes,No,No internet service,One year,Yes,Mailed check,19.95,257,No
9940-HPQPG,Female,Yes,Fiber optic,No,Month-to-month,No,Bank transfer (automatic),91.75,865.8,Yes
6897-UUBNU,Male,Yes,Fiber optic,Yes,Month-to-month,No,Mailed check,89.65,2623.65,No
6127-IYJOZ,Male,Yes,DSL,No,Month-to-month,Yes,Mailed check,45.85,45.85,No
6618-RYATB,Female,Yes,Fiber optic,No,Month-to-month,Yes,Mailed check,79.55,79.55,Yes
8930-XOTDP,Female,Yes,,,Month-to-month,No,Mailed check,,1082.8,No
5916-QEWPT,Female,Yes,DSL,,Month-to-month,No,Credit card (automatic),,147.8,No
5060-TQUQN,,Yes,,,Month-to-month,Yes,Bank transfer (automatic),,2570.2,No
0531-XBKMM,Male,Yes,DSL,No,Two year,No,Bank transfer (automatic),65.7,4378.9,No
8465-SBRXP,Male,Yes,Fiber optic,Yes,Two year,Yes,Bank transfer (automatic),94.9,3616.25,No
2408-PSJVE,Male,Yes,DSL,No,Month-to-month,Yes,Mailed check,61.9,2924.05,No
9079-YEXQJ,Female,Yes,Fiber optic,,Month-to-month,No,Electronic check,,6014.85,Yes
9700-ZCLOT,Male,Yes,No,No internet service,Month-to-month,No,Mailed check,20,32.7,No
8738-JOKAR,Female,Yes,DSL,No,One year,Yes,Mailed check,67.7,2882.25,No
4534-WGCIR,Female,Yes,No,No internet service,Two year,No,Credit card (automatic),25.15,1509.9,No
1930-WNXSB,Male,Yes,Fiber optic,Yes,Month-to-month,Yes,Electronic check,92.85,5305.05,No
2685-SREOM,Female,Yes,Fiber optic,No,Month-to-month,Yes,Electronic check,89.1,2368.4,Yes
3508-CFVZL,,Yes,,,Two year,No,Mailed check,,7985.9,No
0402-CQAJN,Female,Yes,Fiber optic,Yes,Month-to-month,Yes,Bank transfer (automatic),101.9,3545.35,Yes
6692-UDPJC,,Yes,,,Month-to-month,Yes,Electronic check,,1301,Yes
1273-MTETI,Female,Yes,Fiber optic,No,Month-to-month,Yes,Electronic check,88.85,372.45,Yes
0657-DOGUM,Female,Yes,DSL,No,One year,Yes,Bank transfer (automatic),60.6,2985.25,No
5480-HPRRX,Female,No,DSL,No,Month-to-month,No,Electronic check,25.3,77.75,Yes
8792-AOROI,Female,Yes,DSL,No,Two year,No,Mailed check,65.5,564.35,No
0295-PPHDO,Male,Yes,Fiber optic,Yes,Month-to-month,Yes,Electronic check,95.45,95.45,Yes
5146-YYFRZ,,Yes,,,Two year,No,Bank transfer (automatic),,1311.75,No
1195-OIYEJ,Male,Yes,Fiber optic,Yes,Month-to-month,Yes,Electronic check,91.1,1135.7,Yes
5906-CVLHP,Female,Yes,DSL,No,One year,Yes,Credit card (automatic),54.15,2319.8,Yes
3452-SRFEG,Male,Yes,Fiber optic,No,Month-to-month,Yes,Bank transfer (automatic),74.6,3720.35,No
4070-OKWVH,Female,Yes,Fiber optic,Yes,Month-to-month,No,Bank transfer (automatic),94.6,5025.8,No
5297-MDOIR,Female,Yes,Fiber optic,No,One year,Yes,Credit card (automatic),81.15,5224.5,No
6369-MCAKO,Female,Yes,DSL,Yes,Two year,Yes,Bank transfer (automatic),89.05,6185.8,No
4926-UMJZD,Female,Yes,DSL,No,Month-to-month,Yes,Mailed check,49.2,1498.55,No
6848-HJTXY,Female,Yes,No,,Two year,No,Credit card (automatic),,1208.6,No
6341-AEVKX,Female,Yes,Fiber optic,Yes,One year,Yes,Electronic check,104.3,6613.65,No
4501-EQDRN,Female,Yes,Fiber optic,No,Month-to-month,No,Bank transfer (automatic),69.7,69.7,Yes
2990-HWIML,Female,Yes,Fiber optic,Yes,Month-to-month,Yes,Electronic check,89.5,573.3,Yes
0682-USIXD,Female,Yes,Fiber optic,Yes,Month-to-month,Yes,Electronic check,86.05,1818.9,No
6976-BWGLQ,,Yes,,,Two year,No,Bank transfer (automatic),,1787.35,No
7078-NVFAM,Female,No,DSL,No,Month-to-month,Yes,Electronic check,35.15,1051.05,No
8065-QBYTO,Female,Yes,Fiber optic,Yes,One year,Yes,Credit card (automatic),99.65,7181.25,No
2133-TSRRM,Female,Yes,Fiber optic,Yes,Month-to-month,Yes,Bank transfer (automatic),105.35,3688.6,No
7384-GHBPI,Male,No,DSL,No,Month-to-month,Yes,Electronic check,35.15,99.75,Yes
7603-USHJS,Male,Yes,Fiber optic,No,Month-to-month,Yes,Credit card (automatic),73.75,871.4,Yes
7234-FECYN,Female,Yes,Fiber optic,Yes,Month-to-month,No,Electronic check,101.35,780.5,Yes
2511-ALLCS,Female,Yes,No,No internet service,Two year,No,Bank transfer (automatic),24.3,821.6,No
3191-CSNMG,Female,Yes,Fiber optic,Yes,Month-to-month,Yes,Electronic check,80.7,239.45,No
7952-OBOYL,Male,Yes,Fiber optic,Yes,Month-to-month,Yes,Mailed check,89.85,244.45,No
7470-DYNOE,Male,Yes,DSL,No,One year,Yes,Electronic check,61.1,3357.9,No
7853-OETYL,Female,No,DSL,No,Month-to-month,Yes,Electronic check,29.05,129.6,No
1545-ACTAS,Female,Yes,Fiber optic,Yes,One year,Yes,Bank transfer (automatic),99.7,4977.2,No
5876-HZVZM,Female,Yes,DSL,No,Month-to-month,No,Credit card (automatic),55.9,365.35,Yes
1400-MMYXY,Male,Yes,Fiber optic,Yes,Month-to-month,Yes,Electronic check,105.9,334.65,Yes
5126-RCXYW,Male,No,DSL,No,Two year,No,Credit card (automatic),46,2424.05,No
3085-QUOZK,Female,Yes,DSL,No,Month-to-month,No,Mailed check,43.95,43.95,Yes
2363-BJLSL,Male,Yes,DSL,Yes,Month-to-month,Yes,Bank transfer (automatic),80.4,4981.15,No
1956-YIFGE,Male,Yes,Fiber optic,Yes,One year,Yes,Mailed check,100.05,2090.25,No
3926-CUQZX,Male,Yes,DSL,No,Month-to-month,Yes,Bank transfer (automatic),45.1,45.1,Yes
7921-LMDFQ,Male,Yes,Fiber optic,Yes,One year,Yes,Bank transfer (automatic),94,4905.75,No
2925-MXLSX,Female,Yes,DSL,,One year,Yes,Credit card (automatic),,2038.7,No
5820-PTRYM,Female,Yes,DSL,No,One year,Yes,Credit card (automatic),68.45,4014,No
9609-BENEA,Male,Yes,DSL,Yes,One year,Yes,Electronic check,69,2441.7,No
6211-WHMYA,Female,No,DSL,Yes,Month-to-month,Yes,Electronic check,43.85,2751,No
4459-BBGHE,Male,No,DSL,Yes,Month-to-month,Yes,Electronic check,44.5,1307.8,No
9945-PSVIP,Female,Yes,,,Two year,Yes,Mailed check,,383.65,No
1041-RXHRA,Female,Yes,Fiber optic,No,Month-to-month,No,Bank transfer (automatic),70.25,2868.05,Yes
1750-CSKKM,Male,Yes,DSL,Yes,Month-to-month,No,Electronic check,55.35,449.75,Yes
9108-EJFJP,Female,Yes,DSL,No,Month-to-month,Yes,Mailed check,53.55,53.55,No
0530-IJVDB,Male,Yes,Fiber optic,,Two year,Yes,Electronic check,,7882.5,No
0508-SQWPL,Female,Yes,No,No internet service,Two year,Yes,Bank transfer (automatic),20.1,1087.7,No
2215-ZAFGX,Male,Yes,Fiber optic,Yes,Month-to-month,Yes,Electronic check,85.5,791.7,No
8213-TAZPM,Female,Yes,Fiber optic,Yes,One year,Yes,Bank transfer (automatic),108.75,7493.05,No
7142-HVGBG,Male,Yes,Fiber optic,Yes,Month-to-month,Yes,Electronic check,103,4414.3,Yes
1304-SEGFY,Female,Yes,Fiber optic,Yes,Two year,Yes,Electronic check,97.85,6841.3,No
7242-EDTYC,Male,Yes,No,No internet service,Two year,No,Bank transfer (automatic),19.55,819.95,No
2904-GGUAZ,Female,Yes,Fiber optic,No,Two year,Yes,Bank transfer (automatic),84.05,6052.25,No
8267-ZNYVZ,Female,Yes,Fiber optic,Yes,One year,Yes,Electronic check,103.75,3361.05,Yes
5136-GFPMB,Male,Yes,Fiber optic,,Month-to-month,No,Credit card (automatic),,4869.5,No
2595-KIWPV,Male,Yes,No,No internet service,Two year,No,Credit card (automatic),19.7,509.3,No
5243-SAOTC,Male,Yes,Fiber optic,No,Month-to-month,Yes,Bank transfer (automatic),79.85,4308.25,No
9398-MMQTO,Male,Yes,Fiber optic,No,Month-to-month,No,Credit card (automatic),74.45,221.1,No
7619-PLRLP,Female,Yes,DSL,No,One year,No,Bank transfer (automatic),74.1,3833.95,No
6457-GIRWB,Male,Yes,Fiber optic,No,Month-to-month,Yes,Electronic check,69.35,69.35,Yes
6508-NJYRO,Male,Yes,No,No internet service,One year,No,Mailed check,18.8,294.95,No
1450-SKCVI,Female,Yes,Fiber optic,No,Month-to-month,Yes,Electronic check,73.85,4092.85,Yes
4710-NKCAW,,Yes,,,Month-to-month,No,Credit card (automatic),,316.9,No
5306-BVTKJ,Male,Yes,DSL,No,One year,Yes,Credit card (automatic),55.8,2651.2,No
0357-NVCRI,Female,Yes,No,No internet service,Month-to-month,No,Credit card (automatic),20.05,471.7,No
5570-PTWEH,Female,Yes,Fiber optic,No,Month-to-month,Yes,Credit card (automatic),75.15,216.75,Yes
2371-KFUOG,Male,Yes,Fiber optic,,One year,No,Bank transfer (automatic),,5720.95,No
0463-ZSDNT,Male,Yes,DSL,No,Month-to-month,Yes,Bank transfer (automatic),56.75,503.25,No
6502-MJQAE,,Yes,,,Month-to-month,Yes,Electronic check,,69.6,Yes
6257-DTAYD,Male,Yes,Fiber optic,Yes,Two year,Yes,Credit card (automatic),104.15,7365.3,No
4616-ULAOA,Female,Yes,Fiber optic,Yes,Two year,Yes,Credit card (automatic),110.8,7245.9,No
7693-LCKZL,Male,Yes,Fiber optic,No,Month-to-month,Yes,Electronic check,80.15,385,Yes
7746-AWNQW,Female,No,DSL,No,Month-to-month,Yes,Mailed check,35.75,961.4,No
5996-EBTKM,Female,Yes,DSL,No,Two year,Yes,Bank transfer (automatic),69.9,4615.9,No
2758-RNWXS,Male,Yes,Fiber optic,No,One year,Yes,Electronic check,89.2,3251.3,No
2314-TNDJQ,Female,No,,,Two year,No,Credit card (automatic),,3880.05,No
2405-LBMUW,Female,No,DSL,No,One year,Yes,Bank transfer (automatic),50.7,3088.75,No
3454-JFUBC,,Yes,,,Two year,Yes,Credit card (automatic),,1396,No
0032-PGELS,Female,No,DSL,No,Month-to-month,No,Bank transfer (automatic),30.5,30.5,Yes
9039-ZVJDC,Male,Yes,No,No internet service,Month-to-month,Yes,Mailed check,19.1,53.05,No
6797-LNAQX,Male,Yes,Fiber optic,Yes,Two year,No,Bank transfer (automatic),98.3,6859.5,Yes
9013-AQORL,Female,No,DSL,No,Month-to-month,No,Credit card (automatic),45.55,2108.35,No
2898-MRKPI,Male,Yes,Fiber optic,Yes,One year,Yes,Credit card (automatic),101.05,6770.5,No
2750-BJLSB,Female,Yes,Fiber optic,Yes,One year,Yes,Electronic check,103.7,4730.6,No
3648-GZPHF,Male,No,DSL,No,One year,Yes,Mailed check,36.25,1151.05,No
2075-RMJIK,Female,Yes,DSL,No,Month-to-month,Yes,Mailed check,49.4,232.55,No
9588-YRFHY,Male,Yes,No,No internet service,Two year,Yes,Credit card (automatic),19.9,1022.6,No
6394-MFYNG,Female,Yes,Fiber optic,Yes,Month-to-month,Yes,Bank transfer (automatic),107.4,5121.3,Yes
1564-NTYXF,Female,Yes,Fiber optic,No,Month-to-month,Yes,Electronic check,82,1127.2,Yes
9364-YKUVW,Male,Yes,No,No internet service,Month-to-month,Yes,Mailed check,19.8,309.4,No
5392-AKEMH,Female,Yes,DSL,,Month-to-month,Yes,Electronic check,,523.1,No
2451-YMUXS,Male,Yes,DSL,No,Two year,Yes,Bank transfer (automatic),64.55,4250.1,No
3914-FDRHP,Male,Yes,Fiber optic,Yes,Month-to-month,No,Electronic check,86.25,770.5,No
3078-ZKNTS,Female,Yes,No,,Two year,Yes,Bank transfer (automatic),,246.7,No
1024-KPRBB,Female,Yes,Fiber optic,Yes,One year,Yes,Mailed check,89.1,3342,No
4690-PKDQG,Female,Yes,Fiber optic,Yes,Month-to-month,Yes,Electronic check,95.55,3930.6,No
8155-IBNHG,Female,Yes,Fiber optic,No,Month-to-month,Yes,Credit card (automatic),75.4,1747.85,Yes
0886-QGENL,Female,Yes,Fiber optic,Yes,Month-to-month,Yes,Electronic check,101.25,2754.45,Yes
9547-ITEFG,Male,Yes,Fiber optic,Yes,Month-to-month,Yes,Credit card (automatic),102.6,897.75,No
1264-FUHCX,,No,,,One year,Yes,Credit card (automatic),,2780.6,No
7789-CRUVC,Female,Yes,Fiber optic,No,Month-to-month,Yes,Credit card (automatic),94.2,5895.45,No
6598-KELSS,Male,No,DSL,Yes,One year,Yes,Bank transfer (automatic),43.05,2208.05,No
8739-WWKDU,Male,Yes,Fiber optic,Yes,Month-to-month,Yes,Electronic check,89.5,2196.15,Yes
8685-WHQPW,Female,Yes,Fiber optic,No,Month-to-month,Yes,Bank transfer (automatic),74.4,1692.6,Yes
4745-LSPLO,Male,Yes,No,No internet service,Month-to-month,No,Mailed check,20.5,20.5,Yes
8083-YTZES,Male,Yes,,,Month-to-month,Yes,Electronic check,,265.35,Yes
7240-FQLHE,Female,Yes,Fiber optic,,Month-to-month,No,Bank transfer (automatic),,1836.25,Yes
6664-FPDAC,Female,Yes,Fiber optic,Yes,One year,Yes,Electronic check,111.95,6418.9,Yes
9972-VAFJJ,Female,Yes,Fiber optic,Yes,One year,Yes,Electronic check,94,4871.45,No
0422-UXFAP,Female,Yes,Fiber optic,Yes,One year,Yes,Electronic check,98.85,4947.55,No
1904-WAJAA,Female,Yes,DSL,No,Two year,No,Electronic check,64.35,1558.65,No
5130-YPIRV,Female,Yes,DSL,Yes,Two year,Yes,Credit card (automatic),72,4284.2,No
2843-CQMEG,Male,Yes,DSL,No,Month-to-month,Yes,Mailed check,49.7,1218.25,No
6439-PKTRR,Female,Yes,DSL,Yes,Two year,No,Electronic check,80.7,5617.95,No
5351-QESIO,Male,No,DSL,No,Month-to-month,No,Mailed check,24.2,24.2,No
0786-VSSUD,Male,No,DSL,Yes,Month-to-month,Yes,Mailed check,39,679.85,Yes
5568-DMXZS,Female,Yes,DSL,Yes,Month-to-month,Yes,Electronic check,65.45,554.45,No
8468-FZTOE,Female,Yes,DSL,No,Two year,Yes,Electronic check,74.35,5237.4,No
6633-SYEUS,Female,Yes,Fiber optic,,Month-to-month,No,Bank transfer (automatic),,2032.3,No
6447-GORXK,Male,No,DSL,,Month-to-month,No,Credit card (automatic),,789.2,No
6967-PEJLL,Male,No,DSL,No,One year,Yes,Electronic check,40.2,1525.35,No
3976-BWUCK,Female,Yes,Fiber optic,Yes,Month-to-month,Yes,Credit card (automatic),94.1,2804.45,Yes
5981-ZVXOT,Female,Yes,Fiber optic,Yes,One year,Yes,Electronic check,108.35,3726.15,No
1684-FLBGS,Female,Yes,DSL,Yes,Month-to-month,Yes,Credit card (automatic),69.5,1652.1,No
1389-WNUIB,Female,Yes,DSL,Yes,One year,No,Bank transfer (automatic),76,1588.75,No
0376-OIWME,Male,Yes,Fiber optic,Yes,Month-to-month,Yes,Electronic check,93.6,3366.05,No
3585-ISXZP,Female,Yes,Fiber optic,Yes,Month-to-month,No,Bank transfer (automatic),95.65,778.1,Yes
0218-QNVAS,Male,Yes,Fiber optic,Yes,One year,No,Bank transfer (automatic),100.55,7113.75,No
6583-QGCSI,,Yes,,,Month-to-month,Yes,Electronic check,,4367.35,Yes
0804-YGEQV,,Yes,,,One year,Yes,Bank transfer (automatic),,993.15,No
7164-BPTUT,Male,Yes,DSL,Yes,Two year,No,Mailed check,89.55,5012.35,No
4174-LPGTI,Female,Yes,DSL,No,One year,Yes,Bank transfer (automatic),66.5,2728.6,Yes
2523-EWWZL,Female,Yes,Fiber optic,No,Month-to-month,Yes,Electronic check,76.1,2093.4,No
0928-XUTSN,Female,Yes,Fiber optic,No,Month-to-month,Yes,Electronic check,80.5,1011.8,No
2108-XWMPY,Male,No,DSL,No,Month-to-month,Yes,Mailed check,35.45,106.85,Yes
0052-YNYOT,Female,Yes,No,No internet service,One year,No,Electronic check,20.55,1343.4,No
6304-IJFSQ,Male,Yes,DSL,No,Month-to-month,Yes,Mailed check,49.9,130.1,Yes
9586-JGQKH,Female,Yes,Fiber optic,Yes,Two year,Yes,Bank transfer (automatic),105.4,6794.75,No
4501-VCPFK,Male,No,DSL,No,Month-to-month,No,Electronic check,35.75,1022.5,No
6075-SLNIL,Male,Yes,Fiber optic,No,Month-to-month,Yes,Credit card (automatic),95.1,3691.2,No
9347-AERRL,Male,Yes,No,No internet service,One year,No,Credit card (automatic),19.3,486.2,No
0093-XWZFY,Male,Yes,Fiber optic,Yes,Month-to-month,Yes,Credit card (automatic),104.5,4036.85,Yes
2274-XUATA,Male,No,DSL,Yes,Two year,Yes,Bank transfer (automatic),63.1,4685.55,No
1980-KXVPM,Female,Yes,Fiber optic,No,Month-to-month,Yes,Credit card (automatic),75.05,256.25,Yes
7703-ZEKEF,Male,Yes,Fiber optic,No,Month-to-month,Yes,Electronic check,81,1917.1,Yes
0723-DRCLG,Female,Yes,Fiber optic,,Month-to-month,Yes,Electronic check,,74.45,Yes
5482-NUPNA,Female,Yes,DSL,No,Month-to-month,Yes,Mailed check,60.4,272.15,Yes
6691-CCIHA,Female,Yes,DSL,Yes,Two year,Yes,Electronic check,84.95,5150.55,No
1685-BQULA,Female,Yes,Fiber optic,Yes,Month-to-month,Yes,Bank transfer (automatic),93.4,3756.4,No
9053-EJUNL,Male,Yes,Fiber optic,Yes,Month-to-month,Yes,Electronic check,89.2,3645.75,No
0666-UXTJO,Male,Yes,Fiber optic,Yes,Month-to-month,Yes,Credit card (automatic),85.2,2874.45,No
1471-GIQKQ,Female,Yes,DSL,No,Month-to-month,No,Electronic check,49.95,49.95,No
4807-IZYOZ,Female,Yes,No,No internet service,Two year,No,Bank transfer (automatic),20.65,1020.75,No
1122-JWTJW,Male,Yes,Fiber optic,No,Month-to-month,Yes,Mailed check,70.65,70.65,Yes
9710-NJERN,Female,Yes,No,No internet service,Two year,No,Mailed check,20.15,826,No
9837-FWLCH,Male,Yes,No,No internet service,Month-to-month,Yes,Electronic check,19.2,239,No
1699-HPSBG,Male,Yes,DSL,Yes,One year,Yes,Electronic check,59.8,727.8,Yes
7203-OYKCT,Male,Yes,Fiber optic,Yes,One year,Yes,Electronic check,104.95,7544.3,No
1035-IPQPU,,Yes,,,Month-to-month,Yes,Electronic check,,6479.4,No
7398-LXGYX,Male,Yes,Fiber optic,No,Month-to-month,Yes,Credit card (automatic),84.8,3626.35,No
2823-LKABH,Female,Yes,,,Month-to-month,Yes,Bank transfer (automatic),,1679.4,No
8775-CEBBJ,Female,Yes,DSL,No,Month-to-month,Yes,Bank transfer (automatic),44.2,403.35,Yes
0550-DCXLH,Male,Yes,DSL,Yes,Month-to-month,No,Mailed check,73.35,931.55,No
9281-CEDRU,Female,Yes,DSL,Yes,Two year,No,Bank transfer (automatic),64.1,4326.25,No
2235-DWLJU,Female,No,DSL,Yes,Month-to-month,Yes,Electronic check,44.4,263.05,No
0871-OPBXW,Female,Yes,No,No internet service,Month-to-month,Yes,Mailed check,20.05,39.25,No
3605-JISKB,Male,Yes,DSL,No,One year,No,Credit card (automatic),60,3316.1,No
6894-LFHLY,Male,Yes,Fiber optic,No,Month-to-month,Yes,Electronic check,75.75,75.75,Yes
9767-FFLEM,Male,Yes,Fiber optic,No,Month-to-month,Yes,Credit card (automatic),69.5,2625.25,No
0639-TSIQW,,Yes,,,Month-to-month,Yes,Credit card (automatic),,6886.25,Yes
8456-QDAVC,Male,Yes,Fiber optic,Yes,Month-to-month,Yes,Bank transfer (automatic),78.7,1495.1,No
7750-EYXWZ,,No,,,One year,No,Electronic check,,743.3,No
2569-WGERO,,Yes,,,Two year,Yes,Bank transfer (automatic),,1419.4,No
6840-RESVB,Male,Yes,DSL,Yes,One year,Yes,Mailed check,84.8,1990.5,No
2234-XADUH,Female,Yes,Fiber optic,Yes,One year,Yes,Credit card (automatic),103.2,7362.9,No
4801-JZAZL,Female,No,DSL,No,Month-to-month,Yes,Electronic check,29.6,346.45,No
8361-LTMKD,Male,Yes,Fiber optic,No,Month-to-month,Yes,Mailed check,74.4,306.6,Yes
3186-AJIEK,Male,Yes,Fiber optic,Yes,Two year,Yes,Bank transfer (automatic),105.65,6844.5,No
